admission_id,patient_id,age,frailty_score,department,admission_date,length_of_stay,discharge_date,total_cost,medication_count,discharge_destination
A001451,P00000,66,0.36,Emergency,2024-10-22,9,2024-10-31,8471.48,5,Home Health Care
A004307,P00000,66,0.36,Emergency,2025-05-25,3,2025-05-28,2974.11,8,Home Health Care
A004610,P00000,66,0.36,Emergency,2025-09-02,3,2025-09-05,2909.64,5,Home
A005399,P00000,66,0.36,Neurology,2025-09-06,1,2025-09-07,1616.58,5,Home
A005412,P00000,66,0.36,General Surgery,2025-09-25,13,2025-10-08,17238.2,2,Against Medical Advice
A005604,P00000,66,0.36,Emergency,2025-10-18,3,2025-10-21,3225.43,4,Home
A003105,P00001,63,0.416,ICU,2024-09-30,4,2024-10-04,10502.54,8,Home
A003731,P00001,63,0.416,Cardiology,2024-10-26,4,2024-10-30,8382.75,5,Home
A004529,P00001,63,0.416,General Surgery,2025-02-05,3,2025-02-08,5534.23,8,Home
A007196,P00001,63,0.416,ICU,2025-03-27,1,2025-03-28,3112.87,5,Home Health Care
A007781,P00001,63,0.416,General Surgery,2025-09-16,5,2025-09-21,7789.63,6,Home Health Care
A007878,P00001,63,0.416,ICU,2026-01-05,4,2026-01-09,9717.91,7,Skilled Nursing Facility
A008377,P00001,63,0.416,Orthopedics,2026-04-05,1,2026-04-06,1106.24,3,Home
A000538,P00002,49,0.411,Emergency,2024-12-03,4,2024-12-07,4228.26,5,Home
A001644,P00002,49,0.411,Emergency,2025-03-08,9,2025-03-17,10114.67,2,Home
A005272,P00002,49,0.411,Emergency,2026-06-05,1,2026-06-06,945.83,4,Home
A005619,P00002,49,0.411,Orthopedics,2026-08-06,2,2026-08-08,2393.72,5,Skilled Nursing Facility
A006352,P00002,49,0.411,ICU,2026-08-24,1,2026-08-25,3024.43,2,Against Medical Advice
A002529,P00003,41,0.074,General Surgery,2024-11-25,1,2024-11-26,1654.01,3,Home
A003574,P00003,41,0.074,Orthopedics,2026-01-22,1,2026-01-23,1441.67,1,Home Health Care
A006941,P00003,41,0.074,Neurology,2026-02-04,10,2026-02-14,15895.92,1,Home
A005544,P00004,41,0.111,ICU,2024-11-20,2,2024-11-22,5184.21,6,Home Health Care
A005993,P00004,41,0.111,Neurology,2024-12-16,6,2024-12-22,9499.68,2,Home
A006460,P00004,41,0.111,ICU,2025-01-23,3,2025-01-26,7157.09,5,Home
A007114,P00004,41,0.111,General Surgery,2025-02-16,2,2025-02-18,2669.46,4,Against Medical Advice
A007226,P00004,41,0.111,Emergency,2025-07-15,2,2025-07-17,1850.45,2,Home
A008842,P00004,41,0.111,General Surgery,2025-12-14,1,2025-12-15,1648.07,6,Home
A008905,P00004,41,0.111,Emergency,2026-02-28,1,2026-03-01,910.46,6,Home
A009030,P00004,41,0.111,Emergency,2026-04-06,1,2026-04-07,1113.9,1,Against Medical Advice
A009197,P00004,41,0.111,ICU,2026-05-28,4,2026-06-01,9350.42,7,Home Health Care
A009326,P00004,41,0.111,Neurology,2026-06-13,17,2026-06-30,25428.11,3,Against Medical Advice
A009541,P00004,41,0.111,ICU,2026-07-11,4,2026-07-15,11903.31,4,Home Health Care
A009686,P00004,41,0.111,Emergency,2026-08-05,1,2026-08-06,1069.05,3,Home
A001722,P00005,68,0.177,Cardiology,2024-10-29,6,2024-11-04,11992.66,3,Home
A002800,P00005,68,0.177,Cardiology,2025-01-06,1,2025-01-07,1759.08,4,Skilled Nursing Facility
A003471,P00005,68,0.177,Emergency,2025-01-08,1,2025-01-09,911.51,5,Against Medical Advice
A005425,P00005,68,0.177,Emergency,2025-04-17,3,2025-04-20,3176.75,1,Home
A005765,P00005,68,0.177,Emergency,2026-08-05,3,2026-08-08,2789.03,4,Skilled Nursing Facility
A003371,P00006,47,0.321,Neurology,2024-10-20,4,2024-10-24,5937.25,8,Home
A003514,P00006,47,0.321,General Surgery,2024-12-15,8,2024-12-23,13529.98,5,Home
A004678,P00006,47,0.321,Emergency,2025-01-07,4,2025-01-11,3773.07,6,Home
A004996,P00006,47,0.321,Emergency,2025-10-13,3,2025-10-16,2459.91,8,Against Medical Advice
A005853,P00006,47,0.321,ICU,2025-10-26,2,2025-10-28,5914.41,5,Skilled Nursing Facility
A006550,P00006,47,0.321,Emergency,2025-11-24,1,2025-11-25,900.38,3,Home
A006710,P00006,47,0.321,General Surgery,2026-06-11,13,2026-06-24,17089.28,11,Home
A002903,P00007,55,0.543,Emergency,2025-02-10,1,2025-02-11,877.96,6,Skilled Nursing Facility
A004090,P00007,55,0.543,Neurology,2025-02-15,2,2025-02-17,3246.35,5,Skilled Nursing Facility
A006360,P00007,55,0.543,Neurology,2025-04-19,3,2025-04-22,3940.37,3,Home
A006617,P00007,55,0.543,General Surgery,2026-06-20,4,2026-06-24,5298.68,4,Skilled Nursing Facility
A006900,P00007,55,0.543,Neurology,2026-07-01,5,2026-07-06,7985.4,10,Skilled Nursing Facility
A007270,P00007,55,0.543,Emergency,2026-07-23,4,2026-07-27,4258.2,8,Skilled Nursing Facility
A007328,P00007,55,0.543,Neurology,2026-08-03,3,2026-08-06,4428.39,3,Home Health Care
A008468,P00007,55,0.543,Cardiology,2026-09-02,8,2026-09-10,17406.36,6,Home Health Care
A001772,P00008,34,0.273,Emergency,2024-10-16,3,2024-10-19,2528.45,11,Home
A001961,P00008,34,0.273,Neurology,2024-11-11,3,2024-11-14,4122.82,5,Home
A002446,P00008,34,0.273,ICU,2024-12-13,2,2024-12-15,5779.06,2,Home
A004349,P00008,34,0.273,Cardiology,2025-05-08,7,2025-05-15,12210.28,3,Home
A006953,P00008,34,0.273,ICU,2025-07-23,2,2025-07-25,5103.76,6,Home
A008525,P00008,34,0.273,ICU,2025-12-31,4,2026-01-04,11247.11,6,Home
A008874,P00008,34,0.273,Neurology,2026-08-26,1,2026-08-27,1541.9,7,Home
A002386,P00009,73,0.273,ICU,2025-01-10,2,2025-01-12,4394.44,4,Home
A005626,P00009,73,0.273,Emergency,2025-02-19,1,2025-02-20,1075.81,5,Home
A006463,P00009,73,0.273,ICU,2025-06-07,1,2025-06-08,2754.89,5,Home
A007118,P00009,73,0.273,Cardiology,2025-08-04,1,2025-08-05,1992.52,3,Home
A007842,P00009,73,0.273,Cardiology,2026-05-01,4,2026-05-05,8128.0,3,Home Health Care
A008100,P00009,73,0.273,Cardiology,2026-06-29,5,2026-07-04,10455.12,7,Skilled Nursing Facility
A003021,P00010,49,0.567,Emergency,2024-10-02,8,2024-10-10,7811.81,6,Skilled Nursing Facility
A003104,P00010,49,0.567,Neurology,2024-10-31,6,2024-11-06,7250.26,7,Home Health Care
A003563,P00010,49,0.567,Neurology,2024-12-24,8,2025-01-01,9896.55,8,Home
A007677,P00010,49,0.567,Emergency,2025-02-12,6,2025-02-18,5894.79,8,Home
A007765,P00010,49,0.567,General Surgery,2025-05-27,11,2025-06-07,14386.23,9,Against Medical Advice
A007832,P00010,49,0.567,Emergency,2025-07-01,12,2025-07-13,12312.78,8,Home
A008604,P00010,49,0.567,ICU,2026-01-15,4,2026-01-19,10218.47,2,Skilled Nursing Facility
A008733,P00010,49,0.567,Emergency,2026-02-09,1,2026-02-10,1100.15,7,Home Health Care
A008757,P00010,49,0.567,Neurology,2026-05-04,1,2026-05-05,1335.95,5,Home
A000879,P00011,60,0.133,General Surgery,2024-10-01,1,2024-10-02,1802.86,7,Home Health Care
A003435,P00011,60,0.133,Cardiology,2024-10-17,8,2024-10-25,17554.71,4,Home
A003456,P00011,60,0.133,General Surgery,2024-11-11,7,2024-11-18,11443.59,1,Home
A006804,P00011,60,0.133,ICU,2025-01-11,2,2025-01-13,4507.83,3,Home
A007282,P00011,60,0.133,ICU,2025-02-06,4,2025-02-10,12294.23,2,Home
A007918,P00011,60,0.133,Cardiology,2025-03-24,1,2025-03-25,2016.86,3,Home
A008818,P00011,60,0.133,Orthopedics,2025-04-12,1,2025-04-13,1279.31,7,Home
A008946,P00011,60,0.133,Orthopedics,2025-07-05,3,2025-07-08,4398.26,3,Home
A009332,P00011,60,0.133,Emergency,2026-04-22,1,2026-04-23,797.89,3,Home
A009405,P00011,60,0.133,Emergency,2026-07-16,5,2026-07-21,4473.1,4,Home
A001377,P00012,76,0.429,ICU,2024-10-17,14,2024-10-31,41027.38,5,Home
A005168,P00012,76,0.429,Emergency,2025-03-16,1,2025-03-17,1093.17,8,Home
A005475,P00012,76,0.429,Emergency,2025-06-27,7,2025-07-04,6887.31,9,Against Medical Advice
A005731,P00012,76,0.429,Cardiology,2025-08-11,2,2025-08-13,3462.73,5,Home
A005905,P00012,76,0.429,Neurology,2025-09-30,15,2025-10-15,23721.58,5,Home
A006421,P00012,76,0.429,Neurology,2025-11-04,6,2025-11-10,7954.07,8,Home
A006832,P00012,76,0.429,Cardiology,2026-02-11,1,2026-02-12,2168.11,7,Skilled Nursing Facility
A006860,P00012,76,0.429,Emergency,2026-05-05,4,2026-05-09,3969.71,8,Home
A007201,P00012,76,0.429,Emergency,2026-05-20,2,2026-05-22,1732.65,4,Home
A007684,P00012,76,0.429,Neurology,2026-07-01,1,2026-07-02,1331.66,3,Home
A000205,P00013,46,0.231,Cardiology,2024-11-18,10,2024-11-28,21403.3,10,Home
A000351,P00013,46,0.231,Emergency,2025-03-29,2,2025-03-31,2157.04,0,Home
A004803,P00013,46,0.231,Emergency,2025-04-04,10,2025-04-14,8258.67,8,Home
A005718,P00013,46,0.231,General Surgery,2025-08-31,9,2025-09-09,13656.54,4,Home Health Care
A007498,P00013,46,0.231,General Surgery,2025-10-05,5,2025-10-10,7399.51,5,Home
A007769,P00013,46,0.231,Cardiology,2025-12-08,2,2025-12-10,4107.45,4,Home
A007927,P00013,46,0.231,Neurology,2026-03-07,3,2026-03-10,4663.13,2,Home
A008751,P00013,46,0.231,Cardiology,2026-05-19,7,2026-05-26,12993.55,4,Home
A008779,P00013,46,0.231,Emergency,2026-09-02,4,2026-09-06,4472.32,2,Home
A001008,P00014,38,0.076,Orthopedics,2024-11-22,3,2024-11-25,4201.64,3,Home
A001009,P00014,38,0.076,General Surgery,2025-03-20,6,2025-03-26,10190.33,3,Home
A001590,P00014,38,0.076,Cardiology,2026-01-30,5,2026-02-04,10442.05,2,Home
A002643,P00014,38,0.076,Emergency,2026-09-23,2,2026-09-25,1867.48,2,Home Health Care
A003673,P00015,63,0.39,Emergency,2025-01-31,11,2025-02-11,11741.16,5,Home Health Care
A005188,P00015,63,0.39,Orthopedics,2025-03-04,1,2025-03-05,1258.88,8,Home Health Care
A005944,P00015,63,0.39,Emergency,2025-03-25,1,2025-03-26,796.6,4,Home
A006333,P00015,63,0.39,Orthopedics,2025-05-12,6,2025-05-18,7014.79,8,Home
A007869,P00015,63,0.39,Emergency,2025-06-29,1,2025-06-30,889.73,3,Home Health Care
A007929,P00015,63,0.39,Orthopedics,2025-07-13,1,2025-07-14,1260.56,7,Home Health Care
A008094,P00015,63,0.39,ICU,2025-08-22,6,2025-08-28,16874.69,6,Home
A008297,P00015,63,0.39,Emergency,2026-09-06,6,2026-09-12,6670.5,4,Skilled Nursing Facility
A000130,P00016,57,0.545,Emergency,2024-09-30,4,2024-10-04,3851.97,6,Home
A000469,P00016,57,0.545,Emergency,2025-11-18,2,2025-11-20,2166.82,6,Skilled Nursing Facility
A000531,P00016,57,0.545,General Surgery,2026-05-18,1,2026-05-19,1743.56,7,Home
A004287,P00016,57,0.545,Emergency,2026-07-23,5,2026-07-28,5449.65,4,Home Health Care
A004700,P00016,57,0.545,Emergency,2026-08-18,11,2026-08-29,10786.54,8,Skilled Nursing Facility
A005291,P00016,57,0.545,Cardiology,2026-09-08,1,2026-09-09,1924.61,10,Home Health Care
A006520,P00016,57,0.545,General Surgery,2026-09-15,24,2026-10-09,43493.36,7,Home Health Care
A002195,P00017,56,0.306,ICU,2025-02-14,20,2025-03-06,48896.02,2,Home
A002315,P00017,56,0.306,Emergency,2025-03-12,1,2025-03-13,1032.86,5,Home
A003541,P00017,56,0.306,Cardiology,2025-07-28,1,2025-07-29,2006.94,3,Home
A004602,P00018,54,0.407,Cardiology,2024-11-13,1,2024-11-14,1878.35,2,Home
A005267,P00018,54,0.407,Orthopedics,2024-11-15,1,2024-11-16,1445.46,8,Home
A005725,P00018,54,0.407,Emergency,2025-12-18,7,2025-12-25,7526.6,4,Home
A006353,P00018,54,0.407,Cardiology,2026-02-24,9,2026-03-05,16666.62,8,Home
A000415,P00019,71,0.184,Neurology,2025-02-10,19,2025-03-01,30885.7,2,Home
A000767,P00019,71,0.184,General Surgery,2025-03-24,7,2025-03-31,12783.64,6,Home Health Care
A002728,P00019,71,0.184,Emergency,2025-05-08,6,2025-05-14,5973.14,5,Home Health Care
A004642,P00019,71,0.184,Orthopedics,2025-06-15,7,2025-06-22,11269.47,1,Home Health Care
A005465,P00019,71,0.184,Emergency,2025-10-15,3,2025-10-18,2456.01,4,Home Health Care
A006106,P00019,71,0.184,ICU,2026-02-21,8,2026-03-01,21341.44,5,Home
A006678,P00019,71,0.184,Cardiology,2026-04-05,3,2026-04-08,6593.75,1,Skilled Nursing Facility
A006892,P00019,71,0.184,Neurology,2026-05-11,1,2026-05-12,1386.1,4,Skilled Nursing Facility
A007739,P00019,71,0.184,Neurology,2026-09-20,1,2026-09-21,1392.95,3,Home Health Care
A003072,P00020,74,0.204,Orthopedics,2025-01-09,2,2025-01-11,2624.35,7,Against Medical Advice
A005657,P00020,74,0.204,Orthopedics,2025-02-21,7,2025-02-28,10503.61,3,Home
A006174,P00020,74,0.204,Emergency,2026-04-29,3,2026-05-02,3366.72,5,Home Health Care
A006499,P00020,74,0.204,General Surgery,2026-05-19,6,2026-05-25,9125.96,6,Home
A006843,P00020,74,0.204,Emergency,2026-08-10,6,2026-08-16,5879.07,4,Home
A000378,P00021,61,0.186,ICU,2024-11-19,1,2024-11-20,2516.69,4,Home
A005757,P00021,61,0.186,Emergency,2025-01-22,9,2025-01-31,7157.23,1,Home Health Care
A006443,P00021,61,0.186,Neurology,2025-08-06,3,2025-08-09,3659.61,4,Home
A006660,P00021,61,0.186,General Surgery,2025-08-15,2,2025-08-17,3250.18,4,Home Health Care
A007036,P00021,61,0.186,ICU,2026-03-14,5,2026-03-19,12031.1,2,Home
A008176,P00021,61,0.186,Emergency,2026-08-07,1,2026-08-08,880.51,5,Home
A001487,P00022,63,0.679,Neurology,2025-01-16,4,2025-01-20,4928.7,7,Home
A002343,P00022,63,0.679,Cardiology,2025-01-21,2,2025-01-23,3972.27,4,Skilled Nursing Facility
A003489,P00022,63,0.679,Cardiology,2025-02-11,4,2025-02-15,8954.94,5,Home
A004381,P00022,63,0.679,Emergency,2025-04-13,7,2025-04-20,6845.97,7,Home
A005671,P00022,63,0.679,Cardiology,2025-07-13,2,2025-07-15,3487.13,8,Home
A006408,P00022,63,0.679,General Surgery,2026-07-09,7,2026-07-16,11314.69,6,Home
A006605,P00022,63,0.679,Cardiology,2026-08-20,2,2026-08-22,3727.84,7,Home
A000509,P00023,64,0.287,Cardiology,2024-12-04,2,2024-12-06,3826.82,2,Against Medical Advice
A000809,P00023,64,0.287,Orthopedics,2024-12-25,1,2024-12-26,1211.29,6,Home
A001236,P00023,64,0.287,Orthopedics,2025-02-07,2,2025-02-09,2336.28,1,Home Health Care
A003156,P00023,64,0.287,Orthopedics,2025-04-07,2,2025-04-09,2889.41,5,Home
A004252,P00023,64,0.287,General Surgery,2025-06-07,9,2025-06-16,14417.1,3,Home
A004308,P00023,64,0.287,Emergency,2025-08-13,3,2025-08-16,2703.61,1,Skilled Nursing Facility
A006946,P00023,64,0.287,Cardiology,2025-08-28,19,2025-09-16,35827.92,12,Home
A007517,P00023,64,0.287,General Surgery,2025-12-10,4,2025-12-14,7352.61,1,Home
A000490,P00024,91,0.291,Emergency,2024-09-25,6,2024-10-01,5027.35,7,Skilled Nursing Facility
A001074,P00024,91,0.291,Emergency,2025-02-13,5,2025-02-18,4002.33,3,Home
A002318,P00024,91,0.291,Neurology,2025-02-28,1,2025-03-01,1214.54,2,Home
A002398,P00024,91,0.291,General Surgery,2025-06-03,4,2025-06-07,6610.51,3,Home
A006823,P00024,91,0.291,Emergency,2025-07-11,5,2025-07-16,4096.29,9,Skilled Nursing Facility
A007142,P00024,91,0.291,Orthopedics,2025-07-23,1,2025-07-24,1123.26,2,Home
A007312,P00024,91,0.291,Orthopedics,2025-08-01,6,2025-08-07,9138.62,8,Home
A008718,P00024,91,0.291,Emergency,2025-09-12,10,2025-09-22,10951.19,3,Home
A009501,P00024,91,0.291,Emergency,2026-01-10,7,2026-01-17,6294.83,6,Home
A002243,P00025,27,0.125,Orthopedics,2024-11-03,6,2024-11-09,7491.5,2,Home
A003699,P00025,27,0.125,Cardiology,2024-12-07,3,2024-12-10,6555.39,4,Home Health Care
A004411,P00025,27,0.125,ICU,2025-06-23,2,2025-06-25,4881.75,3,Home Health Care
A005511,P00025,27,0.125,ICU,2026-09-04,1,2026-09-05,2382.95,2,Skilled Nursing Facility
A000858,P00026,54,0.277,Neurology,2025-01-10,4,2025-01-14,5619.04,0,Home
A000870,P00026,54,0.277,Emergency,2025-07-17,8,2025-07-25,6868.56,7,Home
A001786,P00026,54,0.277,Emergency,2025-08-18,10,2025-08-28,7827.34,4,Home
A002812,P00026,54,0.277,Neurology,2026-02-20,6,2026-02-26,7413.03,5,Skilled Nursing Facility
A003584,P00026,54,0.277,Cardiology,2026-03-06,6,2026-03-12,10570.86,9,Home
A003630,P00026,54,0.277,General Surgery,2026-07-05,1,2026-07-06,1375.01,1,Home
A004301,P00026,54,0.277,Cardiology,2026-08-26,3,2026-08-29,6626.97,8,Home
A002412,P00027,57,0.358,Cardiology,2024-12-20,13,2025-01-02,26625.7,4,Home Health Care
A005307,P00027,57,0.358,Neurology,2025-01-15,16,2025-01-31,27164.16,4,Skilled Nursing Facility
A006075,P00027,57,0.358,General Surgery,2025-02-26,6,2025-03-04,9117.16,8,Home
A006937,P00027,57,0.358,Neurology,2026-01-26,2,2026-01-28,3359.95,7,Home
A006957,P00027,57,0.358,Orthopedics,2026-06-12,8,2026-06-20,12968.09,3,Skilled Nursing Facility
A001920,P00028,83,0.126,Emergency,2024-12-04,1,2024-12-05,1037.1,4,Home
A002679,P00028,83,0.126,Emergency,2025-05-13,14,2025-05-27,15518.5,2,Home
A002816,P00028,83,0.126,General Surgery,2025-08-15,2,2025-08-17,2792.8,1,Home
A004173,P00028,83,0.126,Emergency,2025-12-27,1,2025-12-28,771.73,5,Home
A005262,P00028,83,0.126,Orthopedics,2026-04-25,4,2026-04-29,5984.38,7,Home
A005480,P00028,83,0.126,Emergency,2026-09-02,1,2026-09-03,839.32,2,Home
A005564,P00028,83,0.126,Emergency,2026-09-10,8,2026-09-18,8075.61,6,Home
A005057,P00029,59,0.162,Emergency,2024-11-02,2,2024-11-04,1910.75,2,Home Health Care
A006315,P00029,59,0.162,Emergency,2024-12-19,2,2024-12-21,1643.85,10,Home Health Care
A008061,P00029,59,0.162,Emergency,2025-04-15,9,2025-04-24,9073.89,4,Home
A008748,P00029,59,0.162,General Surgery,2025-10-06,3,2025-10-09,5538.37,6,Skilled Nursing Facility
A008930,P00029,59,0.162,Orthopedics,2025-12-07,6,2025-12-13,9401.72,4,Home
A009087,P00029,59,0.162,General Surgery,2026-01-10,1,2026-01-11,1827.65,4,Home
A009464,P00029,59,0.162,Emergency,2026-04-15,2,2026-04-17,2044.16,2,Home
A009601,P00029,59,0.162,General Surgery,2026-06-12,4,2026-06-16,5922.41,8,Home
A001164,P00030,30,0.229,Cardiology,2024-11-18,11,2024-11-29,21820.01,4,Home
A001307,P00030,30,0.229,Emergency,2024-12-09,1,2024-12-10,1038.28,6,Against Medical Advice
A003509,P00030,30,0.229,Emergency,2025-01-01,3,2025-01-04,2494.17,3,Home
A005828,P00030,30,0.229,Neurology,2026-03-24,5,2026-03-29,7801.69,3,Against Medical Advice
A006377,P00030,30,0.229,Orthopedics,2026-05-23,1,2026-05-24,1169.02,1,Home
A006411,P00030,30,0.229,ICU,2026-05-27,1,2026-05-28,2966.5,4,Home
A000273,P00031,41,0.174,Cardiology,2024-12-19,1,2024-12-20,1801.32,4,Home
A003229,P00031,41,0.174,Emergency,2025-03-17,3,2025-03-20,3033.47,2,Home
A005004,P00031,41,0.174,Neurology,2025-07-14,2,2025-07-16,2894.53,8,Skilled Nursing Facility
A005076,P00031,41,0.174,Emergency,2025-10-20,1,2025-10-21,903.09,5,Home
A000246,P00032,72,0.06,Cardiology,2024-10-20,10,2024-10-30,19918.73,6,Home
A001589,P00032,72,0.06,Emergency,2025-10-05,4,2025-10-09,3195.69,10,Home
A005071,P00032,72,0.06,General Surgery,2026-05-09,4,2026-05-13,6047.32,5,Home
A000283,P00033,100,0.236,Cardiology,2024-10-17,3,2024-10-20,5450.85,6,Skilled Nursing Facility
A004972,P00033,100,0.236,Emergency,2024-11-02,2,2024-11-04,1778.97,7,Home
A006883,P00033,100,0.236,Emergency,2025-01-11,5,2025-01-16,4608.83,3,Home Health Care
A007292,P00033,100,0.236,Neurology,2025-04-09,1,2025-04-10,1580.14,7,Home
A008273,P00033,100,0.236,Neurology,2025-06-10,1,2025-06-11,1494.17,4,Home
A008691,P00033,100,0.236,Cardiology,2026-09-04,5,2026-09-09,8879.09,6,Home Health Care
A000494,P00034,67,0.253,Orthopedics,2024-12-30,1,2024-12-31,1384.58,3,Home
A003820,P00034,67,0.253,ICU,2025-01-08,1,2025-01-09,3103.95,2,Skilled Nursing Facility
A004790,P00034,67,0.253,Emergency,2025-02-15,2,2025-02-17,2100.03,5,Home
A007370,P00034,67,0.253,Emergency,2025-03-07,1,2025-03-08,980.25,5,Home
A007638,P00034,67,0.253,Emergency,2026-02-14,1,2026-02-15,846.94,3,Home
A008438,P00034,67,0.253,Emergency,2026-02-18,7,2026-02-25,7352.87,5,Home
A008971,P00034,67,0.253,General Surgery,2026-07-09,4,2026-07-13,6142.81,3,Skilled Nursing Facility
A009547,P00034,67,0.253,ICU,2026-07-14,3,2026-07-17,6837.21,2,Skilled Nursing Facility
A009554,P00034,67,0.253,Orthopedics,2026-09-22,1,2026-09-23,1126.5,4,Home
A000301,P00035,79,0.387,Neurology,2024-10-18,3,2024-10-21,4506.84,5,Home Health Care
A004260,P00035,79,0.387,ICU,2024-12-28,7,2025-01-04,21389.78,8,Skilled Nursing Facility
A004732,P00035,79,0.387,Neurology,2025-05-12,1,2025-05-13,1360.4,11,Home Health Care
A004875,P00035,79,0.387,Emergency,2025-08-10,5,2025-08-15,4528.44,2,Home Health Care
A005293,P00035,79,0.387,Orthopedics,2025-09-24,4,2025-09-28,6083.19,5,Skilled Nursing Facility
A005575,P00035,79,0.387,Neurology,2025-11-13,2,2025-11-15,2387.44,6,Home
A006397,P00035,79,0.387,Cardiology,2026-05-23,11,2026-06-03,18765.78,6,Skilled Nursing Facility
A008161,P00035,79,0.387,General Surgery,2026-06-20,3,2026-06-23,4414.86,4,Home Health Care
A008977,P00035,79,0.387,Emergency,2026-08-24,4,2026-08-28,4369.9,4,Home
A002377,P00036,91,0.268,Orthopedics,2024-12-24,15,2025-01-08,17544.6,2,Home
A003271,P00036,91,0.268,Neurology,2025-05-25,7,2025-06-01,8850.78,5,Home
A004995,P00036,91,0.268,Emergency,2025-08-30,1,2025-08-31,1082.15,7,Against Medical Advice
A005269,P00036,91,0.268,Emergency,2025-12-17,3,2025-12-20,3055.02,9,Home
A006459,P00036,91,0.268,General Surgery,2025-12-30,7,2026-01-06,12786.1,7,Home
A006681,P00036,91,0.268,ICU,2026-04-02,1,2026-04-03,2648.46,4,Against Medical Advice
A008554,P00036,91,0.268,Cardiology,2026-06-01,5,2026-06-06,10157.85,5,Home
A002046,P00037,40,0.54,General Surgery,2024-12-21,3,2024-12-24,5378.2,12,Home
A006786,P00037,40,0.54,Orthopedics,2025-01-28,4,2025-02-01,4908.42,8,Home Health Care
A007195,P00037,40,0.54,Orthopedics,2025-03-08,6,2025-03-14,8562.55,4,Home
A007587,P00037,40,0.54,Neurology,2025-08-16,7,2025-08-23,8566.76,6,Home
A008053,P00037,40,0.54,ICU,2025-09-12,2,2025-09-14,5103.05,4,Home Health Care
A008453,P00037,40,0.54,Emergency,2025-10-11,1,2025-10-12,901.53,3,Home Health Care
A009034,P00037,40,0.54,Neurology,2026-02-18,7,2026-02-25,11736.2,4,Home
A000157,P00038,72,0.707,Neurology,2024-11-30,7,2024-12-07,12155.85,8,Home
A000949,P00038,72,0.707,Emergency,2025-03-22,3,2025-03-25,2737.9,16,Home Health Care
A001184,P00038,72,0.707,Orthopedics,2025-07-01,9,2025-07-10,12200.25,6,Home
A001758,P00038,72,0.707,Emergency,2025-10-10,5,2025-10-15,5182.09,10,Home Health Care
A002029,P00038,72,0.707,Neurology,2025-10-26,2,2025-10-28,2791.04,11,Home
A002163,P00038,72,0.707,Cardiology,2026-01-20,1,2026-01-21,1674.33,10,Against Medical Advice
A003626,P00038,72,0.707,Emergency,2026-02-14,18,2026-03-04,16761.17,7,Home
A004685,P00038,72,0.707,Emergency,2026-05-19,7,2026-05-26,7098.48,8,Home Health Care
A005558,P00038,72,0.707,Neurology,2026-07-22,3,2026-07-25,3986.58,6,Home Health Care
A006536,P00038,72,0.707,ICU,2026-09-24,8,2026-10-02,22363.51,7,Against Medical Advice
A003623,P00039,44,0.224,Emergency,2024-10-05,22,2024-10-27,18141.8,3,Home Health Care
A003796,P00039,44,0.224,ICU,2025-02-11,6,2025-02-17,16868.62,5,Home
A001094,P00040,58,0.659,General Surgery,2025-01-19,6,2025-01-25,10121.69,6,Home
A001867,P00040,58,0.659,ICU,2025-06-09,8,2025-06-17,18701.71,7,Skilled Nursing Facility
A002197,P00040,58,0.659,Emergency,2025-06-22,3,2025-06-25,2554.59,7,Home Health Care
A002439,P00040,58,0.659,Emergency,2025-07-27,6,2025-08-02,5573.67,10,Home
A002579,P00040,58,0.659,General Surgery,2025-12-27,4,2025-12-31,6372.2,7,Skilled Nursing Facility
A004237,P00040,58,0.659,General Surgery,2026-03-29,3,2026-04-01,4092.15,6,Skilled Nursing Facility
A006037,P00040,58,0.659,ICU,2026-04-05,4,2026-04-09,11052.4,9,Home Health Care
A007072,P00040,58,0.659,Emergency,2026-05-01,4,2026-05-05,3864.82,5,Home
A007756,P00040,58,0.659,Emergency,2026-07-13,1,2026-07-14,928.11,6,Home
A008469,P00040,58,0.659,Emergency,2026-08-14,21,2026-09-04,19302.54,2,Home Health Care
A000702,P00041,57,0.098,Emergency,2025-02-08,4,2025-02-12,3316.03,2,Against Medical Advice
A004093,P00041,57,0.098,Orthopedics,2025-03-23,1,2025-03-24,1434.39,5,Skilled Nursing Facility
A004141,P00041,57,0.098,Orthopedics,2025-04-03,3,2025-04-06,4719.09,6,Against Medical Advice
A005332,P00041,57,0.098,Emergency,2025-05-15,3,2025-05-18,2624.62,2,Home
A006166,P00041,57,0.098,Emergency,2026-07-24,3,2026-07-27,2901.15,4,Skilled Nursing Facility
A006490,P00041,57,0.098,Emergency,2026-08-28,17,2026-09-14,13610.98,4,Home Health Care
A002033,P00042,53,0.386,Cardiology,2024-10-25,1,2024-10-26,2092.55,7,Home Health Care
A003404,P00042,53,0.386,Emergency,2025-02-02,2,2025-02-04,1570.68,9,Home
A003519,P00042,53,0.386,Emergency,2025-02-28,4,2025-03-04,4278.37,4,Home Health Care
A004774,P00042,53,0.386,ICU,2025-03-08,2,2025-03-10,6088.6,5,Against Medical Advice
A004829,P00042,53,0.386,Cardiology,2025-03-26,10,2025-04-05,16024.6,8,Home
A005838,P00042,53,0.386,ICU,2025-07-14,8,2025-07-22,18125.11,5,Home Health Care
A006120,P00042,53,0.386,General Surgery,2025-09-25,7,2025-10-02,12767.87,2,Home
A006427,P00042,53,0.386,Orthopedics,2025-11-23,2,2025-11-25,3119.39,6,Home
A007675,P00042,53,0.386,Orthopedics,2026-07-02,2,2026-07-04,2433.85,5,Home
A001672,P00043,71,0.275,General Surgery,2024-12-29,1,2024-12-30,1662.68,4,Home
A004522,P00043,71,0.275,Neurology,2025-03-27,6,2025-04-02,7932.41,3,Skilled Nursing Facility
A005663,P00043,71,0.275,ICU,2025-04-28,10,2025-05-08,21534.39,3,Skilled Nursing Facility
A005694,P00043,71,0.275,General Surgery,2025-06-11,2,2025-06-13,3372.44,3,Home
A007774,P00043,71,0.275,Cardiology,2025-07-18,1,2025-07-19,1568.28,3,Home
A008236,P00043,71,0.275,Cardiology,2025-12-26,10,2026-01-05,17942.17,7,Home
A002678,P00044,61,0.078,ICU,2024-10-14,4,2024-10-18,10989.68,2,Home
A003396,P00044,61,0.078,Emergency,2025-03-16,1,2025-03-17,1041.48,0,Home
A004982,P00044,61,0.078,Emergency,2025-11-16,5,2025-11-21,3952.45,2,Skilled Nursing Facility
A005562,P00044,61,0.078,Emergency,2025-12-28,4,2026-01-01,4443.06,2,Home
A006073,P00044,61,0.078,General Surgery,2026-02-16,7,2026-02-23,12929.02,2,Skilled Nursing Facility
A006195,P00044,61,0.078,Emergency,2026-08-22,8,2026-08-30,8796.96,6,Home
A001831,P00045,89,0.401,Emergency,2025-02-12,13,2025-02-25,10429.18,8,Home
A003148,P00045,89,0.401,Cardiology,2025-07-24,4,2025-07-28,8324.44,3,Skilled Nursing Facility
A004215,P00045,89,0.401,Neurology,2025-08-07,5,2025-08-12,6866.79,2,Home
A006504,P00045,89,0.401,General Surgery,2025-10-06,4,2025-10-10,6907.91,6,Skilled Nursing Facility
A007128,P00045,89,0.401,ICU,2026-01-10,8,2026-01-18,22760.09,13,Home
A007215,P00045,89,0.401,Emergency,2026-03-27,2,2026-03-29,1733.49,6,Home
A007351,P00045,89,0.401,Emergency,2026-08-06,9,2026-08-15,8809.47,7,Skilled Nursing Facility
A007872,P00045,89,0.401,Neurology,2026-09-15,9,2026-09-24,15268.35,6,Home
A004313,P00046,77,0.332,General Surgery,2024-12-08,6,2024-12-14,10643.58,6,Home
A004583,P00046,77,0.332,Neurology,2025-06-12,4,2025-06-16,6463.51,5,Home
A005287,P00046,77,0.332,General Surgery,2026-01-19,3,2026-01-22,4849.83,3,Home
A005415,P00046,77,0.332,Emergency,2026-03-29,4,2026-04-02,3492.33,4,Home
A006214,P00046,77,0.332,Orthopedics,2026-06-16,3,2026-06-19,4334.76,7,Home
A006556,P00046,77,0.332,General Surgery,2026-08-24,1,2026-08-25,1826.49,5,Home
A002092,P00047,47,0.114,ICU,2024-12-25,1,2024-12-26,2722.68,5,Home Health Care
A003660,P00047,47,0.114,General Surgery,2025-02-06,2,2025-02-08,3137.91,7,Home
A005066,P00047,47,0.114,Neurology,2025-02-10,4,2025-02-14,6396.08,5,Home Health Care
A005265,P00047,47,0.114,Emergency,2025-07-15,5,2025-07-20,4237.66,4,Home Health Care
A005405,P00047,47,0.114,Orthopedics,2025-10-11,5,2025-10-16,5710.51,4,Home
A006155,P00047,47,0.114,General Surgery,2025-11-01,4,2025-11-05,5633.7,8,Skilled Nursing Facility
A006628,P00047,47,0.114,Cardiology,2025-12-01,1,2025-12-02,1877.64,2,Home Health Care
A007017,P00047,47,0.114,Orthopedics,2026-04-06,2,2026-04-08,2369.69,3,Home
A007152,P00047,47,0.114,Neurology,2026-09-22,6,2026-09-28,7944.57,6,Home
A000536,P00048,75,0.506,Cardiology,2024-11-12,3,2024-11-15,5440.34,7,Home
A001527,P00048,75,0.506,Orthopedics,2025-07-10,7,2025-07-17,8476.9,8,Home
A002956,P00048,75,0.506,Orthopedics,2026-09-10,2,2026-09-12,2777.12,7,Home
A002225,P00049,30,0.187,Orthopedics,2024-10-11,9,2024-10-20,10347.57,2,Home Health Care
A003780,P00049,30,0.187,ICU,2024-12-24,2,2024-12-26,4518.32,5,Home Health Care
A004898,P00049,30,0.187,Orthopedics,2025-01-29,1,2025-01-30,1323.53,2,Home
A006685,P00049,30,0.187,Emergency,2026-03-24,1,2026-03-25,802.36,9,Skilled Nursing Facility
A008002,P00049,30,0.187,Neurology,2026-05-26,2,2026-05-28,3215.26,3,Skilled Nursing Facility
A008859,P00049,30,0.187,Emergency,2026-06-02,6,2026-06-08,4841.88,6,Home
A002138,P00050,70,0.1,Orthopedics,2024-10-05,4,2024-10-09,4476.11,6,Home Health Care
A002772,P00050,70,0.1,Cardiology,2024-11-05,3,2024-11-08,6159.16,3,Home
A003678,P00050,70,0.1,Neurology,2024-11-24,1,2024-11-25,1505.74,4,Skilled Nursing Facility
A004361,P00050,70,0.1,ICU,2025-03-17,5,2025-03-22,11961.01,3,Home
A005582,P00050,70,0.1,Emergency,2025-07-31,9,2025-08-09,8819.4,2,Home
A008370,P00050,70,0.1,Emergency,2025-10-09,2,2025-10-11,1817.18,4,Skilled Nursing Facility
A009447,P00050,70,0.1,Orthopedics,2026-01-23,2,2026-01-25,3077.14,5,Skilled Nursing Facility
A009651,P00050,70,0.1,Neurology,2026-02-19,3,2026-02-22,4586.4,4,Home Health Care
A009657,P00050,70,0.1,Orthopedics,2026-05-28,2,2026-05-30,2375.38,2,Home
A001327,P00051,51,0.125,Cardiology,2024-11-21,2,2024-11-23,3683.44,2,Home
A001398,P00051,51,0.125,Emergency,2025-02-18,5,2025-02-23,4070.44,3,Skilled Nursing Facility
A004276,P00051,51,0.125,ICU,2025-07-15,2,2025-07-17,5021.85,7,Skilled Nursing Facility
A005821,P00051,51,0.125,Neurology,2025-07-31,5,2025-08-05,8475.29,2,Skilled Nursing Facility
A006314,P00051,51,0.125,Emergency,2025-09-03,5,2025-09-08,4131.16,5,Home
A007023,P00051,51,0.125,Orthopedics,2025-10-12,1,2025-10-13,1489.08,8,Skilled Nursing Facility
A007053,P00051,51,0.125,Emergency,2025-10-26,5,2025-10-31,5252.05,2,Home Health Care
A007334,P00051,51,0.125,Emergency,2026-04-02,8,2026-04-10,8737.65,6,Home
A005317,P00052,58,0.104,ICU,2024-12-07,4,2024-12-11,9391.68,6,Home
A005581,P00052,58,0.104,Emergency,2024-12-16,4,2024-12-20,4252.34,3,Home
A007696,P00052,58,0.104,Emergency,2025-10-05,3,2025-10-08,2970.27,2,Skilled Nursing Facility
A008632,P00052,58,0.104,General Surgery,2025-10-12,5,2025-10-17,7931.22,5,Home
A009377,P00052,58,0.104,Orthopedics,2025-11-02,1,2025-11-03,1486.2,3,Home
A001964,P00053,72,0.034,General Surgery,2024-10-14,6,2024-10-20,10873.13,4,Against Medical Advice
A003294,P00053,72,0.034,ICU,2025-03-17,2,2025-03-19,4456.28,6,Home
A004083,P00053,72,0.034,Emergency,2025-10-04,1,2025-10-05,1080.32,3,Home
A006358,P00053,72,0.034,Orthopedics,2026-08-28,5,2026-09-02,7178.58,7,Home
A000020,P00054,43,0.323,General Surgery,2024-11-22,3,2024-11-25,5521.7,5,Home
A003810,P00054,43,0.323,Neurology,2025-01-12,4,2025-01-16,6581.9,3,Home Health Care
A003837,P00054,43,0.323,General Surgery,2025-06-04,8,2025-06-12,12233.64,5,Skilled Nursing Facility
A005018,P00054,43,0.323,ICU,2025-07-02,1,2025-07-03,2544.5,1,Home
A005281,P00054,43,0.323,ICU,2026-06-30,1,2026-07-01,3027.11,3,Home
A005951,P00054,43,0.323,General Surgery,2026-09-19,1,2026-09-20,1464.15,4,Home
A005099,P00055,87,0.249,Emergency,2024-10-19,7,2024-10-26,6265.78,3,Home
A005728,P00055,87,0.249,Emergency,2024-12-24,2,2024-12-26,2158.72,8,Home
A005941,P00055,87,0.249,Emergency,2025-01-29,1,2025-01-30,1103.91,2,Home
A006308,P00055,87,0.249,Emergency,2025-03-27,1,2025-03-28,900.0,5,Home Health Care
A007462,P00055,87,0.249,ICU,2025-08-29,16,2025-09-14,41157.26,2,Skilled Nursing Facility
A007666,P00055,87,0.249,General Surgery,2025-09-27,9,2025-10-06,14460.97,5,Home
A007906,P00055,87,0.249,General Surgery,2026-03-28,2,2026-03-30,2981.79,1,Against Medical Advice
A008171,P00055,87,0.249,General Surgery,2026-04-17,3,2026-04-20,3926.31,2,Home
A001902,P00056,35,0.363,Emergency,2024-12-30,4,2025-01-03,3104.89,5,Home Health Care
A004938,P00056,35,0.363,Orthopedics,2025-05-10,22,2025-06-01,33296.55,3,Home Health Care
A005353,P00056,35,0.363,Cardiology,2025-08-05,4,2025-08-09,8522.03,4,Home
A008514,P00056,35,0.363,General Surgery,2026-01-12,2,2026-01-14,3666.26,7,Home
A002389,P00057,87,0.092,Emergency,2024-12-04,29,2025-01-02,26422.38,3,Home
A004374,P00057,87,0.092,General Surgery,2025-04-16,5,2025-04-21,8108.19,2,Against Medical Advice
A004847,P00057,87,0.092,Emergency,2025-07-22,6,2025-07-28,5381.49,2,Home Health Care
A004953,P00057,87,0.092,General Surgery,2025-09-03,2,2025-09-05,3336.77,5,Home Health Care
A005848,P00057,87,0.092,Emergency,2025-11-16,3,2025-11-19,2747.53,2,Home
A006465,P00057,87,0.092,Orthopedics,2026-05-21,1,2026-05-22,1429.83,9,Skilled Nursing Facility
A006555,P00057,87,0.092,Emergency,2026-09-08,7,2026-09-15,7673.63,2,Home
A000108,P00058,65,0.384,ICU,2025-01-18,8,2025-01-26,18773.18,6,Skilled Nursing Facility
A002832,P00058,65,0.384,Cardiology,2025-08-17,3,2025-08-20,6103.38,3,Home
A003984,P00058,65,0.384,Emergency,2026-01-03,3,2026-01-06,2476.13,10,Home
A004008,P00058,65,0.384,Emergency,2026-04-17,6,2026-04-23,5559.01,4,Home
A008083,P00058,65,0.384,Emergency,2026-05-22,5,2026-05-27,5609.55,6,Skilled Nursing Facility
A008541,P00058,65,0.384,Cardiology,2026-08-11,10,2026-08-21,17236.96,5,Home
A000395,P00059,41,0.357,Emergency,2024-12-26,14,2025-01-09,13681.11,6,Skilled Nursing Facility
A001379,P00059,41,0.357,Emergency,2025-03-25,1,2025-03-26,1061.49,6,Home
A002516,P00059,41,0.357,Cardiology,2025-04-23,5,2025-04-28,8541.74,4,Skilled Nursing Facility
A003552,P00059,41,0.357,Cardiology,2025-05-14,3,2025-05-17,4609.24,6,Home
A004382,P00059,41,0.357,Emergency,2025-06-26,8,2025-07-04,7498.0,3,Home
A006820,P00059,41,0.357,Emergency,2025-07-05,2,2025-07-07,1991.64,9,Skilled Nursing Facility
A009276,P00059,41,0.357,Emergency,2025-08-11,3,2025-08-14,3214.9,2,Home
A009578,P00059,41,0.357,General Surgery,2026-06-16,9,2026-06-25,13928.51,6,Home
A000329,P00060,50,0.277,Orthopedics,2024-11-04,2,2024-11-06,2533.86,5,Home Health Care
A000513,P00060,50,0.277,General Surgery,2024-11-30,3,2024-12-03,5011.43,2,Home
A001282,P00060,50,0.277,Emergency,2025-01-28,3,2025-01-31,3302.59,7,Skilled Nursing Facility
A001800,P00060,50,0.277,ICU,2025-02-28,2,2025-03-02,6211.05,1,Home
A002072,P00060,50,0.277,Neurology,2025-06-12,13,2025-06-25,20285.67,7,Home Health Care
A002484,P00060,50,0.277,Orthopedics,2025-09-04,7,2025-09-11,8633.09,8,Home
A003933,P00060,50,0.277,Emergency,2026-02-10,2,2026-02-12,1637.62,5,Skilled Nursing Facility
A007409,P00060,50,0.277,Orthopedics,2026-06-01,4,2026-06-05,4721.49,7,Home
A002971,P00061,100,0.108,Neurology,2024-12-27,3,2024-12-30,4459.84,3,Home
A005206,P00061,100,0.108,General Surgery,2025-05-29,1,2025-05-30,1461.43,7,Home
A008092,P00061,100,0.108,Orthopedics,2025-08-18,7,2025-08-25,8575.46,6,Home
A008193,P00061,100,0.108,Emergency,2026-06-06,7,2026-06-13,7475.43,3,Home Health Care
A004925,P00062,59,0.424,Orthopedics,2024-12-23,3,2024-12-26,4286.55,5,Home
A005012,P00062,59,0.424,Emergency,2025-03-17,4,2025-03-21,3958.94,7,Home
A005456,P00062,59,0.424,Orthopedics,2025-10-23,1,2025-10-24,1496.26,8,Home Health Care
A005459,P00062,59,0.424,Neurology,2025-11-02,4,2025-11-06,5815.06,2,Home
A007089,P00062,59,0.424,Orthopedics,2026-02-17,2,2026-02-19,2711.96,6,Home
A008422,P00062,59,0.424,Emergency,2026-07-09,1,2026-07-10,915.33,5,Home Health Care
A000561,P00063,81,0.037,Emergency,2024-11-16,1,2024-11-17,849.44,2,Skilled Nursing Facility
A000918,P00063,81,0.037,Neurology,2025-03-26,8,2025-04-03,13330.03,7,Home
A001389,P00063,81,0.037,General Surgery,2026-04-16,4,2026-04-20,5246.66,5,Home
A001462,P00063,81,0.037,Cardiology,2026-05-03,5,2026-05-08,10894.52,4,Home Health Care
A001150,P00064,46,0.453,General Surgery,2024-12-01,5,2024-12-06,7876.62,8,Skilled Nursing Facility
A001393,P00064,46,0.453,General Surgery,2025-03-19,1,2025-03-20,1278.87,6,Home
A004316,P00064,46,0.453,Emergency,2025-06-15,3,2025-06-18,2555.54,5,Skilled Nursing Facility
A004848,P00064,46,0.453,ICU,2025-08-30,2,2025-09-01,6016.46,6,Home
A004990,P00064,46,0.453,Orthopedics,2025-09-25,6,2025-10-01,9252.11,7,Home
A005113,P00064,46,0.453,Emergency,2025-12-19,1,2025-12-20,856.86,2,Home
A005309,P00064,46,0.453,Emergency,2026-01-20,1,2026-01-21,1004.54,9,Home
A002331,P00065,46,0.153,Emergency,2024-10-12,1,2024-10-13,918.82,3,Home
A002967,P00065,46,0.153,ICU,2025-03-14,2,2025-03-16,5812.05,9,Home
A003667,P00065,46,0.153,Cardiology,2026-06-24,10,2026-07-04,21925.47,0,Home
A000072,P00066,63,0.125,Orthopedics,2024-11-06,3,2024-11-09,4291.94,3,Home Health Care
A001349,P00066,63,0.125,Orthopedics,2025-01-08,9,2025-01-17,13487.14,6,Skilled Nursing Facility
A004369,P00066,63,0.125,Neurology,2025-02-27,6,2025-03-05,9891.27,4,Home
A007692,P00066,63,0.125,Emergency,2025-05-08,3,2025-05-11,2805.24,6,Home
A007884,P00066,63,0.125,General Surgery,2025-06-22,11,2025-07-03,19034.59,2,Home Health Care
A002835,P00067,25,0.083,Cardiology,2025-02-07,14,2025-02-21,22311.96,3,Home
A003784,P00067,25,0.083,Emergency,2025-03-05,1,2025-03-06,829.0,4,Skilled Nursing Facility
A004617,P00067,25,0.083,General Surgery,2025-03-22,3,2025-03-25,5142.85,5,Home
A005327,P00067,25,0.083,ICU,2025-05-25,4,2025-05-29,10095.48,1,Home
A005418,P00067,25,0.083,Emergency,2026-04-12,1,2026-04-13,1045.2,3,Home Health Care
A006007,P00067,25,0.083,ICU,2026-07-20,4,2026-07-24,9745.8,2,Home Health Care
A000628,P00068,54,0.548,General Surgery,2024-11-25,25,2024-12-20,32548.64,4,Home
A001156,P00068,54,0.548,Cardiology,2025-02-25,1,2025-02-26,1693.77,5,Home Health Care
A005198,P00068,54,0.548,General Surgery,2025-03-06,13,2025-03-19,23268.63,8,Home Health Care
A008056,P00068,54,0.548,Neurology,2025-03-29,4,2025-04-02,6149.84,6,Home
A008179,P00068,54,0.548,Emergency,2025-04-04,1,2025-04-05,765.35,7,Home Health Care
A009064,P00068,54,0.548,Neurology,2025-11-13,11,2025-11-24,15525.83,5,Home Health Care
A009161,P00068,54,0.548,Emergency,2026-09-24,2,2026-09-26,1656.13,2,Home Health Care
A003493,P00069,58,0.335,Orthopedics,2024-11-04,7,2024-11-11,7781.55,3,Home Health Care
A006034,P00069,58,0.335,Cardiology,2025-02-11,7,2025-02-18,14146.98,9,Home Health Care
A006342,P00069,58,0.335,Emergency,2025-02-21,4,2025-02-25,3478.87,4,Home
A006665,P00069,58,0.335,Cardiology,2026-04-15,2,2026-04-17,4455.48,4,Home Health Care
A006849,P00069,58,0.335,General Surgery,2026-06-07,2,2026-06-09,3386.69,7,Home
A007040,P00069,58,0.335,ICU,2026-08-07,2,2026-08-09,5379.61,4,Home
A007896,P00069,58,0.335,Cardiology,2026-08-26,6,2026-09-01,9544.66,6,Home
A002538,P00070,52,0.279,Orthopedics,2025-01-20,3,2025-01-23,3954.33,3,Home
A002987,P00070,52,0.279,Emergency,2025-04-05,6,2025-04-11,4605.08,4,Home
A003321,P00070,52,0.279,Emergency,2026-02-24,9,2026-03-05,9775.45,4,Home
A003540,P00070,52,0.279,General Surgery,2026-05-19,5,2026-05-24,7836.13,0,Home
A006283,P00070,52,0.279,Emergency,2026-07-05,5,2026-07-10,4670.5,6,Home
A000656,P00071,92,0.551,Neurology,2024-12-30,4,2025-01-03,6505.71,8,Skilled Nursing Facility
A002588,P00071,92,0.551,ICU,2025-02-05,4,2025-02-09,11302.89,8,Home
A006304,P00071,92,0.551,Cardiology,2025-02-16,5,2025-02-21,9023.1,4,Home
A007097,P00071,92,0.551,General Surgery,2025-03-19,3,2025-03-22,5605.15,7,Skilled Nursing Facility
A008960,P00071,92,0.551,Emergency,2025-07-26,5,2025-07-31,4281.73,8,Home Health Care
A009266,P00071,92,0.551,Emergency,2025-08-16,13,2025-08-29,13373.94,5,Skilled Nursing Facility
A009391,P00071,92,0.551,Orthopedics,2025-11-02,1,2025-11-03,1314.65,3,Home Health Care
A009413,P00071,92,0.551,Neurology,2026-02-03,3,2026-02-06,4455.81,4,Home Health Care
A009483,P00071,92,0.551,Emergency,2026-02-21,7,2026-02-28,6947.38,4,Home
A009553,P00071,92,0.551,Emergency,2026-06-14,8,2026-06-22,7408.36,6,Skilled Nursing Facility
A000523,P00072,36,0.315,Neurology,2024-12-02,1,2024-12-03,1310.4,1,Skilled Nursing Facility
A003838,P00072,36,0.315,Emergency,2025-05-04,1,2025-05-05,1120.99,7,Home
A003857,P00072,36,0.315,Emergency,2025-07-13,6,2025-07-19,6647.28,6,Home Health Care
A004379,P00072,36,0.315,General Surgery,2025-07-31,5,2025-08-05,6496.74,3,Home
A008741,P00072,36,0.315,Orthopedics,2025-08-07,3,2025-08-10,4838.02,3,Home
A009065,P00072,36,0.315,Orthopedics,2025-12-08,6,2025-12-14,9252.84,3,Home
A000818,P00073,45,0.189,Neurology,2025-02-13,5,2025-02-18,8386.4,7,Home
A001355,P00073,45,0.189,ICU,2025-07-08,1,2025-07-09,2594.65,6,Home
A001564,P00073,45,0.189,Cardiology,2025-08-02,1,2025-08-03,2230.85,3,Home Health Care
A003212,P00073,45,0.189,General Surgery,2025-10-19,1,2025-10-20,1302.37,2,Home
A003216,P00073,45,0.189,Neurology,2025-12-26,15,2026-01-10,19792.05,2,Home
A006512,P00073,45,0.189,Orthopedics,2026-01-26,8,2026-02-03,11698.24,7,Home
A006922,P00073,45,0.189,ICU,2026-02-17,2,2026-02-19,5805.71,8,Home Health Care
A007387,P00073,45,0.189,Cardiology,2026-05-04,1,2026-05-05,1752.36,6,Home
A007483,P00073,45,0.189,ICU,2026-06-17,3,2026-06-20,8920.66,6,Skilled Nursing Facility
A007947,P00073,45,0.189,Orthopedics,2026-08-01,2,2026-08-03,3075.49,4,Home Health Care
A000190,P00074,55,0.239,Emergency,2024-11-19,1,2024-11-20,1031.08,6,Home
A001403,P00074,55,0.239,Neurology,2024-12-09,6,2024-12-15,9568.11,1,Home Health Care
A002296,P00074,55,0.239,Cardiology,2025-03-29,2,2025-03-31,3229.58,7,Skilled Nursing Facility
A006216,P00074,55,0.239,ICU,2025-04-22,1,2025-04-23,2961.84,5,Home Health Care
A007299,P00074,55,0.239,Neurology,2025-10-20,2,2025-10-22,2791.14,9,Home Health Care
A007979,P00074,55,0.239,Emergency,2025-11-04,2,2025-11-06,1992.76,1,Home Health Care
A008158,P00074,55,0.239,Emergency,2026-04-05,7,2026-04-12,7154.53,3,Skilled Nursing Facility
A008429,P00074,55,0.239,Orthopedics,2026-04-26,3,2026-04-29,4623.88,4,Home
A009372,P00074,55,0.239,Neurology,2026-05-12,5,2026-05-17,6529.29,11,Against Medical Advice
A009506,P00074,55,0.239,Neurology,2026-06-05,4,2026-06-09,6081.15,10,Home
A009526,P00074,55,0.239,Emergency,2026-07-19,4,2026-07-23,3088.3,6,Skilled Nursing Facility
A002026,P00075,50,0.343,Neurology,2024-12-16,6,2024-12-22,9355.78,2,Home
A002076,P00075,50,0.343,Orthopedics,2025-03-24,8,2025-04-01,12918.37,6,Home Health Care
A003603,P00075,50,0.343,Neurology,2025-12-05,1,2025-12-06,1322.06,2,Home
A005095,P00075,50,0.343,Emergency,2026-03-31,3,2026-04-03,2797.82,4,Home
A006193,P00075,50,0.343,Cardiology,2026-06-07,2,2026-06-09,4175.39,2,Home
A000674,P00076,62,0.496,Cardiology,2024-10-08,5,2024-10-13,9233.35,5,Home
A003008,P00076,62,0.496,Emergency,2025-06-19,2,2025-06-21,1993.07,4,Skilled Nursing Facility
A005557,P00076,62,0.496,ICU,2026-03-09,2,2026-03-11,5816.29,3,Home Health Care
A007262,P00076,62,0.496,General Surgery,2026-07-15,3,2026-07-18,5619.11,4,Home
A007731,P00076,62,0.496,ICU,2026-09-17,4,2026-09-21,11740.04,3,Home
A000597,P00077,46,0.434,ICU,2024-11-21,4,2024-11-25,11790.14,11,Home
A001479,P00077,46,0.434,Neurology,2025-03-02,1,2025-03-03,1206.35,7,Home Health Care
A002845,P00077,46,0.434,General Surgery,2025-06-14,6,2025-06-20,8342.05,5,Home
A003180,P00077,46,0.434,Emergency,2026-03-16,2,2026-03-18,1924.63,3,Home
A007120,P00077,46,0.434,General Surgery,2026-03-23,10,2026-04-02,16415.66,4,Home
A008120,P00077,46,0.434,Emergency,2026-05-27,2,2026-05-29,2007.77,5,Skilled Nursing Facility
A009178,P00077,46,0.434,Neurology,2026-08-18,4,2026-08-22,5414.46,8,Home
A002310,P00078,84,0.219,Neurology,2024-10-02,1,2024-10-03,1492.98,2,Home
A004572,P00078,84,0.219,Cardiology,2024-10-12,6,2024-10-18,10707.23,4,Home
A005867,P00078,84,0.219,Cardiology,2024-12-18,6,2024-12-24,11471.58,5,Home
A005880,P00078,84,0.219,Neurology,2025-09-11,2,2025-09-13,3300.64,3,Home
A005950,P00078,84,0.219,Cardiology,2026-01-03,3,2026-01-06,4849.02,3,Home
A006592,P00078,84,0.219,ICU,2026-01-23,7,2026-01-30,18198.71,8,Home Health Care
A000676,P00079,80,0.393,General Surgery,2024-12-13,11,2024-12-24,17140.71,4,Skilled Nursing Facility
A000997,P00079,80,0.393,Emergency,2025-01-31,1,2025-02-01,1028.17,4,Home
A003500,P00079,80,0.393,General Surgery,2025-03-13,17,2025-03-30,29007.95,6,Home Health Care
A005758,P00079,80,0.393,Orthopedics,2025-05-03,7,2025-05-10,10727.65,6,Against Medical Advice
A006447,P00079,80,0.393,Neurology,2025-05-20,5,2025-05-25,7720.22,5,Home Health Care
A006858,P00079,80,0.393,ICU,2025-12-19,7,2025-12-26,16347.64,3,Home
A006947,P00079,80,0.393,Orthopedics,2026-02-18,6,2026-02-24,9139.16,3,Skilled Nursing Facility
A009009,P00079,80,0.393,General Surgery,2026-05-27,5,2026-06-01,8774.05,6,Home
A001176,P00080,65,0.181,Neurology,2025-01-04,1,2025-01-05,1320.62,4,Home
A001318,P00080,65,0.181,Neurology,2025-08-24,4,2025-08-28,5987.33,3,Home
A001560,P00080,65,0.181,Emergency,2025-09-08,2,2025-09-10,2159.94,3,Home Health Care
A003443,P00080,65,0.181,Emergency,2026-08-15,3,2026-08-18,2584.47,3,Home
A005107,P00080,65,0.181,Emergency,2026-09-06,10,2026-09-16,9146.74,2,Home
A002419,P00081,59,0.402,Neurology,2024-12-01,10,2024-12-11,12983.7,6,Against Medical Advice
A002733,P00081,59,0.402,Orthopedics,2025-01-14,3,2025-01-17,3850.66,6,Skilled Nursing Facility
A003009,P00081,59,0.402,General Surgery,2025-08-21,1,2025-08-22,1305.09,4,Home
A003829,P00081,59,0.402,ICU,2025-09-02,8,2025-09-10,24608.9,5,Skilled Nursing Facility
A004657,P00081,59,0.402,Emergency,2025-10-13,10,2025-10-23,8772.81,6,Home Health Care
A006568,P00081,59,0.402,Emergency,2025-12-26,7,2026-01-02,7776.83,3,Home
A008932,P00081,59,0.402,Orthopedics,2026-08-15,10,2026-08-25,13109.95,6,Home Health Care
A009151,P00081,59,0.402,Neurology,2026-09-11,9,2026-09-20,10826.59,5,Home
A000557,P00082,44,0.544,Cardiology,2024-10-10,5,2024-10-15,10483.4,5,Skilled Nursing Facility
A002853,P00082,44,0.544,Emergency,2025-03-10,2,2025-03-12,1771.92,7,Home Health Care
A004266,P00082,44,0.544,Emergency,2025-07-05,9,2025-07-14,8572.91,7,Home
A004649,P00082,44,0.544,Neurology,2025-08-10,1,2025-08-11,1630.86,6,Home Health Care
A006688,P00082,44,0.544,General Surgery,2025-09-01,4,2025-09-05,7445.07,5,Home
A007164,P00082,44,0.544,Emergency,2025-11-24,3,2025-11-27,3074.54,5,Against Medical Advice
A007501,P00082,44,0.544,Emergency,2025-12-05,2,2025-12-07,1935.89,11,Skilled Nursing Facility
A009141,P00082,44,0.544,General Surgery,2025-12-10,5,2025-12-15,6585.15,4,Home
A009253,P00082,44,0.544,Emergency,2026-04-03,4,2026-04-07,3355.23,5,Home
A009565,P00082,44,0.544,Emergency,2026-04-29,2,2026-05-01,1837.3,3,Home
A009649,P00082,44,0.544,Emergency,2026-05-23,3,2026-05-26,2893.15,5,Home Health Care
A009680,P00082,44,0.544,Neurology,2026-07-23,3,2026-07-26,3573.37,5,Home
A000877,P00083,79,0.321,Neurology,2024-11-17,3,2024-11-20,4101.44,3,Home
A001202,P00083,79,0.321,Emergency,2025-01-07,7,2025-01-14,6039.22,4,Skilled Nursing Facility
A001587,P00083,79,0.321,ICU,2025-01-18,3,2025-01-21,6881.87,3,Home Health Care
A002670,P00083,79,0.321,ICU,2025-06-26,3,2025-06-29,8985.83,4,Home
A003549,P00083,79,0.321,Emergency,2025-08-05,20,2025-08-25,16462.1,8,Skilled Nursing Facility
A003680,P00083,79,0.321,General Surgery,2025-09-16,6,2025-09-22,8691.39,5,Home Health Care
A003927,P00083,79,0.321,General Surgery,2025-12-18,4,2025-12-22,6473.01,3,Home Health Care
A005928,P00083,79,0.321,Neurology,2025-12-25,8,2026-01-02,11312.12,4,Home
A001940,P00084,43,0.389,Orthopedics,2025-02-16,23,2025-03-11,26210.85,5,Home
A007105,P00084,43,0.389,Emergency,2026-04-01,4,2026-04-05,3123.26,9,Home Health Care
A007512,P00084,43,0.389,General Surgery,2026-07-04,5,2026-07-09,7281.42,6,Home
A000050,P00085,23,0.422,General Surgery,2024-12-13,4,2024-12-17,6749.74,4,Home
A000924,P00085,23,0.422,ICU,2025-01-06,7,2025-01-13,19507.81,5,Home
A003906,P00085,23,0.422,General Surgery,2025-03-28,4,2025-04-01,6023.16,10,Skilled Nursing Facility
A003958,P00085,23,0.422,Cardiology,2025-06-08,2,2025-06-10,3085.67,6,Home
A005237,P00085,23,0.422,Cardiology,2025-07-05,24,2025-07-29,50750.13,8,Home
A006370,P00085,23,0.422,Cardiology,2026-02-11,1,2026-02-12,1642.8,3,Skilled Nursing Facility
A006413,P00085,23,0.422,Orthopedics,2026-02-15,1,2026-02-16,1345.57,5,Home
A006723,P00085,23,0.422,Cardiology,2026-05-31,4,2026-06-04,8767.53,9,Home
A007356,P00085,23,0.422,Emergency,2026-08-03,5,2026-08-08,5366.36,6,Home
A001065,P00086,66,0.246,Emergency,2024-11-17,5,2024-11-22,4418.87,2,Home
A001166,P00086,66,0.246,Orthopedics,2024-12-26,3,2024-12-29,4320.39,2,Home Health Care
A001866,P00086,66,0.246,Emergency,2025-08-05,3,2025-08-08,2777.03,8,Home
A007353,P00086,66,0.246,ICU,2025-09-26,18,2025-10-14,54402.41,5,Skilled Nursing Facility
A008882,P00086,66,0.246,Emergency,2025-12-07,3,2025-12-10,3224.01,6,Home
A008940,P00086,66,0.246,Orthopedics,2026-01-21,3,2026-01-24,3686.56,6,Home
A008965,P00086,66,0.246,Emergency,2026-08-09,2,2026-08-11,2049.79,0,Home
A001569,P00087,56,0.417,General Surgery,2025-01-29,1,2025-01-30,1558.79,10,Home
A001759,P00087,56,0.417,Cardiology,2025-07-05,3,2025-07-08,4906.52,9,Home
A004061,P00087,56,0.417,Emergency,2025-08-13,4,2025-08-17,3703.03,9,Home
A004697,P00087,56,0.417,ICU,2025-12-15,10,2025-12-25,23017.91,2,Home
A004871,P00087,56,0.417,Neurology,2026-02-26,11,2026-03-09,15753.84,8,Home
A006716,P00087,56,0.417,Orthopedics,2026-06-14,3,2026-06-17,4236.35,6,Home
A000981,P00088,82,0.279,ICU,2025-01-03,12,2025-01-15,27644.32,3,Home
A001605,P00088,82,0.279,ICU,2025-02-07,7,2025-02-14,17910.52,4,Home
A003158,P00088,82,0.279,Emergency,2025-03-21,6,2025-03-27,5270.79,8,Home
A004528,P00088,82,0.279,ICU,2025-10-30,2,2025-11-01,4953.01,5,Home
A004639,P00088,82,0.279,Emergency,2026-04-23,2,2026-04-25,1970.86,4,Home
A004895,P00088,82,0.279,Cardiology,2026-09-17,2,2026-09-19,3496.3,2,Home Health Care
A001266,P00089,56,0.254,Cardiology,2025-01-19,2,2025-01-21,3958.36,7,Home
A001970,P00089,56,0.254,Orthopedics,2025-03-02,1,2025-03-03,1318.56,2,Against Medical Advice
A002217,P00089,56,0.254,Emergency,2025-03-29,1,2025-03-30,887.17,2,Home
A002270,P00089,56,0.254,Emergency,2026-01-26,5,2026-01-31,4673.48,5,Home
A002779,P00089,56,0.254,Orthopedics,2026-04-01,6,2026-04-07,7162.76,1,Home
A000249,P00090,58,0.394,General Surgery,2024-10-30,1,2024-10-31,1524.43,12,Home
A000520,P00090,58,0.394,Emergency,2024-11-06,3,2024-11-09,2776.64,4,Home
A001405,P00090,58,0.394,Emergency,2024-11-18,5,2024-11-23,5095.8,10,Home
A002247,P00090,58,0.394,ICU,2024-12-30,10,2025-01-09,26557.62,8,Home
A003231,P00090,58,0.394,General Surgery,2025-08-19,4,2025-08-23,5850.09,8,Home Health Care
A004945,P00090,58,0.394,Emergency,2026-06-27,10,2026-07-07,8417.01,4,Home Health Care
A006855,P00090,58,0.394,General Surgery,2026-07-08,2,2026-07-10,3322.68,6,Home
A008223,P00090,58,0.394,Cardiology,2026-08-04,3,2026-08-07,5099.53,8,Home
A004077,P00091,33,0.542,Neurology,2024-11-30,7,2024-12-07,8979.3,7,Skilled Nursing Facility
A004392,P00091,33,0.542,General Surgery,2024-12-15,4,2024-12-19,7468.73,4,Home
A005424,P00091,33,0.542,Neurology,2025-02-16,4,2025-02-20,4895.97,11,Against Medical Advice
A006264,P00091,33,0.542,Neurology,2025-03-05,4,2025-03-09,5126.73,6,Home
A007849,P00091,33,0.542,Neurology,2025-05-24,16,2025-06-09,23443.75,2,Home
A008183,P00091,33,0.542,General Surgery,2025-09-02,8,2025-09-10,10251.57,7,Home Health Care
A008988,P00091,33,0.542,Emergency,2026-01-16,2,2026-01-18,2155.47,6,Against Medical Advice
A009508,P00091,33,0.542,Emergency,2026-01-22,18,2026-02-09,20186.67,6,Home
A009597,P00091,33,0.542,Cardiology,2026-04-25,1,2026-04-26,1984.15,5,Home
A009599,P00091,33,0.542,Emergency,2026-05-14,6,2026-05-20,6558.18,8,Home Health Care
A009664,P00091,33,0.542,Neurology,2026-06-27,6,2026-07-03,8681.59,5,Home
A009673,P00091,33,0.542,Emergency,2026-08-21,5,2026-08-26,4108.01,8,Home Health Care
A001821,P00092,80,0.158,ICU,2024-10-29,1,2024-10-30,3037.47,2,Home
A003293,P00092,80,0.158,General Surgery,2024-12-24,1,2024-12-25,1447.65,3,Home
A004329,P00092,80,0.158,Emergency,2025-07-07,6,2025-07-13,5225.27,3,Skilled Nursing Facility
A005772,P00092,80,0.158,Emergency,2025-09-28,1,2025-09-29,980.78,7,Home
A007038,P00092,80,0.158,Cardiology,2025-09-30,2,2025-10-02,3851.11,9,Home
A007161,P00092,80,0.158,General Surgery,2026-02-22,1,2026-02-23,1426.21,3,Home
A007874,P00092,80,0.158,ICU,2026-04-02,10,2026-04-12,29611.09,7,Home
A007998,P00092,80,0.158,Orthopedics,2026-04-30,4,2026-05-04,5420.44,3,Home
A008272,P00092,80,0.158,ICU,2026-05-15,6,2026-05-21,18334.59,6,Home
A008671,P00092,80,0.158,Emergency,2026-07-01,2,2026-07-03,1891.98,2,Home
A000752,P00093,61,0.468,General Surgery,2024-11-26,21,2024-12-17,34278.33,4,Home
A000786,P00093,61,0.468,ICU,2025-05-09,1,2025-05-10,3047.12,4,Home
A000914,P00093,61,0.468,Emergency,2025-10-26,1,2025-10-27,952.87,4,Home
A001937,P00093,61,0.468,ICU,2026-01-20,12,2026-02-01,30493.81,3,Home
A002503,P00093,61,0.468,Emergency,2026-07-11,2,2026-07-13,2180.1,7,Home Health Care
A000521,P00094,75,0.393,Neurology,2025-02-14,2,2025-02-16,2638.88,4,Home
A002284,P00094,75,0.393,Emergency,2025-02-22,1,2025-02-23,978.47,4,Home
A002721,P00094,75,0.393,Emergency,2025-02-25,12,2025-03-09,9209.86,6,Home
A004045,P00094,75,0.393,Emergency,2025-09-24,1,2025-09-25,869.77,2,Home
A004840,P00094,75,0.393,Neurology,2025-12-17,1,2025-12-18,1311.73,4,Skilled Nursing Facility
A005570,P00094,75,0.393,Neurology,2026-01-17,3,2026-01-20,5048.36,8,Home
A005782,P00094,75,0.393,General Surgery,2026-04-04,6,2026-04-10,10554.19,3,Home Health Care
A006932,P00094,75,0.393,Neurology,2026-07-17,10,2026-07-27,14045.11,2,Home
A000965,P00095,26,0.512,ICU,2025-02-08,8,2025-02-16,17968.39,6,Home Health Care
A005382,P00095,26,0.512,Orthopedics,2025-05-16,2,2025-05-18,2645.67,4,Home
A007108,P00095,26,0.512,General Surgery,2025-06-15,7,2025-06-22,11013.6,8,Home Health Care
A007634,P00095,26,0.512,ICU,2025-06-23,4,2025-06-27,12288.47,5,Home Health Care
A008071,P00095,26,0.512,Emergency,2025-08-23,12,2025-09-04,10179.1,4,Home
A008491,P00095,26,0.512,Emergency,2025-10-07,5,2025-10-12,4473.73,5,Against Medical Advice
A008667,P00095,26,0.512,ICU,2025-12-04,3,2025-12-07,9126.9,9,Home
A009267,P00095,26,0.512,Neurology,2026-01-11,3,2026-01-14,4090.9,6,Home Health Care
A009484,P00095,26,0.512,ICU,2026-04-21,1,2026-04-22,2385.73,6,Home Health Care
A000258,P00096,70,0.12,Emergency,2024-11-30,4,2024-12-04,4322.31,6,Skilled Nursing Facility
A001680,P00096,70,0.12,ICU,2025-02-13,19,2025-03-04,51733.61,2,Home
A005413,P00096,70,0.12,Emergency,2025-03-13,1,2025-03-14,938.25,5,Home
A006049,P00096,70,0.12,Emergency,2025-05-22,1,2025-05-23,909.71,2,Home
A006099,P00096,70,0.12,ICU,2025-09-28,1,2025-09-29,2515.65,5,Home
A006890,P00096,70,0.12,General Surgery,2025-11-07,4,2025-11-11,5759.9,3,Home
A007992,P00096,70,0.12,Neurology,2026-05-17,2,2026-05-19,3388.66,1,Home
A008204,P00096,70,0.12,Emergency,2026-08-17,6,2026-08-23,5619.25,4,Skilled Nursing Facility
A002097,P00097,57,0.345,Emergency,2025-01-11,12,2025-01-23,13265.4,3,Skilled Nursing Facility
A003764,P00097,57,0.345,Emergency,2025-03-04,8,2025-03-12,7943.13,6,Home
A005231,P00097,57,0.345,Cardiology,2025-07-24,6,2025-07-30,9713.01,4,Home
A006381,P00097,57,0.345,Emergency,2026-07-19,4,2026-07-23,3157.72,9,Home
A002620,P00098,57,0.62,Cardiology,2025-01-04,1,2025-01-05,1813.03,4,Skilled Nursing Facility
A003839,P00098,57,0.62,Neurology,2025-02-28,6,2025-03-06,8325.49,10,Home Health Care
A004948,P00098,57,0.62,Neurology,2025-07-25,2,2025-07-27,3067.67,6,Home
A005439,P00098,57,0.62,General Surgery,2025-12-09,4,2025-12-13,5726.61,6,Home
A005622,P00098,57,0.62,Emergency,2026-08-25,21,2026-09-15,19482.46,7,Home
A000762,P00099,38,0.344,Orthopedics,2024-12-25,3,2024-12-28,4265.23,2,Home
A002124,P00099,38,0.344,Emergency,2025-09-03,8,2025-09-11,6682.92,9,Home
A003023,P00099,38,0.344,Emergency,2026-01-23,8,2026-01-31,6864.82,4,Home
A006199,P00099,38,0.344,General Surgery,2026-03-14,5,2026-03-19,6563.55,3,Home
A006687,P00099,38,0.344,Emergency,2026-06-05,6,2026-06-11,5823.56,10,Home Health Care
A001244,P00100,75,0.237,Neurology,2024-11-19,1,2024-11-20,1616.7,3,Home
A004661,P00100,75,0.237,Emergency,2026-08-25,2,2026-08-27,1716.41,5,Skilled Nursing Facility
A000699,P00101,43,0.19,Cardiology,2024-10-29,4,2024-11-02,8999.44,3,Home
A003596,P00101,43,0.19,Neurology,2025-03-04,6,2025-03-10,8413.72,3,Home
A003782,P00101,43,0.19,Emergency,2025-03-29,2,2025-03-31,1637.78,4,Home
A004040,P00101,43,0.19,Neurology,2026-03-28,4,2026-04-01,4780.11,6,Home
A005546,P00101,43,0.19,Emergency,2026-05-17,7,2026-05-24,6673.63,7,Home
A005601,P00101,43,0.19,General Surgery,2026-07-02,5,2026-07-07,6536.35,4,Home Health Care
A005032,P00102,39,0.579,Emergency,2025-02-01,22,2025-02-23,22451.11,4,Home
A005372,P00102,39,0.579,General Surgery,2025-03-01,5,2025-03-06,8896.73,5,Home
A006095,P00102,39,0.579,Neurology,2026-01-14,3,2026-01-17,4813.7,1,Home
A006110,P00102,39,0.579,Emergency,2026-05-31,1,2026-06-01,1124.49,5,Home
A000571,P00103,67,0.459,Cardiology,2025-01-28,3,2025-01-31,4885.66,9,Home
A001418,P00103,67,0.459,ICU,2025-03-12,3,2025-03-15,6780.21,10,Home
A003057,P00103,67,0.459,Orthopedics,2025-04-16,2,2025-04-18,2731.84,6,Against Medical Advice
A006415,P00103,67,0.459,Emergency,2025-05-24,4,2025-05-28,4293.72,5,Home
A006828,P00103,67,0.459,Emergency,2025-09-20,32,2025-10-22,33372.52,10,Home
A002649,P00104,54,0.128,Neurology,2024-10-17,2,2024-10-19,3356.06,6,Home
A004758,P00104,54,0.128,Cardiology,2025-04-10,1,2025-04-11,2046.51,4,Home
A004863,P00104,54,0.128,ICU,2025-04-15,5,2025-04-20,13579.49,5,Home
A005858,P00104,54,0.128,ICU,2025-11-19,17,2025-12-06,48475.35,7,Skilled Nursing Facility
A006322,P00104,54,0.128,Orthopedics,2026-04-14,1,2026-04-15,1610.89,2,Home Health Care
A007486,P00104,54,0.128,Emergency,2026-08-20,16,2026-09-05,15966.38,4,Against Medical Advice
A008704,P00104,54,0.128,Cardiology,2026-09-22,3,2026-09-25,6488.1,3,Home Health Care
A004508,P00105,100,0.124,Cardiology,2024-10-06,1,2024-10-07,1845.42,4,Home
A005048,P00105,100,0.124,Emergency,2025-02-21,1,2025-02-22,783.44,4,Home
A006220,P00105,100,0.124,General Surgery,2025-04-06,5,2025-04-11,8921.06,3,Home
A006340,P00105,100,0.124,Orthopedics,2025-06-07,1,2025-06-08,1394.24,3,Skilled Nursing Facility
A006788,P00105,100,0.124,ICU,2025-08-16,2,2025-08-18,5716.18,5,Home
A006887,P00105,100,0.124,Neurology,2026-01-07,7,2026-01-14,10627.96,6,Home
A001162,P00106,53,0.516,Emergency,2024-10-22,3,2024-10-25,2489.65,5,Home
A002214,P00106,53,0.516,Emergency,2024-12-08,1,2024-12-09,1108.19,4,Home
A002236,P00106,53,0.516,General Surgery,2025-03-23,11,2025-04-03,17896.78,7,Home
A002735,P00106,53,0.516,Orthopedics,2025-07-05,7,2025-07-12,10165.79,5,Home
A002939,P00106,53,0.516,Emergency,2025-07-20,8,2025-07-28,8545.16,2,Home
A003302,P00106,53,0.516,Orthopedics,2025-10-08,1,2025-10-09,1327.68,6,Home Health Care
A005652,P00106,53,0.516,General Surgery,2025-10-20,4,2025-10-24,5155.45,11,Home
A005764,P00106,53,0.516,General Surgery,2026-01-08,5,2026-01-13,8731.9,6,Home
A005854,P00106,53,0.516,Emergency,2026-04-05,12,2026-04-17,9322.88,4,Home Health Care
A005940,P00106,53,0.516,Cardiology,2026-06-05,4,2026-06-09,8573.2,6,Home
A007363,P00106,53,0.516,General Surgery,2026-07-17,3,2026-07-20,5151.89,4,Home
A001509,P00107,40,0.472,Cardiology,2024-11-02,14,2024-11-16,26549.22,6,Home
A002562,P00107,40,0.472,ICU,2025-05-12,4,2025-05-16,8702.06,3,Home
A003724,P00107,40,0.472,General Surgery,2025-06-27,7,2025-07-04,9669.0,7,Home Health Care
A004560,P00107,40,0.472,Emergency,2026-01-24,4,2026-01-28,3815.02,7,Home
A004665,P00107,40,0.472,Neurology,2026-03-19,3,2026-03-22,5024.43,3,Home
A001268,P00108,61,0.239,Neurology,2024-11-03,4,2024-11-07,6460.88,4,Skilled Nursing Facility
A001460,P00108,61,0.239,ICU,2024-12-01,2,2024-12-03,4717.38,7,Home
A002627,P00108,61,0.239,Emergency,2026-04-26,22,2026-05-18,22080.45,9,Home Health Care
A003253,P00108,61,0.239,Orthopedics,2026-07-22,4,2026-07-26,5514.82,2,Home
A004513,P00109,44,0.118,Orthopedics,2025-01-10,7,2025-01-17,9630.34,4,Home Health Care
A004725,P00109,44,0.118,ICU,2025-03-07,4,2025-03-11,9480.37,7,Home
A005024,P00109,44,0.118,Emergency,2025-03-22,2,2025-03-24,1927.74,4,Home
A007034,P00109,44,0.118,Orthopedics,2025-06-09,12,2025-06-21,16319.04,6,Home
A007750,P00109,44,0.118,Cardiology,2025-12-29,8,2026-01-06,16398.37,4,Home Health Care
A007796,P00109,44,0.118,Cardiology,2026-03-10,7,2026-03-17,15358.96,3,Home
A000737,P00110,73,0.142,Emergency,2024-10-10,2,2024-10-12,2242.47,4,Home
A001237,P00110,73,0.142,General Surgery,2025-03-04,1,2025-03-05,1289.58,5,Home
A006359,P00110,73,0.142,General Surgery,2025-06-02,7,2025-06-09,12395.43,7,Home
A007986,P00110,73,0.142,Emergency,2026-01-01,1,2026-01-02,1018.51,3,Home Health Care
A008410,P00110,73,0.142,Neurology,2026-03-15,4,2026-03-19,5096.32,2,Home
A009252,P00110,73,0.142,General Surgery,2026-07-07,3,2026-07-10,5283.9,3,Against Medical Advice
A009434,P00110,73,0.142,Emergency,2026-08-10,9,2026-08-19,8564.35,8,Home
A000487,P00111,50,0.607,Emergency,2024-12-31,4,2025-01-04,3354.94,8,Home Health Care
A000931,P00111,50,0.607,Emergency,2025-01-25,20,2025-02-14,15898.76,13,Skilled Nursing Facility
A001886,P00111,50,0.607,Emergency,2025-03-22,12,2025-04-03,9445.45,6,Home Health Care
A002228,P00111,50,0.607,Emergency,2025-04-12,4,2025-04-16,3992.96,4,Home
A002892,P00111,50,0.607,ICU,2025-05-22,3,2025-05-25,9004.19,6,Skilled Nursing Facility
A003978,P00111,50,0.607,Neurology,2025-09-01,1,2025-09-02,1749.15,9,Home
A004128,P00111,50,0.607,General Surgery,2025-09-20,1,2025-09-21,1337.93,9,Home
A005541,P00111,50,0.607,Emergency,2025-10-31,8,2025-11-08,8027.12,10,Home
A005605,P00111,50,0.607,ICU,2026-09-21,2,2026-09-23,5088.15,5,Home
A001649,P00112,33,0.449,Neurology,2024-12-30,1,2024-12-31,1443.38,8,Skilled Nursing Facility
A002829,P00112,33,0.449,Emergency,2025-01-09,12,2025-01-21,11579.49,3,Home Health Care
A003556,P00112,33,0.449,Emergency,2025-08-21,5,2025-08-26,5247.87,5,Home
A005881,P00112,33,0.449,Neurology,2026-02-09,11,2026-02-20,15488.24,4,Home
A007232,P00112,33,0.449,General Surgery,2026-02-27,2,2026-03-01,3009.42,6,Home
A007991,P00112,33,0.449,ICU,2026-06-15,2,2026-06-17,5464.07,8,Home
A000098,P00113,53,0.206,Emergency,2025-01-21,5,2025-01-26,5233.77,4,Home
A000225,P00113,53,0.206,Neurology,2025-06-03,1,2025-06-04,1580.58,1,Home
A003130,P00113,53,0.206,General Surgery,2026-06-20,2,2026-06-22,3153.84,6,Against Medical Advice
A003390,P00113,53,0.206,Cardiology,2026-07-27,2,2026-07-29,3103.68,5,Home Health Care
A000589,P00114,58,0.127,Emergency,2025-02-06,4,2025-02-10,3332.66,6,Skilled Nursing Facility
A001818,P00114,58,0.127,General Surgery,2025-02-16,1,2025-02-17,1604.93,3,Home
A004299,P00114,58,0.127,Orthopedics,2025-06-24,6,2025-06-30,7562.7,1,Home
A004467,P00114,58,0.127,ICU,2025-07-09,8,2025-07-17,21752.38,1,Home
A004832,P00114,58,0.127,Cardiology,2025-07-18,4,2025-07-22,8163.78,4,Home Health Care
A005052,P00114,58,0.127,Cardiology,2026-05-04,5,2026-05-09,10096.47,2,Home
A005742,P00114,58,0.127,Emergency,2026-07-18,1,2026-07-19,856.24,7,Home Health Care
A002768,P00115,56,0.137,Neurology,2024-11-27,6,2024-12-03,8252.7,4,Home
A002825,P00115,56,0.137,Cardiology,2025-04-22,8,2025-04-30,12738.21,7,Home
A004037,P00115,56,0.137,Neurology,2025-06-25,6,2025-07-01,7830.98,2,Home
A004708,P00115,56,0.137,Emergency,2025-12-08,2,2025-12-10,1852.7,2,Home Health Care
A006967,P00115,56,0.137,Emergency,2026-06-10,1,2026-06-11,1063.26,2,Skilled Nursing Facility
A003755,P00116,59,0.289,Emergency,2025-02-12,3,2025-02-15,2661.63,5,Home
A006205,P00116,59,0.289,ICU,2025-07-16,4,2025-07-20,8927.09,6,Home
A007250,P00116,59,0.289,Cardiology,2025-10-16,5,2025-10-21,8480.08,3,Home
A008505,P00116,59,0.289,Orthopedics,2025-12-08,10,2025-12-18,15770.53,7,Skilled Nursing Facility
A008670,P00116,59,0.289,Emergency,2026-02-01,1,2026-02-02,997.69,3,Home
A000066,P00117,44,0.33,ICU,2024-09-26,4,2024-09-30,8590.28,4,Home Health Care
A002253,P00117,44,0.33,Cardiology,2024-11-25,3,2024-11-28,5758.42,6,Skilled Nursing Facility
A002637,P00117,44,0.33,ICU,2025-03-16,6,2025-03-22,13534.45,5,Home
A002657,P00117,44,0.33,General Surgery,2026-01-21,12,2026-02-02,20324.0,2,Home Health Care
A002871,P00117,44,0.33,Emergency,2026-05-15,8,2026-05-23,6369.78,6,Home
A000264,P00118,62,0.223,Neurology,2024-10-23,5,2024-10-28,6036.2,7,Against Medical Advice
A000742,P00118,62,0.223,ICU,2024-11-14,6,2024-11-20,17752.86,4,Home
A003230,P00118,62,0.223,ICU,2025-02-26,2,2025-02-28,5154.93,7,Home
A003258,P00118,62,0.223,Emergency,2025-08-06,8,2025-08-14,8052.22,4,Home
A003716,P00118,62,0.223,Neurology,2025-10-21,4,2025-10-25,5760.98,5,Home
A005282,P00118,62,0.223,Neurology,2026-01-23,4,2026-01-27,6988.98,7,Home
A001201,P00119,62,0.167,Emergency,2025-02-08,22,2025-03-02,21546.76,6,Home
A004987,P00119,62,0.167,General Surgery,2025-09-08,2,2025-09-10,3580.22,1,Home Health Care
A005230,P00119,62,0.167,Neurology,2025-11-10,3,2025-11-13,3903.36,5,Home
A006218,P00119,62,0.167,Cardiology,2026-04-15,3,2026-04-18,6070.88,4,Skilled Nursing Facility
A006310,P00119,62,0.167,General Surgery,2026-09-19,1,2026-09-20,1447.2,4,Home
A000794,P00120,76,0.121,Emergency,2024-12-01,6,2024-12-07,5580.47,3,Skilled Nursing Facility
A001934,P00120,76,0.121,ICU,2025-01-09,5,2025-01-14,13035.38,3,Skilled Nursing Facility
A002479,P00120,76,0.121,Emergency,2025-02-20,2,2025-02-22,1966.77,5,Skilled Nursing Facility
A002542,P00120,76,0.121,Emergency,2025-10-07,1,2025-10-08,1002.36,2,Home
A004594,P00120,76,0.121,Neurology,2025-11-03,6,2025-11-09,8686.48,6,Skilled Nursing Facility
A005597,P00120,76,0.121,Emergency,2026-03-17,2,2026-03-19,1545.84,4,Skilled Nursing Facility
A006010,P00120,76,0.121,Cardiology,2026-04-26,6,2026-05-02,12397.88,3,Skilled Nursing Facility
A006058,P00120,76,0.121,Orthopedics,2026-06-04,9,2026-06-13,10517.2,4,Skilled Nursing Facility
A008724,P00120,76,0.121,Cardiology,2026-07-06,6,2026-07-12,12907.16,3,Home Health Care
A006856,P00121,71,0.024,Neurology,2024-12-20,4,2024-12-24,5702.54,2,Skilled Nursing Facility
A007469,P00121,71,0.024,General Surgery,2025-02-02,3,2025-02-05,4601.97,0,Home Health Care
A008134,P00121,71,0.024,Neurology,2025-07-15,3,2025-07-18,4135.43,3,Home
A007212,P00122,64,0.147,General Surgery,2024-10-22,3,2024-10-25,4341.71,5,Home Health Care
A007465,P00122,64,0.147,Emergency,2024-12-10,2,2024-12-12,1836.66,4,Home
A008617,P00122,64,0.147,Cardiology,2025-02-10,2,2025-02-12,3993.99,1,Home
A008665,P00122,64,0.147,Neurology,2025-03-09,4,2025-03-13,4774.49,11,Home
A008706,P00122,64,0.147,Emergency,2025-07-25,5,2025-07-30,5532.89,2,Home
A009370,P00122,64,0.147,General Surgery,2025-12-22,2,2025-12-24,2748.12,2,Home
A009418,P00122,64,0.147,Neurology,2026-06-09,6,2026-06-15,8774.25,3,Home
A000231,P00123,86,0.358,Emergency,2024-12-08,5,2024-12-13,4878.4,5,Home
A003208,P00123,86,0.358,ICU,2025-11-29,9,2025-12-08,27565.8,5,Home
A004907,P00123,86,0.358,Emergency,2026-05-28,6,2026-06-03,5041.45,5,Home
A006905,P00123,86,0.358,Emergency,2026-08-09,4,2026-08-13,3916.09,5,Home
A002161,P00124,65,0.469,General Surgery,2025-01-13,8,2025-01-21,10900.85,3,Home
A002232,P00124,65,0.469,Emergency,2025-03-06,4,2025-03-10,3619.47,5,Home
A006039,P00124,65,0.469,Emergency,2025-04-20,36,2025-05-26,33531.13,2,Home
A006273,P00124,65,0.469,ICU,2025-08-17,4,2025-08-21,8560.05,6,Home
A006806,P00124,65,0.469,Neurology,2025-09-22,1,2025-09-23,1456.54,4,Home
A007859,P00124,65,0.469,Emergency,2026-02-06,7,2026-02-13,5866.15,9,Skilled Nursing Facility
A008918,P00124,65,0.469,Cardiology,2026-05-24,1,2026-05-25,2127.03,10,Home Health Care
A009063,P00124,65,0.469,Emergency,2026-06-10,12,2026-06-22,13390.5,7,Home
A009579,P00124,65,0.469,Orthopedics,2026-07-25,20,2026-08-14,28805.41,7,Skilled Nursing Facility
A009591,P00124,65,0.469,Emergency,2026-09-02,1,2026-09-03,946.51,5,Home
A001449,P00125,64,0.494,ICU,2024-11-03,5,2024-11-08,11291.28,4,Skilled Nursing Facility
A003133,P00125,64,0.494,ICU,2024-12-27,2,2024-12-29,5087.94,4,Home
A007402,P00125,64,0.494,General Surgery,2025-03-06,13,2025-03-19,23830.73,4,Home
A008331,P00125,64,0.494,Neurology,2025-06-15,2,2025-06-17,3346.02,9,Skilled Nursing Facility
A008560,P00125,64,0.494,Emergency,2025-08-24,2,2025-08-26,1596.76,7,Home
A008962,P00125,64,0.494,Emergency,2025-09-12,12,2025-09-24,11793.22,7,Home Health Care
A009147,P00125,64,0.494,Emergency,2026-02-03,7,2026-02-10,6359.12,4,Home
A009516,P00125,64,0.494,Neurology,2026-07-17,11,2026-07-28,15940.93,11,Home
A003282,P00126,24,0.383,Emergency,2025-01-18,1,2025-01-19,1012.48,3,Against Medical Advice
A003679,P00126,24,0.383,General Surgery,2025-02-18,5,2025-02-23,8468.15,6,Home
A006567,P00126,24,0.383,ICU,2025-03-05,9,2025-03-14,24837.23,4,Skilled Nursing Facility
A006899,P00126,24,0.383,Neurology,2025-03-24,1,2025-03-25,1376.4,6,Skilled Nursing Facility
A007533,P00126,24,0.383,ICU,2025-08-17,4,2025-08-21,11301.6,6,Home
A007631,P00126,24,0.383,Neurology,2025-12-04,6,2025-12-10,8272.82,4,Home Health Care
A007915,P00126,24,0.383,Emergency,2026-01-15,10,2026-01-25,10396.6,3,Home
A008101,P00126,24,0.383,Neurology,2026-05-18,2,2026-05-20,2418.05,7,Home
A000862,P00127,58,0.691,Emergency,2024-09-24,13,2024-10-07,11698.38,4,Home
A002108,P00127,58,0.691,Neurology,2024-10-13,7,2024-10-20,10817.17,6,Home
A004195,P00127,58,0.691,Orthopedics,2024-11-28,2,2024-11-30,2262.09,8,Skilled Nursing Facility
A006295,P00127,58,0.691,Cardiology,2024-12-23,2,2024-12-25,3089.93,3,Home
A006798,P00127,58,0.691,General Surgery,2025-05-28,11,2025-06-08,15008.95,7,Home
A007704,P00127,58,0.691,ICU,2025-07-06,1,2025-07-07,3118.38,7,Home
A008702,P00127,58,0.691,Emergency,2025-08-20,1,2025-08-21,779.65,4,Home Health Care
A008769,P00127,58,0.691,ICU,2025-10-17,4,2025-10-21,9830.11,9,Home
A000032,P00128,31,0.382,ICU,2024-11-30,2,2024-12-02,5474.32,5,Skilled Nursing Facility
A005189,P00128,31,0.382,General Surgery,2024-12-22,1,2024-12-23,1774.41,9,Home
A005437,P00128,31,0.382,Emergency,2025-03-11,13,2025-03-24,9956.55,6,Home Health Care
A005779,P00128,31,0.382,General Surgery,2025-03-28,3,2025-03-31,4378.63,5,Home
A006847,P00128,31,0.382,General Surgery,2025-04-07,5,2025-04-12,9188.7,5,Home
A007025,P00128,31,0.382,Neurology,2025-05-03,5,2025-05-08,7037.55,3,Home
A008681,P00128,31,0.382,Neurology,2025-05-14,1,2025-05-15,1231.97,5,Home
A008901,P00128,31,0.382,Orthopedics,2025-06-16,1,2025-06-17,1213.16,2,Home
A009163,P00128,31,0.382,General Surgery,2025-07-09,8,2025-07-17,11803.24,4,Home Health Care
A009234,P00128,31,0.382,Cardiology,2025-12-14,6,2025-12-20,13112.68,3,Home
A009480,P00128,31,0.382,ICU,2025-12-28,13,2026-01-10,33659.1,4,Skilled Nursing Facility
A009613,P00128,31,0.382,General Surgery,2026-03-03,5,2026-03-08,8216.3,4,Home Health Care
A009619,P00128,31,0.382,Neurology,2026-05-04,9,2026-05-13,10863.66,7,Home
A001659,P00129,80,0.268,General Surgery,2025-01-30,12,2025-02-11,20572.52,4,Home
A003210,P00129,80,0.268,Cardiology,2025-06-07,1,2025-06-08,1624.93,6,Home
A004184,P00129,80,0.268,Neurology,2026-01-05,4,2026-01-09,6910.57,2,Home
A005302,P00129,80,0.268,Emergency,2026-03-14,3,2026-03-17,2490.63,10,Home Health Care
A007840,P00129,80,0.268,ICU,2026-05-21,3,2026-05-24,7050.15,5,Home
A008875,P00129,80,0.268,Emergency,2026-07-22,2,2026-07-24,1885.0,2,Home
A008896,P00129,80,0.268,Cardiology,2026-09-12,11,2026-09-23,21471.99,5,Home Health Care
A002030,P00130,72,0.083,Cardiology,2024-11-08,3,2024-11-11,6143.08,1,Home Health Care
A002577,P00130,72,0.083,Emergency,2024-11-28,3,2024-12-01,2582.91,1,Skilled Nursing Facility
A003504,P00130,72,0.083,General Surgery,2025-03-29,1,2025-03-30,1458.5,7,Skilled Nursing Facility
A004194,P00130,72,0.083,ICU,2025-04-15,5,2025-04-20,13147.42,1,Home
A004759,P00130,72,0.083,Emergency,2026-04-29,6,2026-05-05,5549.19,8,Skilled Nursing Facility
A006574,P00130,72,0.083,Emergency,2026-08-30,4,2026-09-03,4307.18,4,Home
A006755,P00130,72,0.083,Neurology,2026-09-22,2,2026-09-24,2849.21,5,Home
A001857,P00131,65,0.482,Orthopedics,2025-01-31,5,2025-02-05,6286.79,4,Skilled Nursing Facility
A005618,P00131,65,0.482,ICU,2025-02-15,3,2025-02-18,6582.04,5,Home
A007438,P00131,65,0.482,Emergency,2025-06-04,4,2025-06-08,4463.41,5,Home
A008550,P00131,65,0.482,General Surgery,2025-07-01,6,2025-07-07,9652.12,5,Home
A008601,P00131,65,0.482,Emergency,2026-07-21,8,2026-07-29,7174.41,4,Skilled Nursing Facility
A008685,P00131,65,0.482,Orthopedics,2026-07-31,2,2026-08-02,2998.48,4,Skilled Nursing Facility
A008909,P00131,65,0.482,Neurology,2026-08-19,7,2026-08-26,9981.88,7,Home
A003179,P00132,53,0.155,ICU,2024-10-21,1,2024-10-22,2319.75,5,Home
A004653,P00132,53,0.155,Neurology,2024-12-03,2,2024-12-05,3438.55,5,Skilled Nursing Facility
A005236,P00132,53,0.155,Emergency,2025-05-14,2,2025-05-16,2040.28,2,Skilled Nursing Facility
A005899,P00132,53,0.155,General Surgery,2025-06-20,2,2025-06-22,3749.63,6,Skilled Nursing Facility
A006031,P00132,53,0.155,ICU,2025-07-11,1,2025-07-12,2582.54,13,Skilled Nursing Facility
A008042,P00132,53,0.155,Emergency,2025-09-10,3,2025-09-13,2547.51,3,Home
A008593,P00132,53,0.155,Neurology,2026-03-08,4,2026-03-12,6134.54,5,Home
A008728,P00132,53,0.155,ICU,2026-07-24,1,2026-07-25,3010.23,4,Home
A002208,P00133,48,0.271,ICU,2024-12-09,4,2024-12-13,10853.48,6,Skilled Nursing Facility
A002280,P00133,48,0.271,ICU,2025-03-08,2,2025-03-10,5669.01,5,Skilled Nursing Facility
A004228,P00133,48,0.271,ICU,2025-08-01,7,2025-08-08,17698.87,3,Home
A005285,P00133,48,0.271,Neurology,2025-09-18,4,2025-09-22,6704.69,7,Home Health Care
A005752,P00133,48,0.271,Cardiology,2025-11-09,27,2025-12-06,57025.89,4,Home
A000091,P00134,44,0.094,General Surgery,2025-01-31,6,2025-02-06,10579.78,4,Against Medical Advice
A001664,P00134,44,0.094,Cardiology,2025-06-17,1,2025-06-18,1990.54,9,Skilled Nursing Facility
A002162,P00134,44,0.094,Neurology,2025-11-01,3,2025-11-04,5229.83,7,Home
A003721,P00134,44,0.094,Emergency,2026-06-11,5,2026-06-16,4793.92,0,Home
A001309,P00135,73,0.369,Cardiology,2024-11-13,5,2024-11-18,9036.36,5,Against Medical Advice
A001714,P00135,73,0.369,Emergency,2024-12-30,2,2025-01-01,1824.5,5,Home
A002399,P00135,73,0.369,Orthopedics,2025-02-04,3,2025-02-07,4628.95,4,Home
A007080,P00135,73,0.369,Emergency,2025-07-05,6,2025-07-11,5506.88,4,Home
A001269,P00136,100,0.16,General Surgery,2024-11-02,3,2024-11-05,4135.08,4,Home
A005015,P00136,100,0.16,Emergency,2025-05-29,1,2025-05-30,1043.04,3,Home
A005371,P00136,100,0.16,Emergency,2025-07-22,2,2025-07-24,2021.77,3,Home
A005527,P00136,100,0.16,General Surgery,2025-08-08,3,2025-08-11,3874.07,2,Against Medical Advice
A007159,P00136,100,0.16,Neurology,2025-09-03,11,2025-09-14,14742.41,6,Skilled Nursing Facility
A007610,P00136,100,0.16,Cardiology,2026-07-08,16,2026-07-24,33770.48,3,Home
A007784,P00136,100,0.16,General Surgery,2026-08-10,2,2026-08-12,2596.64,4,Home
A000664,P00137,68,0.127,ICU,2024-12-28,1,2024-12-29,2678.04,4,Home
A001653,P00137,68,0.127,Neurology,2025-08-31,1,2025-09-01,1554.75,9,Home Health Care
A004127,P00137,68,0.127,ICU,2025-09-09,1,2025-09-10,2335.8,3,Home
A004171,P00137,68,0.127,Cardiology,2025-12-04,1,2025-12-05,1626.99,4,Skilled Nursing Facility
A009321,P00137,68,0.127,ICU,2025-12-17,18,2026-01-04,55906.72,12,Home
A009459,P00137,68,0.127,Emergency,2026-01-09,7,2026-01-16,6818.47,5,Home Health Care
A009562,P00137,68,0.127,ICU,2026-01-30,6,2026-02-05,14009.23,1,Home
A009621,P00137,68,0.127,Emergency,2026-02-17,4,2026-02-21,4235.9,0,Home
A009646,P00137,68,0.127,Orthopedics,2026-04-29,3,2026-05-02,3884.76,2,Home Health Care
A000042,P00138,86,0.196,General Surgery,2024-11-04,7,2024-11-11,12721.72,1,Home Health Care
A002127,P00138,86,0.196,Emergency,2025-05-27,2,2025-05-29,1683.39,2,Home
A003140,P00138,86,0.196,ICU,2025-07-18,4,2025-07-22,9673.75,6,Home Health Care
A003739,P00138,86,0.196,Emergency,2025-10-23,2,2025-10-25,1733.29,3,Home Health Care
A004200,P00138,86,0.196,Neurology,2026-03-30,3,2026-04-02,4086.39,2,Home Health Care
A001524,P00139,72,0.189,ICU,2025-02-09,5,2025-02-14,13375.7,5,Home
A001801,P00139,72,0.189,Neurology,2025-07-07,1,2025-07-08,1214.92,8,Home
A002374,P00139,72,0.189,ICU,2025-08-24,1,2025-08-25,3046.27,5,Home Health Care
A003842,P00139,72,0.189,ICU,2025-09-01,6,2025-09-07,18735.19,9,Home
A004431,P00139,72,0.189,Neurology,2026-01-09,4,2026-01-13,5151.7,4,Home Health Care
A004573,P00139,72,0.189,Cardiology,2026-04-06,11,2026-04-17,17037.84,3,Skilled Nursing Facility
A004593,P00139,72,0.189,Emergency,2026-04-27,3,2026-04-30,2891.43,3,Skilled Nursing Facility
A004631,P00139,72,0.189,ICU,2026-07-20,2,2026-07-22,4346.14,9,Skilled Nursing Facility
A000475,P00140,55,0.148,Neurology,2025-02-06,11,2025-02-17,17358.32,2,Home
A001038,P00140,55,0.148,Emergency,2026-09-03,4,2026-09-07,4008.64,3,Home
A000365,P00141,16,0.171,Emergency,2024-09-24,2,2024-09-26,2137.97,3,Home Health Care
A000529,P00141,16,0.171,Emergency,2026-02-03,8,2026-02-11,6796.65,3,Skilled Nursing Facility
A004407,P00141,16,0.171,Emergency,2026-03-11,2,2026-03-13,1588.32,6,Home Health Care
A004512,P00141,16,0.171,Cardiology,2026-04-10,2,2026-04-12,4330.78,3,Home
A006238,P00141,16,0.171,ICU,2026-07-17,2,2026-07-19,4541.63,4,Home
A002340,P00142,53,0.076,Emergency,2024-12-15,10,2024-12-25,7796.49,0,Home
A003044,P00142,53,0.076,General Surgery,2025-03-25,3,2025-03-28,5094.14,5,Home
A004401,P00142,53,0.076,ICU,2025-08-30,1,2025-08-31,2937.85,5,Home
A004563,P00142,53,0.076,Emergency,2026-05-24,3,2026-05-27,2376.09,8,Home
A005921,P00142,53,0.076,Neurology,2026-08-02,2,2026-08-04,2401.62,4,Home
A006108,P00142,53,0.076,General Surgery,2026-09-06,12,2026-09-18,20166.26,3,Against Medical Advice
A006386,P00142,53,0.076,Emergency,2026-09-23,11,2026-10-04,9495.28,3,Home
A001552,P00143,34,0.179,Neurology,2025-01-27,12,2025-02-08,18384.47,5,Home
A002342,P00143,34,0.179,Neurology,2025-12-12,1,2025-12-13,1452.22,1,Home
A004073,P00143,34,0.179,Cardiology,2026-02-14,3,2026-02-17,5418.85,6,Home Health Care
A006790,P00143,34,0.179,Emergency,2026-03-01,6,2026-03-07,6016.44,0,Home
A001974,P00144,53,0.115,Neurology,2024-09-28,1,2024-09-29,1456.39,6,Home Health Care
A002427,P00144,53,0.115,Emergency,2024-12-19,7,2024-12-26,6633.04,2,Home
A003068,P00144,53,0.115,Cardiology,2025-02-15,1,2025-02-16,2065.62,2,Home
A004419,P00144,53,0.115,Neurology,2025-07-12,6,2025-07-18,7554.07,5,Against Medical Advice
A005341,P00144,53,0.115,Cardiology,2025-08-01,12,2025-08-13,25776.21,6,Home
A005395,P00144,53,0.115,Neurology,2025-11-06,3,2025-11-09,4102.72,0,Home
A007319,P00144,53,0.115,General Surgery,2025-12-14,1,2025-12-15,1729.4,4,Home
A008039,P00144,53,0.115,Emergency,2026-01-28,1,2026-01-29,964.36,3,Skilled Nursing Facility
A008483,P00144,53,0.115,Emergency,2026-02-22,1,2026-02-23,769.75,2,Home
A008786,P00144,53,0.115,Emergency,2026-06-30,3,2026-07-03,2299.68,1,Home
A008805,P00144,53,0.115,Emergency,2026-07-18,15,2026-08-02,16458.95,5,Home
A005033,P00145,60,0.267,Emergency,2024-10-22,2,2024-10-24,2050.17,2,Home
A005336,P00145,60,0.267,General Surgery,2025-05-08,3,2025-05-11,4424.04,9,Home
A001103,P00146,47,0.077,ICU,2024-12-25,1,2024-12-26,2806.18,5,Home
A001152,P00146,47,0.077,Neurology,2025-05-01,3,2025-05-04,4379.02,4,Home
A002450,P00146,47,0.077,General Surgery,2026-04-14,4,2026-04-18,6931.63,0,Home
A004146,P00146,47,0.077,Cardiology,2026-06-21,3,2026-06-24,5166.01,5,Home Health Care
A002861,P00147,38,0.135,Cardiology,2024-12-11,2,2024-12-13,4129.1,3,Home Health Care
A004271,P00147,38,0.135,Neurology,2025-08-29,3,2025-09-01,4507.09,6,Home
A005856,P00147,38,0.135,ICU,2025-11-26,13,2025-12-09,38049.82,3,Skilled Nursing Facility
A008328,P00147,38,0.135,Emergency,2026-01-29,4,2026-02-02,3692.65,1,Home
A008341,P00147,38,0.135,Orthopedics,2026-02-23,1,2026-02-24,1485.87,3,Home
A008845,P00147,38,0.135,ICU,2026-05-28,1,2026-05-29,2375.62,3,Home
A007342,P00148,80,0.03,Emergency,2024-11-24,14,2024-12-08,11216.04,5,Home
A008289,P00148,80,0.03,Orthopedics,2025-04-07,10,2025-04-17,13947.94,6,Skilled Nursing Facility
A008306,P00148,80,0.03,Emergency,2025-04-21,6,2025-04-27,5415.05,2,Home
A008755,P00148,80,0.03,Cardiology,2025-07-12,8,2025-07-20,12623.16,7,Against Medical Advice
A009232,P00148,80,0.03,Emergency,2026-02-13,2,2026-02-15,1930.72,3,Skilled Nursing Facility
A009442,P00148,80,0.03,Emergency,2026-05-27,1,2026-05-28,1109.83,2,Home
A000270,P00149,53,0.119,Cardiology,2024-10-08,9,2024-10-17,16449.46,6,Home Health Care
A001545,P00149,53,0.119,ICU,2024-11-01,7,2024-11-08,20274.6,8,Home Health Care
A002756,P00149,53,0.119,Neurology,2025-12-31,2,2026-01-02,3069.27,3,Home
A000134,P00150,74,0.542,General Surgery,2024-11-24,6,2024-11-30,9365.85,9,Home
A002992,P00150,74,0.542,Cardiology,2024-12-02,1,2024-12-03,1704.2,9,Home
A005351,P00150,74,0.542,Emergency,2024-12-18,10,2024-12-28,8558.44,9,Skilled Nursing Facility
A007616,P00150,74,0.542,Emergency,2025-01-11,1,2025-01-12,850.37,7,Against Medical Advice
A007789,P00150,74,0.542,Emergency,2025-02-15,10,2025-02-25,11143.24,8,Against Medical Advice
A008137,P00150,74,0.542,Neurology,2025-02-26,21,2025-03-19,26380.7,9,Home
A008894,P00150,74,0.542,Emergency,2025-04-22,4,2025-04-26,3375.57,11,Home
A008954,P00150,74,0.542,Emergency,2025-12-06,1,2025-12-07,1074.02,6,Home
A009114,P00150,74,0.542,Neurology,2026-05-26,16,2026-06-11,26701.87,12,Home
A009290,P00150,74,0.542,ICU,2026-08-25,10,2026-09-04,27107.53,7,Home
A000081,P00151,44,0.156,Neurology,2025-02-16,1,2025-02-17,1743.77,5,Skilled Nursing Facility
A002874,P00151,44,0.156,Cardiology,2025-03-29,1,2025-03-30,1649.99,4,Skilled Nursing Facility
A005334,P00151,44,0.156,Emergency,2025-09-21,1,2025-09-22,1001.2,3,Home
A005680,P00151,44,0.156,ICU,2025-11-05,4,2025-11-09,11697.77,4,Against Medical Advice
A006655,P00151,44,0.156,Emergency,2025-11-21,5,2025-11-26,5619.92,5,Home Health Care
A008639,P00151,44,0.156,Neurology,2026-01-08,1,2026-01-09,1316.73,4,Skilled Nursing Facility
A009098,P00151,44,0.156,Cardiology,2026-02-08,10,2026-02-18,17561.78,1,Home
A009455,P00151,44,0.156,ICU,2026-04-04,2,2026-04-06,4797.69,2,Home Health Care
A009469,P00151,44,0.156,Emergency,2026-05-11,8,2026-05-19,8414.46,5,Home Health Care
A000317,P00152,53,0.191,Emergency,2024-10-14,1,2024-10-15,790.69,8,Home
A000550,P00152,53,0.191,Emergency,2024-12-26,5,2024-12-31,4928.14,6,Home
A002222,P00152,53,0.191,Emergency,2025-05-03,4,2025-05-07,3620.68,3,Home
A002962,P00152,53,0.191,Neurology,2026-03-31,1,2026-04-01,1445.94,4,Home Health Care
A004363,P00152,53,0.191,ICU,2026-07-26,1,2026-07-27,2548.08,0,Home
A000568,P00153,62,0.092,ICU,2024-10-15,6,2024-10-21,12805.45,3,Home
A000811,P00153,62,0.092,Emergency,2024-12-08,1,2024-12-09,1075.13,2,Home
A004358,P00153,62,0.092,Emergency,2025-02-11,1,2025-02-12,802.23,6,Home
A004458,P00153,62,0.092,Cardiology,2025-03-08,5,2025-03-13,10647.63,5,Against Medical Advice
A005172,P00153,62,0.092,Cardiology,2025-05-13,7,2025-05-20,12355.19,7,Home
A005514,P00153,62,0.092,Emergency,2026-03-15,3,2026-03-18,3099.52,6,Home
A006138,P00153,62,0.092,ICU,2026-05-04,1,2026-05-05,2990.82,2,Home
A006731,P00153,62,0.092,Neurology,2026-06-10,3,2026-06-13,5098.21,3,Home
A004420,P00154,63,0.173,Neurology,2025-01-26,10,2025-02-05,13744.5,3,Home
A000327,P00155,43,0.055,General Surgery,2024-10-11,1,2024-10-12,1482.35,4,Home Health Care
A002724,P00155,43,0.055,Cardiology,2025-02-09,4,2025-02-13,8612.69,2,Home Health Care
A003327,P00155,43,0.055,Emergency,2025-03-08,4,2025-03-12,4133.06,6,Home
A004793,P00155,43,0.055,ICU,2025-07-23,4,2025-07-27,11097.49,3,Against Medical Advice
A004843,P00155,43,0.055,Neurology,2025-11-09,1,2025-11-10,1361.73,4,Home Health Care
A006178,P00155,43,0.055,Emergency,2025-12-11,3,2025-12-14,2962.9,3,Home
A007468,P00155,43,0.055,Neurology,2025-12-23,1,2025-12-24,1460.0,3,Home
A007505,P00155,43,0.055,Emergency,2026-05-05,1,2026-05-06,872.11,6,Home
A001804,P00156,20,0.411,Orthopedics,2025-02-07,3,2025-02-10,4709.65,4,Home
A003687,P00156,20,0.411,Neurology,2025-10-08,1,2025-10-09,1191.25,4,Home Health Care
A006048,P00156,20,0.411,Cardiology,2025-11-04,5,2025-11-09,9201.5,4,Home
A006154,P00156,20,0.411,Neurology,2025-12-13,2,2025-12-15,2440.26,4,Home
A007550,P00156,20,0.411,General Surgery,2026-03-12,2,2026-03-14,3021.5,4,Home
A007805,P00156,20,0.411,General Surgery,2026-03-27,6,2026-04-02,9842.48,4,Home
A000348,P00157,57,0.214,General Surgery,2024-10-26,5,2024-10-31,6739.85,4,Skilled Nursing Facility
A001496,P00157,57,0.214,Emergency,2025-02-01,5,2025-02-06,5457.5,5,Home
A001844,P00157,57,0.214,Orthopedics,2025-04-16,2,2025-04-18,3197.96,1,Home
A006767,P00157,57,0.214,Cardiology,2025-08-08,2,2025-08-10,3424.06,2,Home
A007773,P00157,57,0.214,Orthopedics,2025-10-08,1,2025-10-09,1351.06,4,Home
A008333,P00157,57,0.214,ICU,2025-12-27,3,2025-12-30,8159.96,8,Home
A009012,P00157,57,0.214,General Surgery,2026-06-06,1,2026-06-07,1325.0,5,Home Health Care
A009100,P00157,57,0.214,Emergency,2026-07-03,6,2026-07-09,4911.58,3,Skilled Nursing Facility
A002191,P00158,33,0.54,Neurology,2024-10-26,17,2024-11-12,29616.16,5,Skilled Nursing Facility
A002785,P00158,33,0.54,Emergency,2024-12-09,3,2024-12-12,3175.42,6,Skilled Nursing Facility
A003890,P00158,33,0.54,Cardiology,2024-12-16,6,2024-12-22,13319.84,12,Home
A004954,P00158,33,0.54,General Surgery,2024-12-24,4,2024-12-28,5846.22,4,Home Health Care
A005080,P00158,33,0.54,Emergency,2025-03-13,4,2025-03-17,3324.43,5,Home
A005365,P00158,33,0.54,Emergency,2025-05-10,15,2025-05-25,11527.54,4,Skilled Nursing Facility
A006669,P00158,33,0.54,Emergency,2025-06-26,6,2025-07-02,5399.27,5,Home
A007936,P00158,33,0.54,ICU,2025-10-28,6,2025-11-03,13709.13,4,Home
A009304,P00158,33,0.54,ICU,2026-01-23,3,2026-01-26,7747.51,5,Skilled Nursing Facility
A009479,P00158,33,0.54,Orthopedics,2026-02-06,8,2026-02-14,11898.31,6,Home
A009605,P00158,33,0.54,General Surgery,2026-08-30,4,2026-09-03,5955.28,7,Against Medical Advice
A009627,P00158,33,0.54,General Surgery,2026-09-16,2,2026-09-18,2896.39,6,Home
A000526,P00159,59,0.404,Orthopedics,2025-01-23,10,2025-02-02,13315.15,9,Home
A000970,P00159,59,0.404,Neurology,2025-08-14,1,2025-08-15,1533.52,4,Home
A001203,P00159,59,0.404,Emergency,2026-02-25,4,2026-03-01,3589.9,7,Against Medical Advice
A001443,P00159,59,0.404,Emergency,2026-06-01,10,2026-06-11,7822.43,5,Home Health Care
A001063,P00160,76,0.205,Emergency,2025-02-11,7,2025-02-18,7045.56,8,Home Health Care
A001099,P00160,76,0.205,General Surgery,2025-07-08,1,2025-07-09,1758.44,4,Home
A003787,P00160,76,0.205,Neurology,2025-07-26,11,2025-08-06,17995.32,13,Against Medical Advice
A004430,P00160,76,0.205,Neurology,2025-10-14,1,2025-10-15,1195.82,7,Home
A006917,P00160,76,0.205,General Surgery,2025-10-28,8,2025-11-05,13341.68,4,Home
A007338,P00160,76,0.205,Emergency,2026-01-07,1,2026-01-08,940.89,6,Home
A007445,P00160,76,0.205,Cardiology,2026-06-08,1,2026-06-09,1744.05,6,Home Health Care
A000175,P00161,86,0.091,General Surgery,2024-11-05,6,2024-11-11,8968.51,5,Home
A000027,P00162,67,0.289,ICU,2024-11-30,4,2024-12-04,12312.5,4,Home
A000655,P00162,67,0.289,General Surgery,2025-04-02,19,2025-04-21,30173.9,3,Skilled Nursing Facility
A003234,P00162,67,0.289,ICU,2025-05-30,1,2025-05-31,2312.82,2,Skilled Nursing Facility
A004837,P00162,67,0.289,Cardiology,2025-10-02,3,2025-10-05,6065.46,3,Home
A006683,P00162,67,0.289,Neurology,2025-12-25,2,2025-12-27,3468.16,3,Home
A006696,P00162,67,0.289,Cardiology,2026-01-27,1,2026-01-28,2063.58,5,Home
A006942,P00162,67,0.289,Emergency,2026-03-29,1,2026-03-30,1077.02,3,Skilled Nursing Facility
A007509,P00162,67,0.289,ICU,2026-03-31,1,2026-04-01,3003.23,7,Home Health Care
A008456,P00162,67,0.289,General Surgery,2026-04-16,3,2026-04-19,4489.54,4,Home
A008462,P00162,67,0.289,Cardiology,2026-09-21,1,2026-09-22,1875.98,2,Home
A000061,P00163,68,0.241,General Surgery,2025-02-06,8,2025-02-14,10980.73,6,Home
A004188,P00163,68,0.241,Cardiology,2025-05-26,3,2025-05-29,5531.39,4,Skilled Nursing Facility
A005638,P00163,68,0.241,ICU,2025-10-20,4,2025-10-24,12053.69,3,Home
A005710,P00163,68,0.241,ICU,2025-11-12,6,2025-11-18,14850.37,4,Home Health Care
A006920,P00163,68,0.241,General Surgery,2025-12-09,1,2025-12-10,1398.11,3,Home Health Care
A008119,P00163,68,0.241,Cardiology,2026-04-05,1,2026-04-06,1616.78,7,Home Health Care
A008194,P00163,68,0.241,Emergency,2026-05-01,1,2026-05-02,813.71,4,Home Health Care
A001026,P00164,40,0.618,Orthopedics,2025-01-10,4,2025-01-14,4658.54,6,Home Health Care
A001198,P00164,40,0.618,Neurology,2025-01-15,8,2025-01-23,12649.8,6,Home Health Care
A001481,P00164,40,0.618,ICU,2025-05-14,2,2025-05-16,5444.27,4,Home Health Care
A003197,P00164,40,0.618,ICU,2025-08-18,3,2025-08-21,9273.98,2,Home
A003440,P00164,40,0.618,General Surgery,2025-09-30,14,2025-10-14,22396.9,4,Home Health Care
A003465,P00164,40,0.618,Orthopedics,2025-12-26,1,2025-12-27,1342.57,9,Home
A003575,P00164,40,0.618,Orthopedics,2026-01-04,1,2026-01-05,1604.49,8,Home
A005692,P00164,40,0.618,ICU,2026-08-24,12,2026-09-05,37303.9,9,Home
A001558,P00165,61,0.172,Emergency,2024-11-17,7,2024-11-24,7184.07,10,Home Health Care
A001896,P00165,61,0.172,Emergency,2025-02-17,6,2025-02-23,6390.9,4,Skilled Nursing Facility
A002949,P00165,61,0.172,Orthopedics,2025-06-10,3,2025-06-13,4389.39,2,Home
A003474,P00165,61,0.172,Emergency,2025-07-30,6,2025-08-05,5312.96,2,Home
A007248,P00165,61,0.172,General Surgery,2025-10-14,11,2025-10-25,19561.82,4,Home
A007404,P00165,61,0.172,Emergency,2025-11-23,6,2025-11-29,4721.88,5,Skilled Nursing Facility
A008762,P00165,61,0.172,Neurology,2026-01-21,1,2026-01-22,1620.37,3,Home Health Care
A009072,P00165,61,0.172,General Surgery,2026-07-24,1,2026-07-25,1450.17,3,Home
A004492,P00166,78,0.153,Orthopedics,2025-02-09,1,2025-02-10,1238.51,4,Home Health Care
A005995,P00166,78,0.153,Cardiology,2025-05-20,2,2025-05-22,3892.92,4,Home
A008240,P00166,78,0.153,Emergency,2025-07-12,11,2025-07-23,11778.67,4,Home
A008332,P00166,78,0.153,Orthopedics,2025-10-08,2,2025-10-10,2554.19,4,Skilled Nursing Facility
A009113,P00166,78,0.153,General Surgery,2026-01-17,1,2026-01-18,1844.95,4,Home
A009152,P00166,78,0.153,Neurology,2026-04-14,14,2026-04-28,21746.67,4,Home
A009361,P00166,78,0.153,Emergency,2026-08-15,1,2026-08-16,1073.52,4,Home
A001967,P00167,51,0.091,Neurology,2024-11-14,2,2024-11-16,2780.19,5,Home Health Care
A002190,P00167,51,0.091,Emergency,2025-04-29,7,2025-05-06,5727.54,4,Home Health Care
A002464,P00167,51,0.091,Neurology,2025-05-26,3,2025-05-29,4642.58,6,Home
A003274,P00167,51,0.091,General Surgery,2025-07-15,8,2025-07-23,11934.11,3,Home Health Care
A004551,P00167,51,0.091,Orthopedics,2025-12-11,1,2025-12-12,1482.84,6,Home
A004859,P00167,51,0.091,Cardiology,2026-01-02,1,2026-01-03,1906.61,7,Skilled Nursing Facility
A005504,P00167,51,0.091,Emergency,2026-03-24,5,2026-03-29,5492.33,6,Home
A000334,P00168,69,0.644,Cardiology,2024-12-12,6,2024-12-18,10254.35,4,Home
A000463,P00168,69,0.644,General Surgery,2024-12-21,20,2025-01-10,34903.47,7,Skilled Nursing Facility
A002220,P00168,69,0.644,Emergency,2025-04-18,11,2025-04-29,11717.47,6,Skilled Nursing Facility
A003614,P00168,69,0.644,Emergency,2025-05-15,3,2025-05-18,2937.04,4,Home
A005280,P00168,69,0.644,Emergency,2025-08-04,21,2025-08-25,21730.45,6,Home Health Care
A007424,P00168,69,0.644,Neurology,2025-09-22,1,2025-09-23,1347.88,5,Against Medical Advice
A008028,P00168,69,0.644,Emergency,2025-11-29,3,2025-12-02,2710.23,5,Against Medical Advice
A009217,P00168,69,0.644,Emergency,2026-01-15,3,2026-01-18,2680.12,7,Home Health Care
A000419,P00169,78,0.204,Neurology,2025-01-04,20,2025-01-24,31142.65,4,Home Health Care
A002307,P00169,78,0.204,General Surgery,2025-02-18,1,2025-02-19,1310.88,3,Home
A003593,P00169,78,0.204,Cardiology,2025-03-10,4,2025-03-14,6941.73,1,Home
A004718,P00169,78,0.204,Cardiology,2025-04-24,1,2025-04-25,2015.11,4,Home
A005210,P00169,78,0.204,Orthopedics,2026-06-30,1,2026-07-01,1545.94,6,Home
A006250,P00169,78,0.204,ICU,2026-08-21,3,2026-08-24,8810.42,2,Skilled Nursing Facility
A003214,P00170,64,0.243,Emergency,2024-12-28,10,2025-01-07,10974.78,1,Home
A003560,P00170,64,0.243,Cardiology,2025-09-07,3,2025-09-10,4679.85,9,Skilled Nursing Facility
A004185,P00170,64,0.243,Cardiology,2026-02-08,1,2026-02-09,1810.15,5,Home
A004623,P00170,64,0.243,ICU,2026-06-22,5,2026-06-27,12618.03,9,Skilled Nursing Facility
A005705,P00170,64,0.243,Neurology,2026-07-11,4,2026-07-15,5325.99,6,Against Medical Advice
A006457,P00170,64,0.243,Emergency,2026-08-20,3,2026-08-23,2330.24,4,Home
A003659,P00171,77,0.218,Orthopedics,2025-01-14,1,2025-01-15,1114.16,2,Home Health Care
A004196,P00171,77,0.218,Emergency,2025-07-31,7,2025-08-07,6542.17,9,Skilled Nursing Facility
A004575,P00171,77,0.218,Orthopedics,2025-12-01,6,2025-12-07,7861.98,4,Skilled Nursing Facility
A004720,P00171,77,0.218,Emergency,2026-01-02,1,2026-01-03,826.55,7,Home
A005908,P00171,77,0.218,Cardiology,2026-02-10,3,2026-02-13,6243.22,3,Home
A006632,P00171,77,0.218,Neurology,2026-06-10,2,2026-06-12,2865.81,2,Home
A007954,P00171,77,0.218,Orthopedics,2026-08-15,5,2026-08-20,5604.96,1,Home Health Care
A008203,P00171,77,0.218,Cardiology,2026-09-09,4,2026-09-13,6793.08,4,Home Health Care
A001006,P00172,61,0.374,General Surgery,2025-02-03,1,2025-02-04,1826.36,7,Skilled Nursing Facility
A002571,P00172,61,0.374,ICU,2025-03-17,18,2025-04-04,52557.11,6,Home Health Care
A003439,P00172,61,0.374,Emergency,2025-07-19,7,2025-07-26,7786.46,4,Home
A005592,P00172,61,0.374,ICU,2026-05-03,6,2026-05-09,18552.9,4,Home Health Care
A006240,P00172,61,0.374,Emergency,2026-07-22,3,2026-07-25,2995.71,8,Home Health Care
A008210,P00172,61,0.374,Orthopedics,2026-08-14,1,2026-08-15,1506.75,3,Home Health Care
A000343,P00173,66,0.235,Emergency,2025-01-17,9,2025-01-26,9339.81,4,Home
A000567,P00173,66,0.235,Orthopedics,2025-08-19,3,2025-08-22,4560.17,3,Home
A001503,P00173,66,0.235,Emergency,2025-09-10,2,2025-09-12,1979.32,7,Home
A002440,P00173,66,0.235,Emergency,2026-06-25,5,2026-06-30,4692.29,4,Skilled Nursing Facility
A006262,P00173,66,0.235,Emergency,2026-09-19,4,2026-09-23,3497.12,3,Home
A000544,P00174,70,0.142,Orthopedics,2024-10-24,11,2024-11-04,13222.92,3,Home
A002074,P00174,70,0.142,General Surgery,2024-11-29,12,2024-12-11,19995.62,4,Home
A002974,P00174,70,0.142,Emergency,2025-04-24,2,2025-04-26,2230.83,1,Skilled Nursing Facility
A004178,P00174,70,0.142,Cardiology,2025-11-10,6,2025-11-16,13248.16,4,Home Health Care
A004239,P00174,70,0.142,Neurology,2026-05-07,4,2026-05-11,5077.8,0,Home
A005040,P00174,70,0.142,Neurology,2026-05-24,5,2026-05-29,7335.83,0,Home
A005771,P00174,70,0.142,Neurology,2026-07-20,1,2026-07-21,1514.91,6,Home
A006078,P00174,70,0.142,Orthopedics,2026-09-19,3,2026-09-22,4777.99,3,Skilled Nursing Facility
A000037,P00175,32,0.317,Neurology,2024-11-26,4,2024-11-30,6403.98,5,Home
A002066,P00175,32,0.317,Cardiology,2025-03-03,2,2025-03-05,3569.22,8,Home Health Care
A002762,P00175,32,0.317,Cardiology,2025-04-27,13,2025-05-10,22605.11,3,Skilled Nursing Facility
A002797,P00175,32,0.317,Orthopedics,2025-06-28,1,2025-06-29,1176.82,5,Home
A003582,P00175,32,0.317,General Surgery,2025-08-10,4,2025-08-14,6510.95,6,Home Health Care
A004485,P00175,32,0.317,General Surgery,2025-09-24,6,2025-09-30,10786.51,2,Home
A004844,P00175,32,0.317,Emergency,2025-11-02,8,2025-11-10,8515.57,4,Home
A005496,P00175,32,0.317,ICU,2025-11-16,1,2025-11-17,2988.55,4,Skilled Nursing Facility
A007635,P00175,32,0.317,Emergency,2025-12-28,1,2025-12-29,851.52,5,Skilled Nursing Facility
A008008,P00175,32,0.317,ICU,2026-01-17,2,2026-01-19,5175.23,6,Home
A000987,P00176,49,0.214,Cardiology,2024-11-20,2,2024-11-22,4181.15,4,Home Health Care
A001257,P00176,49,0.214,ICU,2025-01-14,1,2025-01-15,2140.22,2,Home
A001930,P00176,49,0.214,ICU,2025-08-03,1,2025-08-04,2270.66,3,Home
A003636,P00176,49,0.214,Cardiology,2026-01-01,4,2026-01-05,6541.16,5,Against Medical Advice
A003875,P00176,49,0.214,Emergency,2026-02-17,1,2026-02-18,1085.34,3,Against Medical Advice
A004034,P00176,49,0.214,Neurology,2026-06-29,7,2026-07-06,10755.8,4,Home
A005020,P00176,49,0.214,General Surgery,2026-07-29,4,2026-08-02,6697.3,3,Home Health Care
A000203,P00177,46,0.393,General Surgery,2024-10-10,5,2024-10-15,9083.33,8,Home
A001420,P00177,46,0.393,Neurology,2024-12-13,4,2024-12-17,5187.92,9,Home
A002017,P00177,46,0.393,General Surgery,2025-05-11,7,2025-05-18,12649.9,6,Home
A002042,P00177,46,0.393,Orthopedics,2026-02-23,5,2026-02-28,7673.4,5,Home
A003332,P00177,46,0.393,Cardiology,2026-03-18,9,2026-03-27,17398.82,4,Home
A004376,P00177,46,0.393,Cardiology,2026-06-11,6,2026-06-17,12728.78,4,Skilled Nursing Facility
A004601,P00177,46,0.393,ICU,2026-08-31,1,2026-09-01,2873.91,3,Home
A005440,P00177,46,0.393,Neurology,2026-09-21,2,2026-09-23,3220.15,7,Home Health Care
A000430,P00178,74,0.367,Neurology,2024-12-19,6,2024-12-25,8613.12,7,Against Medical Advice
A001035,P00178,74,0.367,Emergency,2025-02-05,4,2025-02-09,3614.6,3,Home Health Care
A001626,P00178,74,0.367,General Surgery,2025-04-17,7,2025-04-24,11491.24,5,Home
A003249,P00178,74,0.367,ICU,2025-10-11,1,2025-10-12,2338.74,5,Skilled Nursing Facility
A003917,P00178,74,0.367,ICU,2025-10-21,3,2025-10-24,7204.35,7,Home Health Care
A004149,P00178,74,0.367,General Surgery,2025-11-18,5,2025-11-23,7747.14,3,Against Medical Advice
A005580,P00178,74,0.367,Neurology,2026-01-26,1,2026-01-27,1545.28,5,Skilled Nursing Facility
A006327,P00178,74,0.367,Emergency,2026-02-05,3,2026-02-08,2384.94,5,Skilled Nursing Facility
A007967,P00178,74,0.367,Orthopedics,2026-05-02,3,2026-05-05,4813.4,5,Home
A008789,P00178,74,0.367,Emergency,2026-06-29,8,2026-07-07,6430.31,0,Home
A009093,P00178,74,0.367,General Surgery,2026-09-03,1,2026-09-04,1770.53,6,Home
A001406,P00179,80,0.074,General Surgery,2024-09-29,11,2024-10-10,17000.41,1,Skilled Nursing Facility
A001665,P00179,80,0.074,ICU,2024-12-25,2,2024-12-27,4993.63,2,Skilled Nursing Facility
A003824,P00179,80,0.074,Orthopedics,2025-02-18,5,2025-02-23,7912.53,3,Skilled Nursing Facility
A006483,P00179,80,0.074,General Surgery,2025-03-31,1,2025-04-01,1689.99,2,Home
A007770,P00179,80,0.074,Emergency,2025-04-08,2,2025-04-10,1744.79,2,Home
A007876,P00179,80,0.074,Emergency,2025-10-15,7,2025-10-22,5381.49,4,Skilled Nursing Facility
A008980,P00179,80,0.074,Emergency,2026-01-21,1,2026-01-22,879.72,3,Home
A009105,P00179,80,0.074,ICU,2026-04-20,3,2026-04-23,8375.31,5,Home
A009330,P00179,80,0.074,Emergency,2026-06-04,5,2026-06-09,4457.34,4,Home
A009356,P00179,80,0.074,Emergency,2026-07-11,4,2026-07-15,4472.16,2,Home
A002012,P00180,51,0.143,ICU,2025-02-12,3,2025-02-15,8516.53,3,Home
A006059,P00180,51,0.143,Neurology,2025-03-25,9,2025-04-03,13134.31,3,Home
A000744,P00181,52,0.227,ICU,2024-11-21,1,2024-11-22,2968.11,0,Home
A001025,P00181,52,0.227,ICU,2025-09-05,4,2025-09-09,8992.35,5,Home
A001597,P00181,52,0.227,Orthopedics,2026-02-20,2,2026-02-22,2515.74,3,Home Health Care
A002511,P00181,52,0.227,General Surgery,2026-04-05,5,2026-04-10,8395.31,5,Home Health Care
A002587,P00182,44,0.077,Neurology,2024-11-19,2,2024-11-21,2746.01,1,Skilled Nursing Facility
A002858,P00182,44,0.077,Neurology,2024-12-07,2,2024-12-09,2802.85,8,Home
A003516,P00182,44,0.077,Neurology,2025-04-13,1,2025-04-14,1483.02,1,Home
A003518,P00182,44,0.077,Cardiology,2025-10-27,4,2025-10-31,8617.38,4,Home
A004701,P00182,44,0.077,ICU,2026-03-27,3,2026-03-30,8025.17,4,Home
A004919,P00182,44,0.077,Emergency,2026-08-26,8,2026-09-03,8685.19,5,Home Health Care
A000187,P00183,55,0.151,Orthopedics,2024-09-25,3,2024-09-28,3869.48,4,Home
A001457,P00183,55,0.151,Orthopedics,2025-07-15,6,2025-07-21,7125.62,3,Home Health Care
A001916,P00183,55,0.151,Emergency,2026-03-04,5,2026-03-09,4282.73,2,Home
A001126,P00184,70,0.287,Neurology,2024-10-12,2,2024-10-14,3412.37,4,Home
A001168,P00184,70,0.287,Cardiology,2024-11-30,1,2024-12-01,1690.12,4,Home
A001251,P00184,70,0.287,ICU,2025-04-28,12,2025-05-10,33642.36,5,Home
A007683,P00184,70,0.287,Neurology,2025-08-17,6,2025-08-23,10219.28,4,Home
A008427,P00184,70,0.287,General Surgery,2025-10-17,2,2025-10-19,2846.52,3,Home
A008872,P00184,70,0.287,Neurology,2026-03-21,1,2026-03-22,1240.6,7,Home
A009049,P00184,70,0.287,Neurology,2026-04-01,4,2026-04-05,6847.85,3,Skilled Nursing Facility
A000779,P00185,48,0.227,Emergency,2024-10-09,1,2024-10-10,986.89,8,Home
A001329,P00185,48,0.227,Cardiology,2025-06-16,1,2025-06-17,2003.19,8,Home Health Care
A001870,P00185,48,0.227,General Surgery,2025-12-05,5,2025-12-10,6933.15,2,Skilled Nursing Facility
A002153,P00185,48,0.227,Cardiology,2025-12-30,1,2025-12-31,1596.86,5,Against Medical Advice
A004686,P00185,48,0.227,Emergency,2026-01-22,1,2026-01-23,1010.27,4,Home
A005093,P00185,48,0.227,General Surgery,2026-04-28,4,2026-05-02,7471.03,4,Home
A000956,P00186,79,0.324,General Surgery,2024-11-21,4,2024-11-25,5335.05,5,Home
A001324,P00186,79,0.324,Emergency,2025-03-05,1,2025-03-06,922.76,6,Home
A001639,P00186,79,0.324,ICU,2025-11-23,1,2025-11-24,2265.28,6,Home Health Care
A001765,P00186,79,0.324,ICU,2026-01-20,1,2026-01-21,2752.64,1,Home Health Care
A002469,P00186,79,0.324,ICU,2026-05-22,2,2026-05-24,5887.0,5,Home
A003124,P00186,79,0.324,Emergency,2026-08-21,4,2026-08-25,3602.95,4,Home Health Care
A000819,P00187,64,0.193,Emergency,2024-10-11,2,2024-10-13,2224.67,2,Against Medical Advice
A003789,P00187,64,0.193,Orthopedics,2024-11-27,4,2024-12-01,4830.45,4,Home
A004375,P00187,64,0.193,Neurology,2025-07-02,2,2025-07-04,2511.28,5,Home
A005655,P00187,64,0.193,General Surgery,2026-01-17,2,2026-01-19,3487.88,4,Home
A002635,P00188,30,0.137,Orthopedics,2024-10-02,1,2024-10-03,1411.04,2,Home
A003772,P00188,30,0.137,Neurology,2025-01-07,4,2025-01-11,5219.45,6,Home
A004172,P00188,30,0.137,Emergency,2025-01-30,13,2025-02-12,11655.11,2,Home
A005916,P00188,30,0.137,Neurology,2025-07-28,17,2025-08-14,26863.57,5,Skilled Nursing Facility
A009397,P00188,30,0.137,Neurology,2025-08-29,11,2025-09-09,17901.99,3,Home
A000887,P00189,67,0.449,General Surgery,2024-12-17,7,2024-12-24,11205.38,6,Skilled Nursing Facility
A006984,P00189,67,0.449,ICU,2025-01-18,9,2025-01-27,22206.6,7,Home
A007325,P00189,67,0.449,Orthopedics,2025-03-08,4,2025-03-12,5963.82,7,Home
A008044,P00189,67,0.449,Neurology,2025-05-07,1,2025-05-08,1194.51,7,Home
A008198,P00189,67,0.449,Orthopedics,2025-09-16,2,2025-09-18,2391.91,2,Home Health Care
A008373,P00189,67,0.449,ICU,2026-04-05,3,2026-04-08,8148.89,7,Home Health Care
A008484,P00189,67,0.449,Emergency,2026-05-17,24,2026-06-10,22008.9,7,Against Medical Advice
A009240,P00189,67,0.449,Neurology,2026-07-05,4,2026-07-09,5772.96,1,Home
A009247,P00189,67,0.449,ICU,2026-09-16,10,2026-09-26,27152.07,5,Home Health Care
A000341,P00190,43,0.516,Orthopedics,2024-10-12,2,2024-10-14,2253.84,8,Home Health Care
A000450,P00190,43,0.516,Emergency,2024-11-01,6,2024-11-07,4975.63,9,Home
A001699,P00190,43,0.516,General Surgery,2024-12-10,6,2024-12-16,8291.04,4,Home Health Care
A002790,P00190,43,0.516,General Surgery,2025-01-13,8,2025-01-21,13635.97,6,Home
A004198,P00190,43,0.516,General Surgery,2025-08-31,17,2025-09-17,26015.95,7,Home Health Care
A005362,P00190,43,0.516,Emergency,2026-01-14,3,2026-01-17,2609.96,6,Against Medical Advice
A005820,P00190,43,0.516,Cardiology,2026-03-09,3,2026-03-12,4661.95,8,Home
A006054,P00190,43,0.516,Emergency,2026-08-31,4,2026-09-04,3382.27,2,Home
A000631,P00191,70,0.121,General Surgery,2025-02-02,10,2025-02-12,17700.23,3,Against Medical Advice
A000789,P00191,70,0.121,General Surgery,2025-07-13,1,2025-07-14,1549.09,6,Home
A001975,P00191,70,0.121,General Surgery,2025-08-03,2,2025-08-05,2886.66,6,Home
A004038,P00191,70,0.121,General Surgery,2026-02-01,5,2026-02-06,8030.29,6,Home
A005376,P00191,70,0.121,Emergency,2026-04-10,1,2026-04-11,862.89,1,Home
A005139,P00192,79,0.408,Emergency,2024-11-23,10,2024-12-03,9454.05,6,Home
A005286,P00192,79,0.408,Neurology,2024-12-08,2,2024-12-10,2698.33,5,Skilled Nursing Facility
A006613,P00192,79,0.408,General Surgery,2025-02-26,7,2025-03-05,12266.69,5,Home Health Care
A007440,P00192,79,0.408,Neurology,2025-09-09,2,2025-09-11,2592.75,2,Home
A007680,P00192,79,0.408,Emergency,2025-09-20,2,2025-09-22,1841.89,5,Home
A007775,P00192,79,0.408,General Surgery,2025-12-12,2,2025-12-14,3638.87,4,Home
A008476,P00192,79,0.408,Neurology,2026-03-24,2,2026-03-26,2552.27,3,Home
A008861,P00192,79,0.408,Cardiology,2026-04-26,1,2026-04-27,1623.95,3,Home
A009016,P00192,79,0.408,Emergency,2026-05-21,1,2026-05-22,856.28,11,Home Health Care
A009106,P00192,79,0.408,Emergency,2026-09-15,5,2026-09-20,5127.6,3,Home
A001157,P00193,28,0.278,Neurology,2024-12-04,7,2024-12-11,10073.63,4,Against Medical Advice
A002462,P00193,28,0.278,Orthopedics,2025-02-12,3,2025-02-15,4417.81,5,Skilled Nursing Facility
A002823,P00193,28,0.278,Neurology,2025-02-27,1,2025-02-28,1273.67,5,Against Medical Advice
A002976,P00193,28,0.278,General Surgery,2025-05-02,3,2025-05-05,4108.77,6,Home
A003818,P00193,28,0.278,Emergency,2025-08-07,10,2025-08-17,10143.74,5,Home
A005637,P00193,28,0.278,Cardiology,2025-08-29,2,2025-08-31,3226.95,5,Home Health Care
A005961,P00193,28,0.278,Emergency,2025-11-29,1,2025-11-30,995.61,4,Home Health Care
A008440,P00193,28,0.278,ICU,2026-05-15,10,2026-05-25,24360.83,7,Home Health Care
A003472,P00194,77,0.26,Emergency,2025-01-26,10,2025-02-05,10304.1,5,Home Health Care
A003943,P00194,77,0.26,Orthopedics,2025-07-15,2,2025-07-17,2780.64,4,Home
A004865,P00194,77,0.26,General Surgery,2025-08-28,9,2025-09-06,15302.0,3,Home
A005148,P00194,77,0.26,ICU,2026-06-12,4,2026-06-16,10204.08,6,Home
A000314,P00195,76,0.512,Emergency,2024-11-17,17,2024-12-04,17935.5,4,Skilled Nursing Facility
A000439,P00195,76,0.512,ICU,2024-12-29,1,2024-12-30,2219.28,4,Home Health Care
A005661,P00195,76,0.512,Emergency,2025-05-10,1,2025-05-11,823.66,4,Home
A005994,P00195,76,0.512,Emergency,2025-05-15,15,2025-05-30,14334.96,5,Home Health Care
A006812,P00195,76,0.512,Emergency,2025-09-15,2,2025-09-17,2238.81,10,Home Health Care
A006963,P00195,76,0.512,Emergency,2026-03-27,1,2026-03-28,1014.23,7,Home
A007457,P00195,76,0.512,Neurology,2026-04-09,8,2026-04-17,9950.76,7,Home
A001231,P00196,60,0.137,Orthopedics,2025-02-09,8,2025-02-17,11643.42,5,Home
A001600,P00196,60,0.137,Orthopedics,2025-02-20,5,2025-02-25,8067.52,7,Skilled Nursing Facility
A002751,P00196,60,0.137,Neurology,2025-03-05,3,2025-03-08,4475.53,5,Home
A004842,P00196,60,0.137,Neurology,2025-08-02,1,2025-08-03,1502.82,1,Home Health Care
A005777,P00196,60,0.137,Emergency,2025-10-20,2,2025-10-22,1565.68,4,Home
A006684,P00196,60,0.137,Neurology,2026-03-05,1,2026-03-06,1601.02,5,Skilled Nursing Facility
A007272,P00196,60,0.137,ICU,2026-03-10,1,2026-03-11,2240.39,2,Home
A008122,P00196,60,0.137,ICU,2026-06-09,5,2026-06-14,13661.71,6,Home Health Care
A000900,P00197,53,0.247,Cardiology,2024-10-27,5,2024-11-01,10109.55,4,Against Medical Advice
A002574,P00197,53,0.247,Emergency,2024-11-10,1,2024-11-11,1107.91,4,Home
A003577,P00197,53,0.247,General Surgery,2025-02-25,6,2025-03-03,10539.43,3,Home Health Care
A004179,P00197,53,0.247,ICU,2025-06-06,2,2025-06-08,4739.38,6,Home Health Care
A005552,P00197,53,0.247,Orthopedics,2025-12-27,3,2025-12-30,3777.34,3,Home Health Care
A006389,P00197,53,0.247,ICU,2026-09-17,1,2026-09-18,2636.08,3,Home
A000137,P00198,58,0.551,General Surgery,2025-02-17,13,2025-03-02,23556.83,7,Home Health Care
A000996,P00198,58,0.551,Cardiology,2025-03-25,1,2025-03-26,2055.24,11,Skilled Nursing Facility
A002237,P00198,58,0.551,Orthopedics,2025-03-29,4,2025-04-02,5672.57,1,Home
A004683,P00198,58,0.551,General Surgery,2025-08-20,8,2025-08-28,11672.29,7,Home
A006416,P00198,58,0.551,Orthopedics,2026-01-27,5,2026-02-01,6788.55,7,Home
A006981,P00198,58,0.551,Emergency,2026-03-09,1,2026-03-10,824.56,5,Against Medical Advice
A008833,P00198,58,0.551,Neurology,2026-03-26,7,2026-04-02,9135.78,4,Home
A000387,P00199,62,0.212,Neurology,2025-01-23,4,2025-01-27,6948.9,2,Home Health Care
A000641,P00199,62,0.212,ICU,2026-03-09,6,2026-03-15,17370.18,3,Home
A000727,P00200,63,0.254,Neurology,2024-11-25,2,2024-11-27,2804.15,7,Home Health Care
A002618,P00200,63,0.254,Neurology,2025-02-12,10,2025-02-22,15815.33,4,Home Health Care
A003491,P00200,63,0.254,Emergency,2026-01-12,13,2026-01-25,13583.2,2,Skilled Nursing Facility
A004603,P00200,63,0.254,Emergency,2026-02-05,2,2026-02-07,1975.25,5,Home Health Care
A008646,P00200,63,0.254,Emergency,2026-03-28,1,2026-03-29,782.85,3,Home Health Care
A002224,P00201,51,0.197,ICU,2025-01-23,11,2025-02-03,28781.93,4,Home
A002561,P00201,51,0.197,General Surgery,2025-05-05,5,2025-05-10,7951.85,6,Home
A003458,P00201,51,0.197,ICU,2025-06-07,2,2025-06-09,6202.51,5,Home
A004566,P00201,51,0.197,Orthopedics,2025-06-16,3,2025-06-19,4500.21,3,Home
A005254,P00201,51,0.197,ICU,2025-08-14,8,2025-08-22,19504.95,3,Home
A006611,P00201,51,0.197,Emergency,2026-03-26,2,2026-03-28,1847.57,4,Home
A000023,P00202,30,0.377,Emergency,2025-01-06,1,2025-01-07,802.36,4,Home Health Care
A002391,P00202,30,0.377,Emergency,2025-03-17,2,2025-03-19,1732.19,8,Skilled Nursing Facility
A003119,P00202,30,0.377,ICU,2025-04-13,1,2025-04-14,3007.69,4,Home
A003740,P00202,30,0.377,Emergency,2025-08-30,11,2025-09-10,9972.73,3,Home
A004004,P00202,30,0.377,Neurology,2026-06-17,1,2026-06-18,1618.61,3,Home
A001401,P00203,55,0.048,Emergency,2024-11-11,2,2024-11-13,1645.85,1,Skilled Nursing Facility
A001519,P00203,55,0.048,Cardiology,2024-12-10,1,2024-12-11,1984.5,5,Home
A005190,P00203,55,0.048,Neurology,2025-03-10,6,2025-03-16,9931.67,0,Home
A007650,P00203,55,0.048,Orthopedics,2025-04-27,7,2025-05-04,8574.86,2,Home
A008396,P00203,55,0.048,ICU,2025-07-12,6,2025-07-18,17814.37,2,Home
A008398,P00203,55,0.048,Emergency,2025-07-29,2,2025-07-31,1543.99,6,Home Health Care
A008843,P00203,55,0.048,Cardiology,2025-09-03,3,2025-09-06,6294.13,0,Home
A001769,P00204,91,0.11,Emergency,2024-10-18,2,2024-10-20,2228.86,1,Home Health Care
A002552,P00204,91,0.11,ICU,2024-10-25,3,2024-10-28,9142.94,2,Home Health Care
A002703,P00204,91,0.11,Orthopedics,2024-11-09,2,2024-11-11,3187.04,3,Home Health Care
A005627,P00204,91,0.11,Emergency,2024-12-12,3,2024-12-15,2464.5,4,Home
A006531,P00204,91,0.11,Emergency,2025-07-25,2,2025-07-27,2004.21,4,Home Health Care
A008708,P00204,91,0.11,Emergency,2025-12-22,3,2025-12-25,2308.47,3,Skilled Nursing Facility
A008756,P00204,91,0.11,Orthopedics,2026-01-07,10,2026-01-17,12135.2,5,Home
A008856,P00204,91,0.11,General Surgery,2026-05-14,1,2026-05-15,1428.59,4,Skilled Nursing Facility
A009060,P00204,91,0.11,ICU,2026-05-25,7,2026-06-01,21220.87,6,Home Health Care
A009193,P00204,91,0.11,Emergency,2026-06-08,2,2026-06-10,1772.18,7,Home
A000181,P00205,78,0.391,General Surgery,2024-10-18,5,2024-10-23,6937.23,7,Home Health Care
A000182,P00205,78,0.391,Emergency,2025-04-26,1,2025-04-27,794.85,7,Home
A001082,P00205,78,0.391,Emergency,2025-09-25,14,2025-10-09,14724.87,4,Skilled Nursing Facility
A003379,P00205,78,0.391,Cardiology,2025-12-16,1,2025-12-17,2123.93,7,Against Medical Advice
A005801,P00205,78,0.391,Orthopedics,2025-12-20,2,2025-12-22,2669.37,5,Home
A007112,P00205,78,0.391,Emergency,2026-06-09,2,2026-06-11,2082.31,8,Home
A007889,P00205,78,0.391,General Surgery,2026-08-19,8,2026-08-27,12042.5,10,Home Health Care
A000670,P00206,56,0.054,Emergency,2025-01-12,1,2025-01-13,892.64,8,Home
A002062,P00206,56,0.054,Cardiology,2025-02-11,2,2025-02-13,3371.1,3,Home
A003053,P00206,56,0.054,ICU,2025-06-20,5,2025-06-25,11272.43,4,Home
A003847,P00206,56,0.054,Neurology,2025-07-30,15,2025-08-14,26058.53,1,Home Health Care
A003869,P00206,56,0.054,Orthopedics,2025-12-08,4,2025-12-12,4915.89,5,Home
A004000,P00206,56,0.054,General Surgery,2026-07-11,3,2026-07-14,4379.66,3,Home
A000671,P00207,74,0.366,Emergency,2024-12-23,6,2024-12-29,5759.5,1,Skilled Nursing Facility
A001075,P00207,74,0.366,General Surgery,2025-05-06,6,2025-05-12,9318.25,3,Home Health Care
A001899,P00207,74,0.366,Emergency,2025-10-10,3,2025-10-13,2988.42,8,Home Health Care
A003973,P00207,74,0.366,Emergency,2026-05-23,10,2026-06-02,11187.02,6,Home Health Care
A000399,P00208,83,0.343,Emergency,2025-01-10,4,2025-01-14,4202.25,5,Home
A004616,P00208,83,0.343,Neurology,2025-08-23,2,2025-08-25,3189.57,6,Home
A006577,P00208,83,0.343,Cardiology,2025-09-13,7,2025-09-20,11658.1,5,Home
A007899,P00208,83,0.343,Neurology,2025-10-10,4,2025-10-14,6381.06,5,Home
A009078,P00208,83,0.343,Neurology,2025-12-04,3,2025-12-07,5150.51,5,Home Health Care
A009140,P00208,83,0.343,Cardiology,2026-02-06,4,2026-02-10,6366.46,4,Home
A009155,P00208,83,0.343,Cardiology,2026-06-03,2,2026-06-05,4036.19,8,Home
A000338,P00209,70,0.31,ICU,2025-01-07,1,2025-01-08,2488.63,5,Home
A000472,P00209,70,0.31,ICU,2025-01-13,12,2025-01-25,35280.09,4,Home
A001204,P00209,70,0.31,Emergency,2025-02-20,1,2025-02-21,942.76,1,Home
A002920,P00209,70,0.31,Emergency,2025-05-12,1,2025-05-13,986.96,5,Skilled Nursing Facility
A005634,P00209,70,0.31,Emergency,2025-07-05,11,2025-07-16,8984.51,7,Home Health Care
A006735,P00209,70,0.31,Neurology,2025-08-27,5,2025-09-01,6906.16,5,Home
A006807,P00209,70,0.31,Emergency,2025-09-09,4,2025-09-13,4450.09,7,Home Health Care
A007451,P00209,70,0.31,Neurology,2025-11-02,1,2025-11-03,1684.28,2,Home
A008111,P00209,70,0.31,ICU,2026-03-16,1,2026-03-17,3078.39,4,Home
A008187,P00209,70,0.31,ICU,2026-07-09,4,2026-07-13,11274.75,4,Skilled Nursing Facility
A008323,P00209,70,0.31,ICU,2026-08-30,4,2026-09-03,9350.35,3,Home Health Care
A000864,P00210,81,0.399,Orthopedics,2025-01-21,4,2025-01-25,5520.85,6,Home Health Care
A003656,P00210,81,0.399,General Surgery,2025-01-30,23,2025-02-22,30162.22,3,Home Health Care
A005051,P00210,81,0.399,Neurology,2025-03-31,14,2025-04-14,22094.78,6,Home
A005245,P00210,81,0.399,General Surgery,2025-09-19,5,2025-09-24,6539.25,2,Home
A005531,P00210,81,0.399,Emergency,2025-10-11,1,2025-10-12,1098.07,3,Against Medical Advice
A006318,P00210,81,0.399,ICU,2025-11-15,5,2025-11-20,14630.49,6,Against Medical Advice
A006741,P00210,81,0.399,Emergency,2025-11-30,1,2025-12-01,810.12,4,Home
A007188,P00210,81,0.399,General Surgery,2026-07-13,12,2026-07-25,21904.9,2,Home Health Care
A007636,P00210,81,0.399,Cardiology,2026-09-22,1,2026-09-23,2207.93,2,Home
A000340,P00211,64,0.159,ICU,2024-10-07,2,2024-10-09,6094.26,5,Home
A000518,P00211,64,0.159,Emergency,2025-12-02,1,2025-12-03,1069.55,4,Home Health Care
A003713,P00211,64,0.159,Emergency,2026-03-31,1,2026-04-01,925.43,3,Home
A005566,P00211,64,0.159,Emergency,2026-04-18,6,2026-04-24,5125.78,4,Skilled Nursing Facility
A005866,P00211,64,0.159,Neurology,2026-04-27,5,2026-05-02,8027.98,5,Home
A007245,P00211,64,0.159,ICU,2026-05-24,3,2026-05-27,8489.23,4,Home Health Care
A000966,P00212,32,0.054,Emergency,2024-10-19,1,2024-10-20,1023.73,5,Home
A002961,P00212,32,0.054,Neurology,2025-03-24,2,2025-03-26,3170.58,6,Home
A003198,P00212,32,0.054,ICU,2025-12-24,2,2025-12-26,4439.03,5,Home
A004028,P00212,32,0.054,Emergency,2026-01-11,1,2026-01-12,776.01,0,Home
A004809,P00212,32,0.054,Emergency,2026-07-20,2,2026-07-22,2156.97,3,Home
A005242,P00212,32,0.054,ICU,2026-09-02,1,2026-09-03,2825.04,1,Home
A000795,P00213,53,0.303,General Surgery,2024-10-09,10,2024-10-19,13540.72,4,Home
A001114,P00213,53,0.303,Cardiology,2025-01-05,6,2025-01-11,10386.52,4,Home
A001407,P00213,53,0.303,Neurology,2025-05-28,3,2025-05-31,3728.73,5,Home Health Care
A004589,P00213,53,0.303,Emergency,2025-07-10,8,2025-07-18,7762.58,3,Home
A005373,P00213,53,0.303,Emergency,2026-02-08,2,2026-02-10,1847.45,4,Home
A005472,P00213,53,0.303,General Surgery,2026-06-16,4,2026-06-20,5258.14,9,Against Medical Advice
A005590,P00213,53,0.303,Emergency,2026-07-12,3,2026-07-15,2967.91,7,Home
A006055,P00213,53,0.303,ICU,2026-08-20,5,2026-08-25,11390.81,7,Home
A001525,P00214,14,0.557,Emergency,2025-01-05,16,2025-01-21,17605.92,13,Home
A006145,P00214,14,0.557,Neurology,2025-03-16,2,2025-03-18,2757.21,5,Home Health Care
A007329,P00214,14,0.557,Emergency,2025-03-27,1,2025-03-28,792.59,11,Home
A007450,P00214,14,0.557,Orthopedics,2025-08-20,1,2025-08-21,1206.59,8,Home Health Care
A007695,P00214,14,0.557,Emergency,2025-12-26,2,2025-12-28,2069.27,6,Home
A008016,P00214,14,0.557,General Surgery,2026-01-18,2,2026-01-20,3512.12,5,Home
A008305,P00214,14,0.557,General Surgery,2026-04-14,3,2026-04-17,5473.47,12,Home
A008765,P00214,14,0.557,Emergency,2026-08-12,11,2026-08-23,9073.91,6,Skilled Nursing Facility
A000629,P00215,57,0.181,ICU,2024-12-19,2,2024-12-21,4953.81,3,Home
A000770,P00215,57,0.181,Neurology,2025-10-31,1,2025-11-01,1351.76,2,Home Health Care
A003046,P00215,57,0.181,ICU,2025-11-05,2,2025-11-07,5300.74,0,Skilled Nursing Facility
A006306,P00215,57,0.181,Orthopedics,2025-12-03,5,2025-12-08,5846.4,3,Home Health Care
A006915,P00215,57,0.181,Emergency,2026-01-04,1,2026-01-05,1096.12,5,Home Health Care
A007115,P00215,57,0.181,Emergency,2026-02-21,1,2026-02-22,981.29,3,Home
A007463,P00215,57,0.181,ICU,2026-03-12,1,2026-03-13,2619.1,6,Home Health Care
A007477,P00215,57,0.181,General Surgery,2026-06-28,1,2026-06-29,1741.18,2,Home
A007925,P00215,57,0.181,Emergency,2026-08-01,2,2026-08-03,1931.77,10,Home
A002054,P00216,37,0.201,Emergency,2024-10-21,2,2024-10-23,2162.59,1,Skilled Nursing Facility
A002770,P00216,37,0.201,Neurology,2024-10-27,7,2024-11-03,11834.12,6,Home
A006549,P00216,37,0.201,Neurology,2025-11-07,1,2025-11-08,1536.56,1,Home
A001787,P00217,42,0.378,General Surgery,2024-11-26,1,2024-11-27,1649.73,2,Home
A002957,P00217,42,0.378,ICU,2024-12-22,14,2025-01-05,34792.03,4,Skilled Nursing Facility
A003467,P00217,42,0.378,ICU,2025-01-20,11,2025-01-31,24516.3,4,Home
A004715,P00217,42,0.378,General Surgery,2025-06-04,1,2025-06-05,1867.23,3,Home
A004805,P00217,42,0.378,ICU,2025-08-26,1,2025-08-27,2589.02,4,Home
A005889,P00217,42,0.378,Emergency,2025-10-28,6,2025-11-03,6511.83,5,Home
A007717,P00217,42,0.378,Orthopedics,2026-01-24,5,2026-01-29,7856.48,3,Home
A008191,P00217,42,0.378,Cardiology,2026-02-15,2,2026-02-17,4258.43,8,Home Health Care
A008229,P00217,42,0.378,Emergency,2026-03-06,7,2026-03-13,6471.09,4,Home
A008340,P00217,42,0.378,Neurology,2026-08-08,14,2026-08-22,24375.22,3,Home
A002783,P00218,52,0.349,General Surgery,2024-11-12,1,2024-11-13,1582.93,8,Home
A002921,P00218,52,0.349,ICU,2025-11-27,22,2025-12-19,61950.96,2,Home
A003142,P00218,52,0.349,Neurology,2025-12-24,2,2025-12-26,3141.23,6,Skilled Nursing Facility
A005005,P00218,52,0.349,Emergency,2026-08-31,10,2026-09-10,9828.12,8,Home Health Care
A007219,P00218,52,0.349,Orthopedics,2026-09-13,2,2026-09-15,2552.35,7,Home
A000303,P00219,62,0.148,Emergency,2024-11-11,2,2024-11-13,2249.52,7,Home
A001578,P00219,62,0.148,ICU,2025-01-16,3,2025-01-19,7680.82,7,Home
A002366,P00219,62,0.148,Neurology,2025-08-27,4,2025-08-31,6052.27,4,Home Health Care
A004517,P00219,62,0.148,Cardiology,2026-06-29,4,2026-07-03,6131.6,0,Home Health Care
A004555,P00219,62,0.148,ICU,2026-07-22,5,2026-07-27,12247.71,3,Home Health Care
A001192,P00220,46,0.261,Neurology,2025-02-08,10,2025-02-18,15234.55,6,Home
A001966,P00221,60,0.231,Emergency,2025-01-16,7,2025-01-23,6481.72,1,Home
A005275,P00221,60,0.231,Cardiology,2025-09-11,2,2025-09-13,4323.86,9,Home
A007511,P00221,60,0.231,General Surgery,2026-05-08,2,2026-05-10,3579.1,4,Home
A008221,P00221,60,0.231,Cardiology,2026-09-05,8,2026-09-13,14138.53,6,Skilled Nursing Facility
A000622,P00222,45,0.194,Emergency,2024-10-29,5,2024-11-03,4104.72,2,Home
A000763,P00222,45,0.194,Orthopedics,2025-02-07,4,2025-02-11,4691.31,4,Home
A003018,P00222,45,0.194,Emergency,2025-07-20,4,2025-07-24,3989.84,5,Skilled Nursing Facility
A003682,P00222,45,0.194,ICU,2025-08-06,24,2025-08-30,60650.21,4,Home
A003910,P00222,45,0.194,ICU,2025-12-15,8,2025-12-23,23990.92,4,Home Health Care
A004955,P00222,45,0.194,Emergency,2026-05-10,8,2026-05-18,6246.66,2,Home Health Care
A005229,P00222,45,0.194,ICU,2026-06-26,1,2026-06-27,3055.87,5,Home
A003041,P00223,39,0.189,Emergency,2025-01-10,10,2025-01-20,9480.81,0,Home
A006472,P00223,39,0.189,Emergency,2025-02-26,4,2025-03-02,3123.77,6,Skilled Nursing Facility
A006686,P00223,39,0.189,General Surgery,2025-07-07,1,2025-07-08,1308.43,8,Home
A007306,P00223,39,0.189,Emergency,2025-08-29,2,2025-08-31,1710.33,5,Home
A001995,P00224,96,0.519,Neurology,2024-11-09,4,2024-11-13,4769.58,6,Home
A002708,P00224,96,0.519,ICU,2025-01-11,7,2025-01-18,17093.69,8,Home Health Care
A002764,P00224,96,0.519,Neurology,2025-03-31,5,2025-04-05,6619.63,3,Skilled Nursing Facility
A004089,P00224,96,0.519,Emergency,2025-07-02,1,2025-07-03,946.88,5,Home
A005687,P00224,96,0.519,Emergency,2025-12-23,1,2025-12-24,1079.3,3,Against Medical Advice
A007194,P00224,96,0.519,ICU,2026-02-13,10,2026-02-23,24152.19,9,Home
A008500,P00224,96,0.519,Cardiology,2026-04-19,1,2026-04-20,2237.81,2,Home
A008947,P00224,96,0.519,Emergency,2026-04-27,3,2026-04-30,3228.49,6,Home Health Care
A009005,P00224,96,0.519,Emergency,2026-05-20,4,2026-05-24,3291.52,5,Home
A009031,P00224,96,0.519,Emergency,2026-07-19,1,2026-07-20,1049.39,7,Skilled Nursing Facility
A001351,P00225,68,0.415,General Surgery,2024-12-04,3,2024-12-07,5548.75,4,Home
A001361,P00225,68,0.415,Orthopedics,2026-05-11,1,2026-05-12,1463.64,5,Against Medical Advice
A002833,P00225,68,0.415,ICU,2026-08-08,2,2026-08-10,5463.46,4,Home
A001815,P00226,49,0.694,Neurology,2025-01-20,6,2025-01-26,9017.84,4,Home
A003131,P00226,49,0.694,General Surgery,2025-02-08,2,2025-02-10,3162.86,3,Home
A004912,P00226,49,0.694,ICU,2025-03-20,1,2025-03-21,2345.55,5,Home Health Care
A005175,P00226,49,0.694,General Surgery,2025-04-22,11,2025-05-03,19129.03,7,Home
A005741,P00226,49,0.694,General Surgery,2025-12-06,24,2025-12-30,35000.16,8,Home
A006011,P00227,94,0.432,Orthopedics,2024-11-26,1,2024-11-27,1201.09,7,Against Medical Advice
A006383,P00227,94,0.432,Orthopedics,2024-12-28,5,2025-01-02,5748.58,10,Home Health Care
A007426,P00227,94,0.432,Neurology,2025-01-22,12,2025-02-03,16525.8,7,Home
A008126,P00227,94,0.432,General Surgery,2025-02-13,14,2025-02-27,19634.33,3,Home
A008504,P00227,94,0.432,Emergency,2026-01-05,13,2026-01-18,12469.66,7,Home
A009124,P00227,94,0.432,Cardiology,2026-05-08,1,2026-05-09,1856.17,7,Skilled Nursing Facility
A005209,P00228,69,0.055,Emergency,2024-10-13,3,2024-10-16,3213.94,6,Home Health Care
A007184,P00228,69,0.055,Emergency,2025-01-07,3,2025-01-10,2517.5,2,Home Health Care
A007848,P00228,69,0.055,Emergency,2025-06-05,2,2025-06-07,1957.66,2,Home
A008465,P00228,69,0.055,Cardiology,2025-09-06,2,2025-09-08,3881.36,2,Home Health Care
A008475,P00228,69,0.055,Emergency,2025-11-14,2,2025-11-16,1650.42,2,Skilled Nursing Facility
A008499,P00228,69,0.055,Emergency,2025-12-07,10,2025-12-17,10477.16,4,Home
A001260,P00229,35,0.15,General Surgery,2025-01-15,7,2025-01-22,10345.51,5,Home
A001533,P00229,35,0.15,Emergency,2025-08-13,1,2025-08-14,1120.57,7,Home
A001621,P00229,35,0.15,Emergency,2025-08-30,3,2025-09-02,2758.27,5,Home
A002095,P00230,48,0.148,Emergency,2025-02-11,1,2025-02-12,773.47,4,Skilled Nursing Facility
A006928,P00230,48,0.148,General Surgery,2025-03-31,2,2025-04-02,2731.44,4,Home
A006958,P00230,48,0.148,Emergency,2025-09-07,2,2025-09-09,1940.62,3,Home
A007101,P00230,48,0.148,ICU,2025-12-19,3,2025-12-22,7449.09,2,Home
A001396,P00231,52,0.387,General Surgery,2024-10-19,1,2024-10-20,1359.63,11,Home
A002056,P00231,52,0.387,Emergency,2025-01-26,10,2025-02-05,10030.04,4,Home Health Care
A002204,P00231,52,0.387,Emergency,2025-04-13,3,2025-04-16,2529.48,5,Home
A002276,P00231,52,0.387,General Surgery,2025-11-23,3,2025-11-26,4370.59,7,Home
A002877,P00231,52,0.387,ICU,2026-01-22,2,2026-01-24,5226.39,4,Home Health Care
A004355,P00231,52,0.387,Cardiology,2026-06-15,13,2026-06-28,27757.57,7,Home Health Care
A000076,P00232,78,0.048,ICU,2024-10-06,1,2024-10-07,2488.32,1,Home
A001163,P00232,78,0.048,Cardiology,2024-12-17,1,2024-12-18,1533.15,5,Home
A002611,P00232,78,0.048,Emergency,2025-01-08,8,2025-01-16,6634.68,2,Home
A004295,P00232,78,0.048,Emergency,2025-07-26,7,2025-08-02,7177.57,4,Skilled Nursing Facility
A005312,P00232,78,0.048,Cardiology,2025-08-28,6,2025-09-03,10325.92,3,Home
A006276,P00232,78,0.048,Emergency,2026-06-13,4,2026-06-17,3104.91,1,Home
A000895,P00233,56,0.06,General Surgery,2025-02-09,1,2025-02-10,1287.46,5,Home
A001480,P00233,56,0.06,Orthopedics,2025-03-22,4,2025-03-26,5492.54,4,Against Medical Advice
A002013,P00233,56,0.06,Emergency,2025-05-02,6,2025-05-08,4794.25,4,Home Health Care
A002760,P00233,56,0.06,Emergency,2025-05-10,1,2025-05-11,1102.36,5,Home Health Care
A002802,P00233,56,0.06,ICU,2025-10-10,1,2025-10-11,2895.9,6,Home
A003047,P00233,56,0.06,Cardiology,2026-02-09,7,2026-02-16,12391.23,2,Skilled Nursing Facility
A003426,P00233,56,0.06,Orthopedics,2026-04-13,10,2026-04-23,15660.06,4,Home
A004170,P00233,56,0.06,Cardiology,2026-06-08,1,2026-06-09,1710.95,3,Home
A000790,P00234,57,0.62,General Surgery,2024-09-27,1,2024-09-28,1339.21,4,Against Medical Advice
A001655,P00234,57,0.62,Orthopedics,2024-11-03,2,2024-11-05,2418.67,6,Home Health Care
A001881,P00234,57,0.62,General Surgery,2025-04-25,3,2025-04-28,3827.61,4,Home
A001956,P00234,57,0.62,Emergency,2026-01-30,4,2026-02-03,3364.25,6,Skilled Nursing Facility
A004257,P00234,57,0.62,Emergency,2026-02-16,3,2026-02-19,2918.8,5,Home
A004468,P00234,57,0.62,Neurology,2026-04-30,1,2026-05-01,1391.54,8,Home
A004728,P00234,57,0.62,Cardiology,2026-06-10,3,2026-06-13,4784.68,5,Home
A006478,P00234,57,0.62,General Surgery,2026-09-14,1,2026-09-15,1590.26,9,Home Health Care
A003394,P00235,62,0.086,Emergency,2024-10-17,6,2024-10-23,6321.02,2,Home Health Care
A003834,P00235,62,0.086,Emergency,2024-12-23,3,2024-12-26,2369.38,3,Home
A004465,P00235,62,0.086,Neurology,2025-05-15,4,2025-05-19,6135.64,8,Home
A004751,P00235,62,0.086,General Surgery,2026-01-02,9,2026-01-11,13216.82,3,Home
A004775,P00235,62,0.086,Cardiology,2026-08-06,1,2026-08-07,1710.77,5,Home
A006989,P00235,62,0.086,Orthopedics,2026-09-12,4,2026-09-16,6464.98,5,Home Health Care
A007258,P00235,62,0.086,Emergency,2026-09-23,8,2026-10-01,7308.26,1,Home
A006658,P00236,51,0.157,Emergency,2024-11-23,3,2024-11-26,2477.65,3,Home
A007009,P00236,51,0.157,Emergency,2024-11-28,2,2024-11-30,1601.53,4,Skilled Nursing Facility
A008230,P00236,51,0.157,General Surgery,2024-12-29,3,2025-01-01,4688.31,4,Home
A008379,P00236,51,0.157,General Surgery,2025-01-13,9,2025-01-22,16351.62,6,Home Health Care
A008490,P00236,51,0.157,Neurology,2025-04-09,2,2025-04-11,3290.65,3,Home Health Care
A009288,P00236,51,0.157,Orthopedics,2025-04-14,1,2025-04-15,1544.33,7,Home
A009474,P00236,51,0.157,General Surgery,2025-05-05,8,2025-05-13,11805.32,4,Home
A009475,P00236,51,0.157,Emergency,2025-06-13,1,2025-06-14,820.7,0,Home
A009611,P00236,51,0.157,Cardiology,2025-09-09,1,2025-09-10,1789.15,2,Home Health Care
A009658,P00236,51,0.157,Emergency,2025-12-18,2,2025-12-20,1882.57,4,Skilled Nursing Facility
A009663,P00236,51,0.157,General Surgery,2026-01-19,11,2026-01-30,16426.36,3,Home
A000384,P00237,80,0.281,Emergency,2024-11-05,4,2024-11-09,3566.63,8,Home Health Care
A000519,P00237,80,0.281,Cardiology,2024-11-21,3,2024-11-24,5815.08,5,Home
A000643,P00237,80,0.281,General Surgery,2025-05-27,3,2025-05-30,4768.33,4,Home
A004071,P00237,80,0.281,ICU,2025-09-22,3,2025-09-25,9259.0,4,Home
A007071,P00237,80,0.281,Cardiology,2025-10-07,7,2025-10-14,13037.94,7,Skilled Nursing Facility
A007460,P00237,80,0.281,Emergency,2025-11-16,5,2025-11-21,4787.29,5,Home Health Care
A007589,P00237,80,0.281,Emergency,2025-12-20,7,2025-12-27,6487.25,5,Against Medical Advice
A007831,P00237,80,0.281,ICU,2026-02-21,8,2026-03-01,19543.54,3,Home
A000223,P00238,53,0.23,Emergency,2025-01-06,18,2025-01-24,14343.92,6,Home Health Care
A000785,P00238,53,0.23,ICU,2025-08-20,1,2025-08-21,2882.81,3,Home Health Care
A002151,P00238,53,0.23,Emergency,2026-02-06,1,2026-02-07,935.25,6,Home
A002775,P00238,53,0.23,Neurology,2026-07-20,3,2026-07-23,5189.57,4,Against Medical Advice
A003591,P00238,53,0.23,Emergency,2026-08-07,4,2026-08-11,3442.68,3,Against Medical Advice
A002372,P00239,45,0.384,Emergency,2025-01-26,26,2025-02-21,23094.08,4,Home
A007029,P00239,45,0.384,Emergency,2025-05-13,1,2025-05-14,1018.03,5,Home Health Care
A007290,P00239,45,0.384,Emergency,2025-06-05,2,2025-06-07,2121.52,8,Skilled Nursing Facility
A007528,P00239,45,0.384,General Surgery,2025-06-28,2,2025-06-30,2702.68,7,Home
A007959,P00239,45,0.384,ICU,2026-06-05,1,2026-06-06,2126.4,7,Skilled Nursing Facility
A008317,P00239,45,0.384,Orthopedics,2026-06-30,9,2026-07-09,12082.11,6,Home
A008448,P00239,45,0.384,Neurology,2026-07-29,2,2026-07-31,3162.32,8,Home Health Care
A008814,P00239,45,0.384,Neurology,2026-08-18,1,2026-08-19,1313.38,6,Home Health Care
A008986,P00239,45,0.384,General Surgery,2026-09-22,5,2026-09-27,6381.04,7,Skilled Nursing Facility
A000274,P00240,74,0.599,Emergency,2025-01-25,8,2025-02-02,8697.34,5,Home Health Care
A002915,P00240,74,0.599,Emergency,2025-04-12,4,2025-04-16,3648.92,7,Home
A005255,P00240,74,0.599,ICU,2025-04-29,6,2025-05-05,17881.99,3,Home
A005799,P00240,74,0.599,Emergency,2025-05-10,20,2025-05-30,16084.12,7,Skilled Nursing Facility
A006446,P00240,74,0.599,Emergency,2025-06-07,4,2025-06-11,4273.75,2,Home
A007411,P00240,74,0.599,Cardiology,2025-10-07,5,2025-10-12,9858.06,4,Against Medical Advice
A007994,P00240,74,0.599,Emergency,2025-10-19,1,2025-10-20,916.8,3,Skilled Nursing Facility
A008815,P00240,74,0.599,Cardiology,2025-12-26,5,2025-12-31,7909.14,7,Home Health Care
A000407,P00241,100,0.562,Cardiology,2024-11-17,8,2024-11-25,15281.62,4,Home
A000998,P00241,100,0.562,ICU,2024-12-22,7,2024-12-29,18788.08,6,Home Health Care
A003788,P00241,100,0.562,Neurology,2025-04-15,9,2025-04-24,14321.28,4,Home Health Care
A004771,P00241,100,0.562,Cardiology,2025-07-23,7,2025-07-30,12192.51,7,Home
A004936,P00241,100,0.562,Neurology,2025-12-12,8,2025-12-20,10386.1,9,Home
A005471,P00241,100,0.562,ICU,2026-03-30,2,2026-04-01,5857.18,8,Home
A007349,P00241,100,0.562,Cardiology,2026-06-21,5,2026-06-26,10362.74,3,Home
A007703,P00241,100,0.562,Emergency,2026-09-11,6,2026-09-17,4713.22,9,Home
A000209,P00242,46,0.483,Neurology,2025-01-04,2,2025-01-06,3199.44,5,Home
A000733,P00242,46,0.483,Neurology,2025-06-06,8,2025-06-14,12392.57,10,Skilled Nursing Facility
A002007,P00242,46,0.483,ICU,2025-06-25,12,2025-07-07,34737.79,8,Home Health Care
A002927,P00242,46,0.483,Cardiology,2025-08-06,7,2025-08-13,11397.72,10,Home
A003247,P00242,46,0.483,ICU,2025-10-26,4,2025-10-30,11028.96,8,Skilled Nursing Facility
A005428,P00242,46,0.483,Emergency,2025-11-16,1,2025-11-17,840.54,8,Skilled Nursing Facility
A006547,P00242,46,0.483,Emergency,2026-05-27,10,2026-06-06,9335.94,8,Home
A000912,P00243,41,0.254,Neurology,2024-10-09,4,2024-10-13,6327.91,8,Home Health Care
A000977,P00243,41,0.254,Orthopedics,2025-02-22,2,2025-02-24,2731.04,7,Home
A002525,P00243,41,0.254,General Surgery,2025-12-21,1,2025-12-22,1778.28,4,Home
A002685,P00243,41,0.254,Emergency,2026-02-21,1,2026-02-22,1102.9,3,Against Medical Advice
A004086,P00243,41,0.254,Emergency,2026-02-26,7,2026-03-05,7846.56,13,Home
A004750,P00243,41,0.254,Emergency,2026-03-30,1,2026-03-31,806.93,5,Home
A004761,P00243,41,0.254,Emergency,2026-08-07,3,2026-08-10,3236.52,4,Home
A004958,P00243,41,0.254,Neurology,2026-08-14,5,2026-08-19,7740.49,6,Skilled Nursing Facility
A001754,P00244,61,0.401,Cardiology,2024-11-05,1,2024-11-06,2105.38,5,Skilled Nursing Facility
A002527,P00244,61,0.401,Orthopedics,2024-12-20,2,2024-12-22,3047.44,9,Home
A003907,P00244,61,0.401,Orthopedics,2025-02-04,4,2025-02-08,4813.07,5,Home
A005141,P00244,61,0.401,General Surgery,2025-04-20,4,2025-04-24,6534.29,4,Home
A005660,P00244,61,0.401,Emergency,2025-04-30,4,2025-05-04,4284.59,0,Home
A007711,P00244,61,0.401,Neurology,2025-05-23,7,2025-05-30,10788.15,6,Home
A007985,P00244,61,0.401,General Surgery,2025-07-22,14,2025-08-05,25100.36,6,Home Health Care
A008516,P00244,61,0.401,ICU,2026-05-07,3,2026-05-10,6646.7,12,Skilled Nursing Facility
A008551,P00244,61,0.401,Emergency,2026-06-02,2,2026-06-04,2199.06,5,Home Health Care
A008725,P00244,61,0.401,ICU,2026-06-06,1,2026-06-07,2466.57,4,Home
A000508,P00245,66,0.503,ICU,2024-12-30,7,2025-01-06,17824.38,8,Home
A001761,P00245,66,0.503,Emergency,2025-02-15,6,2025-02-21,5117.21,6,Home
A003307,P00245,66,0.503,Emergency,2025-05-19,1,2025-05-20,921.96,5,Home
A006464,P00245,66,0.503,ICU,2025-11-15,18,2025-12-03,40165.63,6,Home
A006794,P00245,66,0.503,Orthopedics,2026-02-03,12,2026-02-15,14390.81,5,Home
A008584,P00245,66,0.503,Emergency,2026-02-18,3,2026-02-21,2811.41,6,Home
A009324,P00245,66,0.503,Neurology,2026-06-23,8,2026-07-01,9823.91,3,Home
A000555,P00246,63,0.446,ICU,2024-09-24,6,2024-09-30,13263.99,7,Skilled Nursing Facility
A001165,P00246,63,0.446,General Surgery,2024-11-04,2,2024-11-06,3042.64,3,Home
A003537,P00246,63,0.446,Neurology,2025-01-22,8,2025-01-30,12064.14,9,Home Health Care
A005289,P00246,63,0.446,General Surgery,2025-06-17,2,2025-06-19,3728.33,3,Home
A005512,P00246,63,0.446,Neurology,2025-11-11,3,2025-11-14,3622.12,9,Home Health Care
A006438,P00246,63,0.446,Cardiology,2025-12-09,3,2025-12-12,5119.8,7,Home
A007531,P00246,63,0.446,Orthopedics,2026-05-02,8,2026-05-10,9722.06,3,Home
A009089,P00246,63,0.446,Emergency,2026-09-21,1,2026-09-22,1040.21,3,Home
A000658,P00247,68,0.219,Emergency,2025-01-01,6,2025-01-07,6432.32,9,Home
A001530,P00247,68,0.219,ICU,2025-02-19,8,2025-02-27,18393.34,8,Home Health Care
A002119,P00247,68,0.219,Orthopedics,2025-04-27,1,2025-04-28,1591.79,6,Home
A004138,P00247,68,0.219,Orthopedics,2025-05-03,5,2025-05-08,7332.47,7,Home
A004169,P00247,68,0.219,ICU,2025-09-26,1,2025-09-27,2303.83,2,Home
A004749,P00247,68,0.219,Orthopedics,2025-10-22,8,2025-10-30,9385.7,4,Home Health Care
A006933,P00247,68,0.219,Orthopedics,2025-11-09,1,2025-11-10,1149.81,7,Home
A007813,P00247,68,0.219,Emergency,2026-08-06,14,2026-08-20,13573.59,3,Home Health Care
A002652,P00248,35,0.311,General Surgery,2024-11-30,12,2024-12-12,18268.56,5,Home
A003517,P00248,35,0.311,Emergency,2024-12-21,2,2024-12-23,1652.2,4,Home
A003615,P00248,35,0.311,Emergency,2025-02-23,3,2025-02-26,2636.82,5,Home
A005147,P00248,35,0.311,General Surgery,2025-03-28,1,2025-03-29,1358.5,4,Home Health Care
A005529,P00248,35,0.311,General Surgery,2025-04-03,13,2025-04-16,20070.96,3,Home
A006879,P00248,35,0.311,Emergency,2025-04-27,3,2025-04-30,2803.61,8,Home Health Care
A006983,P00248,35,0.311,Emergency,2025-05-19,5,2025-05-24,4912.05,5,Home
A007943,P00248,35,0.311,Emergency,2025-06-24,4,2025-06-28,3137.82,8,Home
A008287,P00248,35,0.311,Neurology,2025-08-07,11,2025-08-18,16586.75,9,Home
A008291,P00248,35,0.311,Emergency,2025-12-29,18,2026-01-16,18924.08,3,Against Medical Advice
A008489,P00248,35,0.311,Orthopedics,2026-05-21,4,2026-05-25,5977.38,4,Home
A008904,P00248,35,0.311,Emergency,2026-07-31,1,2026-08-01,788.84,4,Home
A000564,P00249,60,0.198,ICU,2025-01-18,7,2025-01-25,20252.73,8,Skilled Nursing Facility
A004833,P00249,60,0.198,Neurology,2025-02-24,4,2025-02-28,6390.26,7,Home
A006491,P00249,60,0.198,Emergency,2026-05-20,2,2026-05-22,1839.52,4,Home
A006825,P00249,60,0.198,General Surgery,2026-08-11,12,2026-08-23,20589.67,3,Home
A001154,P00250,32,0.079,Emergency,2024-12-06,6,2024-12-12,4856.09,4,Home Health Care
A001979,P00250,32,0.079,General Surgery,2025-02-23,7,2025-03-02,9644.67,4,Skilled Nursing Facility
A002565,P00250,32,0.079,Cardiology,2025-04-02,5,2025-04-07,8776.68,3,Home
A003446,P00250,32,0.079,Neurology,2025-10-26,8,2025-11-03,11965.18,2,Home
A003477,P00250,32,0.079,Cardiology,2026-03-05,6,2026-03-11,12818.48,5,Home
A006414,P00250,32,0.079,ICU,2026-08-29,4,2026-09-02,9380.75,4,Home
A002120,P00251,34,0.099,General Surgery,2025-01-10,2,2025-01-12,2965.22,6,Home
A002158,P00251,34,0.099,ICU,2025-08-01,3,2025-08-04,6876.35,5,Home
A003515,P00251,34,0.099,General Surgery,2025-09-30,2,2025-10-02,2767.74,6,Home
A000480,P00252,76,0.199,Orthopedics,2025-02-13,5,2025-02-18,6922.07,8,Home
A001875,P00252,76,0.199,Emergency,2025-03-19,1,2025-03-20,779.37,2,Home
A003865,P00252,76,0.199,Emergency,2025-06-05,3,2025-06-08,2638.65,8,Home Health Care
A004023,P00252,76,0.199,Orthopedics,2025-06-22,5,2025-06-27,6286.96,5,Home
A004395,P00252,76,0.199,ICU,2025-07-06,1,2025-07-07,2941.04,2,Home
A004538,P00252,76,0.199,Orthopedics,2025-08-01,2,2025-08-03,3213.29,4,Home
A006376,P00252,76,0.199,Cardiology,2026-03-04,7,2026-03-11,11445.62,5,Home
A001792,P00253,57,0.185,Cardiology,2025-01-26,1,2025-01-27,2010.74,8,Home
A001965,P00253,57,0.185,General Surgery,2025-08-12,2,2025-08-14,2837.51,7,Home
A003924,P00253,57,0.185,Emergency,2026-02-08,2,2026-02-10,2022.22,1,Home
A004667,P00253,57,0.185,Emergency,2026-05-14,2,2026-05-16,1727.22,4,Skilled Nursing Facility
A005463,P00253,57,0.185,General Surgery,2026-08-29,4,2026-09-02,5240.25,7,Home
A000458,P00254,82,0.377,Emergency,2024-11-02,10,2024-11-12,9707.9,6,Home
A000765,P00254,82,0.377,Neurology,2025-02-14,7,2025-02-21,10959.24,2,Home
A002690,P00254,82,0.377,ICU,2025-09-22,7,2025-09-29,19272.2,6,Home
A002709,P00254,82,0.377,ICU,2026-04-01,5,2026-04-06,11706.19,8,Against Medical Advice
A003503,P00254,82,0.377,ICU,2026-04-18,4,2026-04-22,11746.32,11,Home Health Care
A001331,P00255,65,0.176,ICU,2024-11-11,1,2024-11-12,2548.68,2,Home Health Care
A001763,P00255,65,0.176,Emergency,2024-11-15,1,2024-11-16,815.05,3,Home
A002063,P00255,65,0.176,Emergency,2024-12-02,5,2024-12-07,5130.17,2,Home
A003141,P00255,65,0.176,Neurology,2025-07-19,3,2025-07-22,4885.71,3,Home
A003354,P00255,65,0.176,Neurology,2025-08-08,3,2025-08-11,4464.79,1,Home
A004386,P00255,65,0.176,Emergency,2025-10-26,5,2025-10-31,5136.42,4,Home
A003319,P00256,40,0.272,General Surgery,2024-12-08,2,2024-12-10,3106.67,5,Home Health Care
A005063,P00256,40,0.272,Emergency,2025-01-07,5,2025-01-12,4607.06,3,Home
A005520,P00256,40,0.272,ICU,2025-06-05,5,2025-06-10,13871.43,8,Home Health Care
A006836,P00256,40,0.272,Cardiology,2025-08-05,1,2025-08-06,1725.25,9,Home
A009512,P00256,40,0.272,ICU,2026-01-03,4,2026-01-07,11882.34,3,Home
A009535,P00256,40,0.272,Neurology,2026-03-02,1,2026-03-03,1382.9,7,Skilled Nursing Facility
A009682,P00256,40,0.272,Cardiology,2026-03-13,2,2026-03-15,3786.01,1,Home
A009688,P00256,40,0.272,Emergency,2026-05-10,2,2026-05-12,1608.72,6,Home Health Care
A001146,P00257,65,0.089,Emergency,2024-11-18,3,2024-11-21,3369.27,2,Home Health Care
A001957,P00257,65,0.089,General Surgery,2024-11-28,1,2024-11-29,1646.17,4,Home
A003301,P00257,65,0.089,Emergency,2024-12-20,7,2024-12-27,7640.94,6,Home
A005707,P00257,65,0.089,Neurology,2025-01-11,7,2025-01-18,11248.0,3,Home
A006841,P00257,65,0.089,ICU,2025-03-19,6,2025-03-25,14351.56,3,Home Health Care
A007307,P00257,65,0.089,Neurology,2026-03-27,11,2026-04-07,15767.34,2,Home
A000070,P00258,67,0.066,ICU,2024-10-08,1,2024-10-09,2125.91,2,Home Health Care
A001172,P00258,67,0.066,Neurology,2024-11-14,6,2024-11-20,9142.11,4,Home
A003873,P00258,67,0.066,Neurology,2025-05-05,5,2025-05-10,7702.8,6,Home
A003996,P00258,67,0.066,General Surgery,2025-11-11,2,2025-11-13,2782.79,3,Home
A004364,P00258,67,0.066,Neurology,2026-09-06,3,2026-09-09,3783.08,8,Home
A000660,P00259,62,0.308,ICU,2025-02-09,2,2025-02-11,5561.9,5,Home
A002378,P00259,62,0.308,Neurology,2025-03-11,9,2025-03-20,14390.86,8,Home
A002616,P00259,62,0.308,Cardiology,2025-08-17,4,2025-08-21,6396.59,5,Home Health Care
A002958,P00259,62,0.308,ICU,2025-11-01,5,2025-11-06,12546.75,5,Home
A003096,P00259,62,0.308,Neurology,2025-11-22,7,2025-11-29,11109.42,2,Home
A004466,P00259,62,0.308,ICU,2026-04-02,6,2026-04-08,16283.34,4,Home
A002413,P00260,82,0.321,General Surgery,2024-10-09,1,2024-10-10,1727.46,1,Home Health Care
A002451,P00260,82,0.321,General Surgery,2024-12-04,2,2024-12-06,3748.54,5,Home
A003815,P00260,82,0.321,Cardiology,2025-01-21,6,2025-01-27,12722.26,5,Home
A004017,P00260,82,0.321,Emergency,2025-12-14,1,2025-12-15,1074.58,8,Home
A004314,P00260,82,0.321,General Surgery,2026-04-03,4,2026-04-07,6735.98,2,Home
A002864,P00261,52,0.499,Emergency,2024-12-13,8,2024-12-21,8523.28,5,Home
A004249,P00261,52,0.499,General Surgery,2025-05-13,3,2025-05-16,3947.17,4,Home
A006500,P00261,52,0.499,Emergency,2025-05-28,7,2025-06-04,6813.87,9,Home
A007348,P00261,52,0.499,Cardiology,2025-11-06,1,2025-11-07,1982.59,8,Home
A002089,P00262,89,0.171,Neurology,2024-10-08,4,2024-10-12,5575.85,4,Home
A002287,P00262,89,0.171,Emergency,2024-11-18,11,2024-11-29,9211.09,2,Against Medical Advice
A002928,P00262,89,0.171,General Surgery,2025-01-08,3,2025-01-11,5285.02,6,Home Health Care
A004404,P00262,89,0.171,ICU,2025-03-08,3,2025-03-11,7277.81,3,Home
A004989,P00262,89,0.171,Neurology,2025-05-09,4,2025-05-13,5042.15,6,Home
A004997,P00262,89,0.171,Emergency,2025-09-17,1,2025-09-18,977.33,1,Skilled Nursing Facility
A005350,P00262,89,0.171,Emergency,2025-11-11,1,2025-11-12,948.35,4,Home
A005407,P00262,89,0.171,Orthopedics,2026-03-06,2,2026-03-08,2398.44,5,Home Health Care
A000842,P00263,72,0.237,ICU,2024-10-06,1,2024-10-07,2756.74,6,Home Health Care
A003269,P00263,72,0.237,General Surgery,2025-08-21,7,2025-08-28,12671.28,6,Home Health Care
A004797,P00263,72,0.237,Emergency,2025-11-18,2,2025-11-20,2197.36,3,Home Health Care
A005171,P00263,72,0.237,Emergency,2026-04-24,8,2026-05-02,7265.65,7,Skilled Nursing Facility
A005620,P00263,72,0.237,Emergency,2026-05-04,4,2026-05-08,4327.82,7,Home Health Care
A000097,P00264,63,0.725,Neurology,2025-01-24,2,2025-01-26,2674.06,3,Skilled Nursing Facility
A002824,P00264,63,0.725,Emergency,2025-02-06,11,2025-02-17,12334.39,9,Home
A004225,P00264,63,0.725,Orthopedics,2025-04-20,8,2025-04-28,12396.29,5,Home
A005068,P00264,63,0.725,Neurology,2025-11-06,13,2025-11-19,19353.79,6,Home Health Care
A007660,P00264,63,0.725,Orthopedics,2026-01-23,5,2026-01-28,7330.79,12,Home
A008209,P00264,63,0.725,Emergency,2026-02-07,7,2026-02-14,6886.02,6,Home
A008304,P00264,63,0.725,Neurology,2026-05-27,2,2026-05-29,2720.39,6,Home Health Care
A002532,P00265,51,0.328,Neurology,2025-01-30,4,2025-02-03,5282.27,5,Home Health Care
A002904,P00265,51,0.328,Orthopedics,2025-03-26,2,2025-03-28,3104.0,4,Home Health Care
A003312,P00265,51,0.328,Emergency,2025-08-12,8,2025-08-20,7928.67,7,Home
A001191,P00266,55,0.065,Cardiology,2025-02-06,3,2025-02-09,5301.24,7,Home
A002326,P00266,55,0.065,General Surgery,2025-03-10,4,2025-03-14,6922.1,3,Home Health Care
A002943,P00266,55,0.065,Neurology,2025-04-21,3,2025-04-24,4372.34,5,Home Health Care
A006934,P00266,55,0.065,Orthopedics,2025-11-08,1,2025-11-09,1382.68,7,Home Health Care
A007127,P00266,55,0.065,ICU,2026-03-06,1,2026-03-07,2720.46,7,Home Health Care
A007227,P00266,55,0.065,ICU,2026-05-14,3,2026-05-17,8030.09,1,Home
A007593,P00266,55,0.065,Emergency,2026-06-06,1,2026-06-07,978.62,0,Against Medical Advice
A008228,P00266,55,0.065,ICU,2026-07-12,2,2026-07-14,4838.83,2,Home
A000878,P00267,63,0.347,Cardiology,2024-11-03,11,2024-11-14,19222.23,6,Skilled Nursing Facility
A006996,P00267,63,0.347,ICU,2024-11-29,11,2024-12-10,28771.91,5,Skilled Nursing Facility
A007182,P00267,63,0.347,ICU,2025-01-13,1,2025-01-14,2899.79,6,Home
A008444,P00267,63,0.347,Emergency,2025-04-10,3,2025-04-13,2907.03,4,Home
A009305,P00267,63,0.347,Emergency,2025-09-16,18,2025-10-04,14331.99,8,Home
A009345,P00267,63,0.347,Neurology,2026-02-21,7,2026-02-28,10052.85,6,Home Health Care
A009494,P00267,63,0.347,General Surgery,2026-09-10,6,2026-09-16,8023.21,4,Home Health Care
A000547,P00268,87,0.304,Cardiology,2024-10-08,3,2024-10-11,5234.11,5,Home
A000600,P00268,87,0.304,General Surgery,2025-08-12,4,2025-08-16,7395.84,11,Home
A000799,P00268,87,0.304,Neurology,2025-10-05,1,2025-10-06,1599.23,4,Home
A002345,P00268,87,0.304,Neurology,2026-08-19,6,2026-08-25,7318.25,6,Home
A000758,P00269,63,0.215,Cardiology,2025-02-01,6,2025-02-07,12300.35,4,Home
A001081,P00269,63,0.215,Emergency,2025-05-19,3,2025-05-22,3001.94,6,Home Health Care
A001246,P00269,63,0.215,Emergency,2025-06-20,2,2025-06-22,1542.7,3,Home
A001575,P00269,63,0.215,ICU,2026-05-16,1,2026-05-17,2125.99,5,Home Health Care
A005008,P00269,63,0.215,Cardiology,2026-07-20,1,2026-07-21,1628.16,1,Home
A005330,P00269,63,0.215,ICU,2026-08-11,9,2026-08-20,26489.86,4,Home
A005755,P00269,63,0.215,ICU,2026-08-22,1,2026-08-23,2283.43,5,Against Medical Advice
A000491,P00270,54,0.157,General Surgery,2024-10-14,1,2024-10-15,1846.83,2,Skilled Nursing Facility
A001750,P00270,54,0.157,Emergency,2024-10-24,4,2024-10-28,3227.07,3,Home
A001924,P00270,54,0.157,Neurology,2024-11-23,2,2024-11-25,2659.19,5,Home
A002586,P00270,54,0.157,Orthopedics,2025-02-10,12,2025-02-22,19438.24,3,Home Health Care
A003872,P00270,54,0.157,ICU,2025-11-27,1,2025-11-28,2902.59,4,Against Medical Advice
A005537,P00270,54,0.157,Emergency,2025-12-28,2,2025-12-30,2247.97,4,Home Health Care
A006401,P00270,54,0.157,Emergency,2026-02-03,2,2026-02-05,2119.86,4,Home
A007375,P00270,54,0.157,Emergency,2026-08-08,3,2026-08-11,2870.49,3,Home Health Care
A001340,P00271,44,0.248,Emergency,2024-11-10,17,2024-11-27,15681.66,6,Home
A002281,P00271,44,0.248,Emergency,2025-12-14,4,2025-12-18,4064.76,3,Home
A000474,P00272,29,0.177,Orthopedics,2024-10-11,1,2024-10-12,1577.52,2,Home Health Care
A002940,P00272,29,0.177,Emergency,2024-12-10,5,2024-12-15,4512.67,4,Home
A004717,P00272,29,0.177,Cardiology,2025-08-21,3,2025-08-24,5477.32,4,Home
A006387,P00272,29,0.177,Neurology,2026-02-08,1,2026-02-09,1387.84,6,Home
A007627,P00272,29,0.177,ICU,2026-03-31,2,2026-04-02,5159.24,6,Skilled Nursing Facility
A008160,P00272,29,0.177,Emergency,2026-04-20,2,2026-04-22,2143.77,2,Home
A008231,P00272,29,0.177,Orthopedics,2026-05-26,8,2026-06-03,11261.97,4,Against Medical Advice
A008497,P00272,29,0.177,Cardiology,2026-06-13,15,2026-06-28,30060.4,3,Home
A001497,P00273,70,0.631,Orthopedics,2024-10-11,6,2024-10-17,9117.28,8,Home
A001638,P00273,70,0.631,General Surgery,2024-12-30,3,2025-01-02,3993.29,9,Home
A003804,P00273,70,0.631,Neurology,2025-05-09,5,2025-05-14,8739.16,8,Against Medical Advice
A004867,P00273,70,0.631,Cardiology,2025-07-14,23,2025-08-06,47773.52,8,Home
A006871,P00273,70,0.631,Emergency,2026-03-10,5,2026-03-15,4557.78,13,Home
A000196,P00274,56,0.1,Emergency,2024-11-23,1,2024-11-24,1109.97,1,Home
A000847,P00274,56,0.1,ICU,2024-12-02,2,2024-12-04,4650.72,5,Home Health Care
A002841,P00274,56,0.1,Emergency,2025-01-26,1,2025-01-27,972.65,2,Home
A003171,P00274,56,0.1,Emergency,2025-08-11,2,2025-08-13,1980.34,2,Home
A003567,P00274,56,0.1,General Surgery,2025-11-08,9,2025-11-17,14003.59,5,Skilled Nursing Facility
A004105,P00274,56,0.1,Emergency,2025-11-22,14,2025-12-06,12241.47,4,Home
A006237,P00274,56,0.1,Cardiology,2026-06-18,5,2026-06-23,10009.19,2,Skilled Nursing Facility
A007252,P00274,56,0.1,ICU,2026-08-01,7,2026-08-08,17747.56,2,Home
A002704,P00275,86,0.149,General Surgery,2025-01-05,3,2025-01-08,4862.37,3,Home Health Care
A003215,P00275,86,0.149,General Surgery,2025-04-23,2,2025-04-25,3647.5,2,Home
A004741,P00275,86,0.149,Emergency,2025-06-11,2,2025-06-13,1598.86,3,Home
A004914,P00275,86,0.149,Neurology,2026-05-05,3,2026-05-08,4282.64,2,Home Health Care
A005383,P00275,86,0.149,Cardiology,2026-05-22,12,2026-06-03,26343.83,1,Home Health Care
A005737,P00275,86,0.149,Neurology,2026-09-01,4,2026-09-05,5942.14,3,Home
A000943,P00276,68,0.181,Emergency,2024-10-24,9,2024-11-02,6991.66,9,Home
A000982,P00276,68,0.181,Orthopedics,2025-03-09,1,2025-03-10,1619.76,4,Home
A002950,P00276,68,0.181,Emergency,2025-03-23,3,2025-03-26,3279.18,2,Home Health Care
A003696,P00276,68,0.181,ICU,2025-05-22,4,2025-05-26,10645.55,5,Home
A006339,P00276,68,0.181,General Surgery,2025-11-01,1,2025-11-02,1794.2,2,Home
A008019,P00276,68,0.181,Orthopedics,2026-04-22,1,2026-04-23,1603.07,4,Home
A000233,P00277,72,0.55,Emergency,2025-02-16,10,2025-02-26,7937.62,6,Against Medical Advice
A001121,P00277,72,0.55,Emergency,2025-03-08,35,2025-04-12,39062.42,11,Home Health Care
A002186,P00277,72,0.55,Orthopedics,2025-08-02,1,2025-08-03,1370.18,7,Home
A004536,P00277,72,0.55,Emergency,2025-08-16,6,2025-08-22,6554.17,7,Home
A005203,P00277,72,0.55,Orthopedics,2026-03-04,3,2026-03-07,4656.54,1,Home
A008214,P00277,72,0.55,Orthopedics,2026-07-29,3,2026-08-01,4398.71,3,Home
A001292,P00278,60,0.352,Neurology,2024-11-26,15,2024-12-11,18354.31,5,Skilled Nursing Facility
A003849,P00278,60,0.352,Emergency,2025-02-15,6,2025-02-21,5795.01,7,Home
A004233,P00278,60,0.352,Emergency,2025-07-06,1,2025-07-07,1097.95,4,Home Health Care
A004418,P00278,60,0.352,Emergency,2025-08-21,1,2025-08-22,894.18,7,Home
A005150,P00278,60,0.352,Emergency,2025-11-21,2,2025-11-23,2012.15,5,Home
A005342,P00278,60,0.352,Emergency,2026-02-07,2,2026-02-09,1715.7,4,Home
A006355,P00278,60,0.352,Cardiology,2026-03-20,6,2026-03-26,11815.87,4,Home
A006624,P00278,60,0.352,ICU,2026-05-25,1,2026-05-26,3119.17,5,Home
A006637,P00278,60,0.352,Neurology,2026-06-25,2,2026-06-27,3365.85,5,Home
A007802,P00278,60,0.352,General Surgery,2026-09-08,1,2026-09-09,1489.68,9,Home Health Care
A001326,P00279,41,0.04,General Surgery,2024-10-04,3,2024-10-07,5125.93,2,Home
A004733,P00279,41,0.04,Cardiology,2025-03-09,2,2025-03-11,4010.98,3,Against Medical Advice
A005256,P00279,41,0.04,Orthopedics,2025-04-16,1,2025-04-17,1588.36,3,Home
A006022,P00279,41,0.04,Cardiology,2025-06-06,9,2025-06-15,16569.13,3,Skilled Nursing Facility
A006197,P00279,41,0.04,Emergency,2025-08-04,11,2025-08-15,9757.03,1,Home
A007818,P00279,41,0.04,ICU,2025-09-16,7,2025-09-23,18223.96,2,Home
A008275,P00279,41,0.04,General Surgery,2025-10-10,15,2025-10-25,23689.98,4,Skilled Nursing Facility
A009107,P00279,41,0.04,Emergency,2025-11-26,1,2025-11-27,1043.76,5,Skilled Nursing Facility
A009235,P00279,41,0.04,Emergency,2026-01-06,4,2026-01-10,4256.77,2,Home
A009295,P00279,41,0.04,Emergency,2026-02-05,3,2026-02-08,2988.87,2,Home
A009589,P00279,41,0.04,ICU,2026-04-09,5,2026-04-14,12361.43,2,Against Medical Advice
A009672,P00279,41,0.04,ICU,2026-08-12,8,2026-08-20,22468.67,4,Home
A000606,P00280,64,0.301,Emergency,2024-10-14,1,2024-10-15,995.18,8,Home Health Care
A000919,P00280,64,0.301,Emergency,2024-10-28,1,2024-10-29,1016.58,6,Home Health Care
A001471,P00280,64,0.301,ICU,2025-01-02,12,2025-01-14,37458.65,8,Home Health Care
A001779,P00280,64,0.301,Neurology,2025-02-17,4,2025-02-21,4893.64,5,Home
A003502,P00280,64,0.301,ICU,2025-06-13,2,2025-06-15,4620.03,4,Skilled Nursing Facility
A004227,P00280,64,0.301,General Surgery,2025-09-01,6,2025-09-07,10581.2,3,Against Medical Advice
A005367,P00280,64,0.301,Neurology,2025-09-08,5,2025-09-13,5956.08,5,Skilled Nursing Facility
A005543,P00280,64,0.301,ICU,2025-10-14,6,2025-10-20,14142.94,2,Home
A005955,P00280,64,0.301,Emergency,2025-10-24,3,2025-10-27,2973.99,6,Home
A006939,P00280,64,0.301,Orthopedics,2025-10-31,3,2025-11-03,3835.41,5,Home
A000294,P00281,50,0.411,Emergency,2025-01-09,6,2025-01-15,4606.76,10,Home
A001904,P00281,50,0.411,ICU,2025-02-28,3,2025-03-03,8941.89,7,Home
A006098,P00281,50,0.411,Cardiology,2025-08-26,6,2025-09-01,10821.59,4,Home
A006557,P00281,50,0.411,Emergency,2025-10-20,2,2025-10-22,2043.78,4,Home
A006740,P00281,50,0.411,Orthopedics,2026-03-27,5,2026-04-01,7774.24,4,Home
A007218,P00281,50,0.411,Orthopedics,2026-08-18,2,2026-08-20,2659.28,5,Home Health Care
A000578,P00282,63,0.208,General Surgery,2025-02-15,4,2025-02-19,5394.58,5,Home Health Care
A001742,P00282,63,0.208,Neurology,2025-05-16,2,2025-05-18,2813.03,7,Home
A004744,P00282,63,0.208,Orthopedics,2026-04-24,16,2026-05-10,25313.58,4,Skilled Nursing Facility
A006525,P00282,63,0.208,Emergency,2026-06-17,5,2026-06-22,5396.36,2,Home
A008140,P00282,63,0.208,Emergency,2026-08-30,1,2026-08-31,779.08,4,Home Health Care
A001018,P00283,39,0.35,Emergency,2025-02-04,2,2025-02-06,1943.79,5,Home Health Care
A005086,P00283,39,0.35,Emergency,2025-02-25,12,2025-03-09,10957.51,4,Home
A005303,P00283,39,0.35,ICU,2025-04-18,4,2025-04-22,9630.9,6,Home
A006202,P00283,39,0.35,Neurology,2025-07-16,14,2025-07-30,22081.64,7,Home
A009081,P00283,39,0.35,Cardiology,2025-12-24,3,2025-12-27,5609.33,9,Home
A009108,P00283,39,0.35,Emergency,2026-09-21,6,2026-09-27,6664.32,3,Skilled Nursing Facility
A000088,P00284,66,0.643,Cardiology,2024-12-13,2,2024-12-15,3848.56,6,Home
A005589,P00284,66,0.643,Neurology,2025-05-19,9,2025-05-28,11486.04,3,Home
A005716,P00284,66,0.643,ICU,2025-08-10,3,2025-08-13,6434.86,10,Home
A006063,P00284,66,0.643,Neurology,2025-08-21,2,2025-08-23,3493.04,6,Home
A006982,P00284,66,0.643,Orthopedics,2025-09-18,5,2025-09-23,8096.14,6,Home
A007442,P00284,66,0.643,ICU,2026-02-15,9,2026-02-24,23411.27,14,Home Health Care
A007554,P00284,66,0.643,General Surgery,2026-05-03,8,2026-05-11,10269.32,8,Home
A008916,P00284,66,0.643,General Surgery,2026-05-26,1,2026-05-27,1786.04,3,Home
A009090,P00284,66,0.643,Neurology,2026-06-04,5,2026-06-09,8608.44,6,Home
A009473,P00284,66,0.643,Neurology,2026-06-22,3,2026-06-25,3630.75,3,Home Health Care
A001642,P00285,12,0.335,Emergency,2024-11-29,4,2024-12-03,4356.83,5,Home
A001654,P00285,12,0.335,Emergency,2025-03-29,14,2025-04-12,10729.04,8,Home
A004124,P00285,12,0.335,Emergency,2025-04-18,11,2025-04-29,12175.35,3,Home
A007823,P00285,12,0.335,Neurology,2025-06-04,2,2025-06-06,3247.34,4,Against Medical Advice
A008928,P00285,12,0.335,Orthopedics,2025-08-21,1,2025-08-22,1137.07,3,Home
A009061,P00285,12,0.335,Emergency,2026-04-09,1,2026-04-10,1105.79,1,Against Medical Advice
A009192,P00285,12,0.335,Orthopedics,2026-04-17,1,2026-04-18,1131.5,4,Home Health Care
A009302,P00285,12,0.335,Emergency,2026-07-04,10,2026-07-14,7837.9,6,Home Health Care
A009379,P00285,12,0.335,ICU,2026-08-09,13,2026-08-22,28868.1,4,Home
A000143,P00286,54,0.335,General Surgery,2024-11-15,1,2024-11-16,1498.2,6,Home Health Care
A000251,P00286,54,0.335,Neurology,2025-12-02,8,2025-12-10,13947.15,6,Home
A000290,P00286,54,0.335,Emergency,2026-08-30,5,2026-09-04,5243.16,5,Home
A000204,P00287,6,0.452,Neurology,2024-12-13,3,2024-12-16,5181.86,8,Skilled Nursing Facility
A000413,P00287,6,0.452,Cardiology,2024-12-21,34,2025-01-24,69032.75,3,Skilled Nursing Facility
A000719,P00287,6,0.452,Emergency,2025-04-26,13,2025-05-09,10080.69,2,Home Health Care
A000947,P00287,6,0.452,Emergency,2025-06-09,7,2025-06-16,7654.76,8,Home
A002069,P00287,6,0.452,Emergency,2025-07-28,4,2025-08-01,3508.06,4,Home
A003330,P00287,6,0.452,Emergency,2026-04-21,2,2026-04-23,1854.63,8,Home Health Care
A004547,P00287,6,0.452,General Surgery,2026-04-24,3,2026-04-27,5241.36,2,Home
A004949,P00287,6,0.452,Neurology,2026-07-05,2,2026-07-07,2517.08,5,Skilled Nursing Facility
A006149,P00287,6,0.452,ICU,2026-09-13,2,2026-09-15,6036.9,5,Home
A000959,P00288,68,0.111,Neurology,2024-11-24,10,2024-12-04,15239.73,5,Home
A002131,P00288,68,0.111,Neurology,2025-04-21,7,2025-04-28,11709.0,4,Home
A002640,P00288,68,0.111,Neurology,2025-06-14,1,2025-06-15,1513.12,2,Home
A006994,P00288,68,0.111,General Surgery,2025-06-25,2,2025-06-27,2772.86,2,Home Health Care
A007016,P00288,68,0.111,Cardiology,2025-12-08,12,2025-12-20,22526.94,4,Skilled Nursing Facility
A007559,P00288,68,0.111,General Surgery,2026-01-24,27,2026-02-20,49356.2,1,Home
A007834,P00288,68,0.111,Emergency,2026-03-16,1,2026-03-17,1063.6,2,Home
A001871,P00289,45,0.241,Cardiology,2024-11-30,4,2024-12-04,7332.19,6,Home
A003453,P00289,45,0.241,Cardiology,2026-03-19,8,2026-03-27,13681.16,3,Home Health Care
A003769,P00289,45,0.241,Emergency,2026-04-05,1,2026-04-06,1000.9,1,Home
A004267,P00290,51,0.213,Neurology,2025-01-03,3,2025-01-06,5072.9,3,Skilled Nursing Facility
A005792,P00290,51,0.213,ICU,2025-02-06,1,2025-02-07,3013.8,6,Against Medical Advice
A007630,P00290,51,0.213,Emergency,2025-09-20,2,2025-09-22,2010.06,4,Home
A007852,P00290,51,0.213,Emergency,2025-12-03,1,2025-12-04,913.82,3,Home
A007962,P00290,51,0.213,General Surgery,2025-12-11,5,2025-12-16,8200.36,3,Home
A008103,P00290,51,0.213,Emergency,2026-04-06,3,2026-04-09,2657.13,2,Home Health Care
A008911,P00290,51,0.213,Emergency,2026-07-31,8,2026-08-08,7370.19,5,Skilled Nursing Facility
A009308,P00290,51,0.213,General Surgery,2026-09-04,3,2026-09-07,4716.6,5,Home
A001264,P00291,63,0.163,Emergency,2024-10-27,4,2024-10-31,3932.31,5,Home Health Care
A001415,P00291,63,0.163,Emergency,2025-01-29,1,2025-01-30,1055.47,3,Skilled Nursing Facility
A001573,P00291,63,0.163,Neurology,2025-03-08,7,2025-03-15,9687.4,2,Home
A002758,P00291,63,0.163,Emergency,2025-06-19,1,2025-06-20,979.97,4,Skilled Nursing Facility
A004889,P00291,63,0.163,General Surgery,2025-08-15,11,2025-08-26,15499.61,2,Home Health Care
A007298,P00291,63,0.163,ICU,2025-09-20,4,2025-09-24,11706.67,3,Home Health Care
A008309,P00291,63,0.163,Neurology,2026-08-05,1,2026-08-06,1408.74,4,Home
A008487,P00291,63,0.163,General Surgery,2026-09-14,9,2026-09-23,13456.51,6,Home
A000541,P00292,58,0.05,Emergency,2024-12-09,5,2024-12-14,4391.44,4,Home
A002806,P00292,58,0.05,ICU,2025-01-21,3,2025-01-24,7580.54,2,Home Health Care
A003026,P00292,58,0.05,Orthopedics,2025-03-26,1,2025-03-27,1145.32,3,Home
A003195,P00292,58,0.05,Emergency,2026-01-05,3,2026-01-08,3130.37,5,Home
A003985,P00292,58,0.05,Emergency,2026-07-04,1,2026-07-05,1047.17,3,Home
A004109,P00292,58,0.05,Emergency,2026-08-11,2,2026-08-13,1552.81,2,Home
A000254,P00293,39,0.381,Emergency,2025-01-19,4,2025-01-23,3647.84,5,Home
A001323,P00293,39,0.381,Neurology,2025-05-27,1,2025-05-28,1334.77,4,Home Health Care
A001755,P00293,39,0.381,Emergency,2025-06-20,10,2025-06-30,10275.55,3,Home
A002497,P00293,39,0.381,ICU,2025-07-10,2,2025-07-12,6145.15,8,Home
A003971,P00293,39,0.381,General Surgery,2026-03-17,1,2026-03-18,1447.63,7,Skilled Nursing Facility
A004568,P00293,39,0.381,Cardiology,2026-04-02,1,2026-04-03,2023.34,5,Home
A004746,P00293,39,0.381,Emergency,2026-04-13,18,2026-05-01,17113.47,3,Home
A005778,P00293,39,0.381,General Surgery,2026-07-08,3,2026-07-11,4453.21,6,Home
A000116,P00294,53,0.484,General Surgery,2024-12-13,2,2024-12-15,3425.64,8,Home Health Care
A003889,P00294,53,0.484,Emergency,2025-03-09,3,2025-03-12,2378.85,2,Home
A005830,P00294,53,0.484,Cardiology,2025-11-25,1,2025-11-26,1796.77,6,Home
A006067,P00294,53,0.484,General Surgery,2025-12-14,2,2025-12-16,3015.51,11,Home
A007393,P00294,53,0.484,Emergency,2026-03-25,17,2026-04-11,18682.81,4,Home Health Care
A000139,P00295,57,0.288,Cardiology,2024-10-12,19,2024-10-31,40149.61,7,Home
A000320,P00295,57,0.288,Emergency,2024-12-23,2,2024-12-25,1947.9,3,Home Health Care
A002803,P00295,57,0.288,General Surgery,2025-11-22,1,2025-11-23,1465.24,3,Home
A003159,P00295,57,0.288,Neurology,2026-04-10,3,2026-04-13,3743.16,4,Home Health Care
A004768,P00295,57,0.288,ICU,2026-07-30,7,2026-08-06,16189.8,4,Home
A005444,P00296,65,0.13,ICU,2024-09-26,7,2024-10-03,16187.61,5,Home
A005862,P00296,65,0.13,Neurology,2025-04-07,1,2025-04-08,1430.05,3,Home Health Care
A006124,P00296,65,0.13,ICU,2025-12-01,1,2025-12-02,2675.67,2,Skilled Nursing Facility
A006572,P00296,65,0.13,Emergency,2026-05-04,1,2026-05-05,1065.57,5,Home Health Care
A007287,P00296,65,0.13,Emergency,2026-07-14,6,2026-07-20,6414.4,1,Skilled Nursing Facility
A007913,P00296,65,0.13,ICU,2026-07-29,3,2026-08-01,7849.06,3,Skilled Nursing Facility
A007933,P00296,65,0.13,General Surgery,2026-09-16,10,2026-09-26,13851.34,7,Home Health Care
A002123,P00297,36,0.273,ICU,2025-01-19,3,2025-01-22,8468.18,4,Home
A002428,P00297,36,0.273,Emergency,2025-11-21,1,2025-11-22,788.92,8,Home
A003189,P00297,36,0.273,Emergency,2026-04-14,4,2026-04-18,4379.44,3,Home
A003555,P00297,36,0.273,ICU,2026-05-08,14,2026-05-22,33404.98,6,Home
A005037,P00297,36,0.273,Emergency,2026-08-11,5,2026-08-16,3847.5,2,Home
A000859,P00298,88,0.378,ICU,2025-02-15,7,2025-02-22,20103.82,3,Home
A001024,P00298,88,0.378,Neurology,2025-06-09,3,2025-06-12,3919.94,5,Home Health Care
A004933,P00298,88,0.378,Emergency,2025-07-15,4,2025-07-19,4027.99,2,Home
A005841,P00298,88,0.378,ICU,2025-09-28,1,2025-09-29,2646.66,6,Home Health Care
A006104,P00298,88,0.378,Emergency,2026-07-21,22,2026-08-12,17523.94,4,Home
A000024,P00299,78,0.087,ICU,2024-10-19,2,2024-10-21,5285.28,2,Home
A001084,P00300,49,0.183,Emergency,2024-10-12,5,2024-10-17,5227.38,6,Home Health Care
A001293,P00300,49,0.183,Orthopedics,2024-12-15,4,2024-12-19,4819.66,1,Home
A001883,P00300,49,0.183,General Surgery,2025-01-30,5,2025-02-04,7201.75,7,Home Health Care
A002351,P00300,49,0.183,Neurology,2025-07-18,2,2025-07-20,2701.89,3,Skilled Nursing Facility
A004703,P00300,49,0.183,Neurology,2025-11-12,4,2025-11-16,5266.67,7,Home
A004834,P00300,49,0.183,ICU,2026-04-01,17,2026-04-18,37882.74,3,Home
A005883,P00300,49,0.183,Emergency,2026-08-12,8,2026-08-20,7496.66,3,Skilled Nursing Facility
A000018,P00301,62,0.382,Emergency,2025-02-08,5,2025-02-13,4319.96,4,Home
A001151,P00301,62,0.382,ICU,2025-06-25,5,2025-06-30,11330.23,4,Home Health Care
A001296,P00301,62,0.382,Emergency,2025-07-25,8,2025-08-02,6931.11,1,Home Health Care
A003086,P00301,62,0.382,General Surgery,2026-03-05,12,2026-03-17,22445.41,3,Home
A003691,P00301,62,0.382,ICU,2026-08-30,3,2026-09-02,6972.21,12,Home
A000155,P00302,44,0.159,Emergency,2024-11-17,9,2024-11-26,7620.16,5,Home
A002626,P00302,44,0.159,General Surgery,2024-12-25,5,2024-12-30,6833.98,4,Home Health Care
A003245,P00302,44,0.159,ICU,2025-02-26,3,2025-03-01,6681.37,7,Home
A003557,P00302,44,0.159,Emergency,2025-05-25,7,2025-06-01,7626.43,9,Home
A004413,P00302,44,0.159,General Surgery,2026-03-26,4,2026-03-30,5779.04,2,Home
A001927,P00303,62,0.331,ICU,2025-01-31,18,2025-02-18,53125.98,7,Against Medical Advice
A002509,P00303,62,0.331,Emergency,2025-04-10,2,2025-04-12,1715.55,6,Skilled Nursing Facility
A003775,P00303,62,0.331,Emergency,2025-04-17,3,2025-04-20,2740.11,6,Home
A004279,P00303,62,0.331,Neurology,2025-11-06,15,2025-11-21,24730.1,9,Home
A004341,P00303,62,0.331,General Surgery,2025-12-31,16,2026-01-16,22017.89,5,Home
A004439,P00303,62,0.331,Neurology,2026-08-01,2,2026-08-03,3359.98,10,Home
A002250,P00304,40,0.262,ICU,2024-11-30,2,2024-12-02,6221.53,2,Home
A002807,P00304,40,0.262,General Surgery,2026-02-18,4,2026-02-22,6448.8,4,Home
A005152,P00304,40,0.262,Emergency,2026-03-26,3,2026-03-29,2911.85,2,Home
A007937,P00304,40,0.262,Emergency,2026-04-19,1,2026-04-20,1122.92,0,Home
A008248,P00304,40,0.262,Neurology,2026-07-14,7,2026-07-21,9498.84,2,Home
A000558,P00305,63,0.113,ICU,2024-10-27,11,2024-11-07,34270.12,3,Home
A003685,P00305,63,0.113,Emergency,2025-01-07,1,2025-01-08,1043.7,4,Home Health Care
A004714,P00305,63,0.113,Emergency,2025-10-14,4,2025-10-18,4442.79,7,Home Health Care
A004791,P00305,63,0.113,Cardiology,2026-07-02,1,2026-07-03,1779.82,1,Skilled Nursing Facility
A005839,P00305,63,0.113,Neurology,2026-07-18,2,2026-07-20,2474.77,2,Home
A000028,P00306,44,0.124,Neurology,2024-12-22,11,2025-01-02,18382.24,2,Home Health Care
A000575,P00306,44,0.124,ICU,2025-11-18,6,2025-11-24,14605.54,3,Home Health Care
A002083,P00306,44,0.124,Emergency,2026-02-23,1,2026-02-24,780.67,0,Home
A003340,P00306,44,0.124,ICU,2026-04-27,2,2026-04-29,5026.96,5,Skilled Nursing Facility
A004177,P00307,69,0.527,Cardiology,2024-10-11,5,2024-10-16,9039.01,9,Home Health Care
A006519,P00307,69,0.527,Orthopedics,2025-01-01,15,2025-01-16,17455.76,3,Home
A006589,P00307,69,0.527,Emergency,2025-09-15,1,2025-09-16,1047.61,12,Home
A007622,P00307,69,0.527,Emergency,2025-12-08,3,2025-12-11,2902.63,11,Home
A008284,P00307,69,0.527,Cardiology,2025-12-30,2,2026-01-01,3153.79,3,Skilled Nursing Facility
A008730,P00307,69,0.527,ICU,2026-05-19,6,2026-05-25,13434.58,5,Home
A008936,P00307,69,0.527,General Surgery,2026-08-11,2,2026-08-13,3308.55,6,Home Health Care
A001631,P00308,74,0.308,Emergency,2024-11-25,3,2024-11-28,3151.67,7,Skilled Nursing Facility
A002993,P00308,74,0.308,Emergency,2025-04-24,5,2025-04-29,4700.85,4,Home
A004449,P00308,74,0.308,Emergency,2025-05-28,1,2025-05-29,1045.96,5,Home Health Care
A007133,P00308,74,0.308,Emergency,2025-07-13,3,2025-07-16,3295.78,10,Home
A007178,P00308,74,0.308,Emergency,2025-12-11,3,2025-12-14,2576.16,1,Against Medical Advice
A008834,P00308,74,0.308,Orthopedics,2025-12-25,1,2025-12-26,1534.66,5,Home
A009319,P00308,74,0.308,ICU,2026-05-24,1,2026-05-25,3061.49,2,Home Health Care
A009385,P00308,74,0.308,Neurology,2026-06-11,2,2026-06-13,2513.83,8,Home
A009393,P00308,74,0.308,ICU,2026-06-20,3,2026-06-23,6525.42,3,Home
A000522,P00309,42,0.441,Cardiology,2024-12-27,1,2024-12-28,2241.41,7,Against Medical Advice
A001951,P00309,42,0.441,ICU,2025-03-16,15,2025-03-31,37615.59,1,Home
A004268,P00309,42,0.441,Cardiology,2025-12-26,5,2025-12-31,9749.65,7,Home
A005478,P00309,42,0.441,Cardiology,2026-02-25,6,2026-03-03,12886.19,6,Home
A005864,P00309,42,0.441,Emergency,2026-09-05,3,2026-09-08,3077.42,4,Home
A008003,P00309,42,0.441,Emergency,2026-09-21,10,2026-10-01,10207.74,6,Home Health Care
A001337,P00310,22,0.336,Cardiology,2024-12-05,11,2024-12-16,19564.04,7,Home
A003605,P00310,22,0.336,Orthopedics,2025-01-12,11,2025-01-23,12424.09,9,Home
A004543,P00310,22,0.336,Orthopedics,2025-03-18,1,2025-03-19,1422.74,5,Home
A005186,P00310,22,0.336,Cardiology,2025-07-23,7,2025-07-30,13216.61,4,Home
A005602,P00310,22,0.336,ICU,2025-08-06,6,2025-08-12,13161.21,4,Home
A005603,P00310,22,0.336,Emergency,2025-10-26,11,2025-11-06,9715.34,4,Home
A005698,P00310,22,0.336,Emergency,2026-01-12,7,2026-01-19,7389.56,6,Against Medical Advice
A006437,P00310,22,0.336,General Surgery,2026-02-06,1,2026-02-07,1548.81,5,Skilled Nursing Facility
A001855,P00311,61,0.177,Emergency,2024-11-03,1,2024-11-04,852.26,3,Home Health Care
A002319,P00311,61,0.177,Emergency,2025-05-04,7,2025-05-11,6602.26,1,Home
A003077,P00311,61,0.177,Emergency,2025-09-15,1,2025-09-16,837.74,2,Home
A006673,P00311,61,0.177,Neurology,2025-12-30,4,2026-01-03,5985.79,4,Home
A006808,P00311,61,0.177,Emergency,2026-04-08,4,2026-04-12,3965.03,4,Skilled Nursing Facility
A006898,P00311,61,0.177,Emergency,2026-04-27,2,2026-04-29,1595.16,2,Home
A002559,P00312,47,0.49,General Surgery,2025-01-14,4,2025-01-18,5128.85,7,Against Medical Advice
A003278,P00312,47,0.49,Emergency,2025-04-03,6,2025-04-09,6206.06,4,Home Health Care
A004221,P00312,47,0.49,Cardiology,2026-02-04,4,2026-02-08,6708.01,4,Skilled Nursing Facility
A005461,P00312,47,0.49,Emergency,2026-02-13,3,2026-02-16,2784.11,7,Home
A005684,P00312,47,0.49,Emergency,2026-07-28,5,2026-08-02,3973.44,7,Skilled Nursing Facility
A006754,P00312,47,0.49,General Surgery,2026-08-04,2,2026-08-06,2985.11,4,Home Health Care
A007084,P00312,47,0.49,Orthopedics,2026-08-14,14,2026-08-28,17481.38,3,Home
A001144,P00313,73,0.356,ICU,2025-02-10,3,2025-02-13,7848.12,3,Home
A002787,P00313,73,0.356,General Surgery,2025-09-26,3,2025-09-29,5569.07,4,Home Health Care
A002901,P00313,73,0.356,Neurology,2026-02-10,8,2026-02-18,13135.39,5,Home
A006889,P00313,73,0.356,Cardiology,2026-06-25,11,2026-07-06,24487.97,5,Home
A007436,P00313,73,0.356,Emergency,2026-07-19,4,2026-07-23,4381.66,10,Home
A007760,P00313,73,0.356,Orthopedics,2026-08-12,1,2026-08-13,1129.26,8,Skilled Nursing Facility
A008177,P00313,73,0.356,Emergency,2026-09-04,13,2026-09-17,14204.86,4,Home
A000939,P00314,34,0.257,Neurology,2024-12-10,3,2024-12-13,4968.97,3,Home
A001949,P00314,34,0.257,Neurology,2025-03-24,2,2025-03-26,3476.44,8,Skilled Nursing Facility
A005197,P00314,34,0.257,General Surgery,2025-05-27,1,2025-05-28,1426.67,1,Skilled Nursing Facility
A005268,P00314,34,0.257,Cardiology,2025-06-13,4,2025-06-17,7498.21,5,Home
A007759,P00314,34,0.257,ICU,2026-01-08,14,2026-01-22,34405.27,2,Home
A007976,P00314,34,0.257,General Surgery,2026-02-13,3,2026-02-16,4976.55,1,Home
A008188,P00314,34,0.257,Neurology,2026-05-20,11,2026-05-31,15568.01,3,Home
A000766,P00315,58,0.067,Cardiology,2025-02-06,3,2025-02-09,5252.77,1,Home Health Care
A001803,P00315,58,0.067,General Surgery,2025-04-06,3,2025-04-09,5100.54,11,Home Health Care
A002786,P00315,58,0.067,Emergency,2025-05-19,6,2025-05-25,6450.31,2,Home
A004074,P00315,58,0.067,Neurology,2025-05-28,7,2025-06-04,9476.34,2,Home Health Care
A007860,P00315,58,0.067,ICU,2025-08-18,3,2025-08-21,7745.26,0,Skilled Nursing Facility
A008128,P00315,58,0.067,Emergency,2025-10-31,5,2025-11-05,4774.11,3,Home Health Care
A008768,P00315,58,0.067,Emergency,2026-01-21,2,2026-01-23,2088.72,2,Home Health Care
A009180,P00315,58,0.067,ICU,2026-05-25,3,2026-05-28,9016.54,4,Home Health Care
A002068,P00316,88,0.044,Emergency,2024-09-26,5,2024-10-01,4046.97,6,Home
A003511,P00316,88,0.044,Emergency,2025-01-30,1,2025-01-31,821.35,5,Home
A004085,P00316,88,0.044,Neurology,2025-02-11,3,2025-02-14,4340.49,3,Home
A004242,P00316,88,0.044,General Surgery,2025-04-17,9,2025-04-26,12257.47,3,Home Health Care
A005028,P00316,88,0.044,Emergency,2025-06-16,5,2025-06-21,4166.69,3,Home Health Care
A005761,P00316,88,0.044,Emergency,2025-07-27,1,2025-07-28,827.67,3,Home
A006116,P00316,88,0.044,Orthopedics,2025-10-16,3,2025-10-19,4626.15,7,Home Health Care
A006779,P00316,88,0.044,Neurology,2026-07-21,8,2026-07-29,11468.77,5,Home
A001171,P00317,63,0.416,Emergency,2025-02-12,5,2025-02-17,5341.98,2,Home Health Care
A001684,P00317,63,0.416,Cardiology,2026-03-11,2,2026-03-13,3430.66,5,Home
A002019,P00317,63,0.416,Emergency,2026-05-18,16,2026-06-03,16641.14,3,Home
A001399,P00318,35,0.504,Cardiology,2024-12-09,5,2024-12-14,11050.43,5,Skilled Nursing Facility
A001504,P00318,35,0.504,Emergency,2025-02-15,6,2025-02-21,5867.66,5,Home Health Care
A002781,P00318,35,0.504,Emergency,2025-06-19,2,2025-06-21,2170.16,8,Home Health Care
A004186,P00318,35,0.504,Emergency,2025-09-28,5,2025-10-03,4754.71,4,Home
A004885,P00318,35,0.504,Emergency,2026-05-14,1,2026-05-15,921.92,7,Home Health Care
A005257,P00318,35,0.504,Emergency,2026-08-24,14,2026-09-07,13338.2,5,Home Health Care
A000880,P00319,81,0.113,ICU,2024-10-20,1,2024-10-21,2912.12,6,Skilled Nursing Facility
A001224,P00319,81,0.113,ICU,2025-06-09,5,2025-06-14,15616.26,5,Home
A006224,P00319,81,0.113,General Surgery,2025-06-27,2,2025-06-29,2936.19,5,Home
A008782,P00319,81,0.113,ICU,2026-04-29,3,2026-05-02,7513.18,5,Home
A009051,P00319,81,0.113,ICU,2026-07-08,3,2026-07-11,8073.37,1,Home
A009228,P00319,81,0.113,ICU,2026-07-29,2,2026-07-31,4970.25,4,Home Health Care
A000501,P00320,65,0.29,Neurology,2024-10-28,3,2024-10-31,4773.03,2,Home
A003051,P00320,65,0.29,General Surgery,2025-01-18,10,2025-01-28,17367.31,4,Home
A006584,P00320,65,0.29,Emergency,2025-02-02,3,2025-02-05,2955.44,3,Home
A006622,P00320,65,0.29,ICU,2025-07-22,16,2025-08-07,44528.83,9,Home Health Care
A006867,P00320,65,0.29,ICU,2025-10-05,8,2025-10-13,22768.87,9,Home
A007037,P00320,65,0.29,Orthopedics,2025-11-30,10,2025-12-10,15841.66,4,Home
A007485,P00320,65,0.29,Emergency,2026-06-19,3,2026-06-22,2802.31,5,Home
A003455,P00321,31,0.087,Neurology,2024-11-30,13,2024-12-13,19000.51,5,Against Medical Advice
A004344,P00321,31,0.087,Orthopedics,2024-12-14,8,2024-12-22,9818.54,5,Home
A005300,P00321,31,0.087,Emergency,2025-02-21,9,2025-03-02,9102.22,6,Home
A005706,P00321,31,0.087,Emergency,2025-03-18,3,2025-03-21,3206.83,5,Home
A005860,P00321,31,0.087,ICU,2025-08-18,7,2025-08-25,20987.82,1,Home
A007174,P00321,31,0.087,Emergency,2026-06-26,1,2026-06-27,845.69,3,Home Health Care
A000085,P00322,51,0.361,Emergency,2024-10-23,6,2024-10-29,5857.53,5,Skilled Nursing Facility
A001225,P00322,51,0.361,ICU,2024-12-25,1,2024-12-26,2495.83,8,Home
A004432,P00322,51,0.361,Emergency,2025-07-30,1,2025-07-31,797.54,6,Home
A005436,P00322,51,0.361,Emergency,2026-01-30,10,2026-02-09,8234.63,1,Home Health Care
A006025,P00322,51,0.361,Emergency,2026-03-22,6,2026-03-28,6387.63,4,Home
A007155,P00322,51,0.361,General Surgery,2026-04-19,3,2026-04-22,4180.31,4,Against Medical Advice
A007749,P00322,51,0.361,General Surgery,2026-09-16,1,2026-09-17,1318.53,7,Home
A000634,P00323,27,0.676,ICU,2024-10-21,1,2024-10-22,2163.15,4,Home
A002380,P00323,27,0.676,Neurology,2024-10-26,3,2024-10-29,5001.42,8,Home
A004245,P00323,27,0.676,Emergency,2025-02-16,1,2025-02-17,825.73,6,Against Medical Advice
A004548,P00323,27,0.676,Emergency,2025-04-23,2,2025-04-25,1857.29,10,Skilled Nursing Facility
A004960,P00323,27,0.676,Orthopedics,2025-05-06,4,2025-05-10,5537.69,6,Against Medical Advice
A005599,P00323,27,0.676,ICU,2025-05-24,1,2025-05-25,3017.46,5,Home
A006761,P00323,27,0.676,Orthopedics,2025-08-20,10,2025-08-30,12909.11,11,Home Health Care
A008573,P00323,27,0.676,Neurology,2025-12-07,10,2025-12-17,13501.46,9,Home
A008719,P00323,27,0.676,Neurology,2026-02-07,13,2026-02-20,18357.61,4,Home Health Care
A009110,P00323,27,0.676,Emergency,2026-09-15,1,2026-09-16,910.3,7,Home Health Care
A000976,P00324,80,0.383,General Surgery,2025-02-12,2,2025-02-14,2558.56,7,Home Health Care
A001278,P00324,80,0.383,ICU,2025-07-08,4,2025-07-12,11263.67,7,Home Health Care
A002662,P00324,80,0.383,General Surgery,2025-08-10,15,2025-08-25,25274.87,1,Skilled Nursing Facility
A002972,P00324,80,0.383,Cardiology,2025-08-26,1,2025-08-27,2041.45,8,Home
A005326,P00324,80,0.383,Emergency,2025-09-20,20,2025-10-10,16099.86,5,Home
A005402,P00324,80,0.383,Emergency,2025-11-05,1,2025-11-06,976.83,7,Home
A007094,P00324,80,0.383,Emergency,2025-11-19,6,2025-11-25,6356.58,2,Skilled Nursing Facility
A008411,P00324,80,0.383,Emergency,2025-12-02,5,2025-12-07,4215.91,4,Home
A009029,P00324,80,0.383,Emergency,2026-09-20,1,2026-09-21,889.56,5,Home
A001412,P00325,60,0.08,General Surgery,2024-11-02,13,2024-11-15,20767.41,4,Home
A002714,P00325,60,0.08,ICU,2024-11-20,3,2024-11-23,7607.2,2,Home
A002948,P00325,60,0.08,ICU,2025-04-23,3,2025-04-26,6734.5,2,Home Health Care
A003982,P00325,60,0.08,ICU,2025-07-22,1,2025-07-23,2193.49,3,Home
A005253,P00325,60,0.08,ICU,2025-12-10,7,2025-12-17,18318.2,7,Home Health Care
A005481,P00325,60,0.08,Emergency,2026-01-06,4,2026-01-10,3511.41,0,Home
A005754,P00325,60,0.08,Emergency,2026-04-11,7,2026-04-18,5385.08,4,Skilled Nursing Facility
A001294,P00326,79,0.128,General Surgery,2024-12-02,2,2024-12-04,3549.77,5,Home
A003797,P00326,79,0.128,Cardiology,2025-10-10,1,2025-10-11,1587.39,5,Home
A004255,P00326,79,0.128,Neurology,2026-03-25,4,2026-03-29,6543.66,5,Home
A000068,P00327,78,0.165,Emergency,2024-12-05,1,2024-12-06,980.35,6,Home
A000122,P00327,78,0.165,Emergency,2026-03-03,6,2026-03-09,4806.52,3,Skilled Nursing Facility
A000687,P00327,78,0.165,ICU,2026-03-11,6,2026-03-17,17395.29,1,Home Health Care
A000017,P00328,84,0.28,General Surgery,2024-11-16,3,2024-11-19,3845.96,5,Skilled Nursing Facility
A000886,P00328,84,0.28,General Surgery,2024-11-27,10,2024-12-07,17216.93,4,Home
A002118,P00328,84,0.28,Emergency,2025-03-15,4,2025-03-19,3961.81,5,Home
A002299,P00328,84,0.28,Emergency,2026-01-12,7,2026-01-19,6427.1,3,Home
A004624,P00328,84,0.28,ICU,2026-02-11,5,2026-02-16,15234.2,3,Home
A004645,P00328,84,0.28,General Surgery,2026-06-08,12,2026-06-20,18991.83,5,Home Health Care
A002438,P00329,66,0.14,Emergency,2024-12-20,3,2024-12-23,2988.68,2,Home Health Care
A003501,P00329,66,0.14,Emergency,2025-03-09,10,2025-03-19,8360.45,8,Home
A004752,P00329,66,0.14,Emergency,2025-11-19,4,2025-11-23,3637.11,4,Home Health Care
A004979,P00329,66,0.14,Neurology,2025-12-02,7,2025-12-09,11307.04,1,Home
A005984,P00329,66,0.14,ICU,2026-01-09,4,2026-01-13,11142.98,3,Home
A006502,P00329,66,0.14,Emergency,2026-03-06,1,2026-03-07,1059.8,2,Skilled Nursing Facility
A006691,P00329,66,0.14,Emergency,2026-04-28,1,2026-04-29,1102.72,2,Home
A002663,P00330,91,0.193,Emergency,2024-11-15,5,2024-11-20,4669.96,7,Home
A003792,P00330,91,0.193,Orthopedics,2025-02-18,5,2025-02-23,6215.4,3,Home
A004211,P00330,91,0.193,General Surgery,2025-08-13,4,2025-08-17,5189.01,4,Home
A005006,P00330,91,0.193,Emergency,2025-09-25,12,2025-10-07,10637.4,5,Skilled Nursing Facility
A009203,P00330,91,0.193,Neurology,2026-01-06,2,2026-01-08,3119.14,5,Skilled Nursing Facility
A009210,P00330,91,0.193,Neurology,2026-03-01,1,2026-03-02,1600.4,1,Home
A009281,P00330,91,0.193,Emergency,2026-07-26,8,2026-08-03,8143.08,2,Home
A009515,P00330,91,0.193,General Surgery,2026-08-16,3,2026-08-19,4990.59,1,Home
A001767,P00331,79,0.053,Emergency,2024-11-30,4,2024-12-04,3593.81,6,Home Health Care
A004625,P00331,79,0.053,Emergency,2025-03-07,2,2025-03-09,1931.78,2,Home
A005669,P00331,79,0.053,Cardiology,2025-07-30,1,2025-07-31,2132.61,3,Skilled Nursing Facility
A005769,P00331,79,0.053,Emergency,2025-08-31,4,2025-09-04,4203.51,3,Home Health Care
A006844,P00331,79,0.053,Neurology,2025-10-31,9,2025-11-09,14033.97,3,Home
A008712,P00331,79,0.053,Cardiology,2026-05-22,2,2026-05-24,3537.34,0,Home Health Care
A008890,P00331,79,0.053,Cardiology,2026-09-01,1,2026-09-02,2005.13,5,Home
A000003,P00332,37,0.141,Cardiology,2025-01-31,5,2025-02-05,9384.61,2,Home Health Care
A000144,P00332,37,0.141,General Surgery,2025-05-22,4,2025-05-26,7455.4,3,Home Health Care
A001894,P00332,37,0.141,Emergency,2025-08-23,4,2025-08-27,3934.2,7,Home Health Care
A002362,P00332,37,0.141,General Surgery,2025-10-12,3,2025-10-15,5528.05,3,Home Health Care
A003885,P00332,37,0.141,Neurology,2026-01-10,4,2026-01-14,5056.47,1,Against Medical Advice
A004857,P00332,37,0.141,Orthopedics,2026-04-02,1,2026-04-03,1544.47,4,Home
A004981,P00332,37,0.141,General Surgery,2026-04-26,9,2026-05-05,13936.64,2,Home
A001020,P00333,76,0.196,ICU,2025-01-27,6,2025-02-02,15156.06,7,Home
A004486,P00333,76,0.196,Emergency,2025-02-04,1,2025-02-05,894.38,3,Home
A005276,P00333,76,0.196,General Surgery,2025-02-07,9,2025-02-16,14813.58,3,Home
A005851,P00333,76,0.196,Orthopedics,2025-10-29,1,2025-10-30,1580.96,3,Home
A006368,P00333,76,0.196,Emergency,2026-01-01,3,2026-01-04,2607.58,8,Home Health Care
A006603,P00333,76,0.196,Emergency,2026-01-11,2,2026-01-13,1855.97,4,Skilled Nursing Facility
A007269,P00333,76,0.196,Emergency,2026-01-21,7,2026-01-28,5618.93,7,Home
A007961,P00333,76,0.196,General Surgery,2026-07-14,2,2026-07-16,3697.87,3,Home
A008054,P00333,76,0.196,General Surgery,2026-08-10,1,2026-08-11,1701.27,6,Home
A001640,P00334,48,0.117,Emergency,2024-11-27,1,2024-11-28,1013.26,2,Skilled Nursing Facility
A005178,P00334,48,0.117,Neurology,2025-02-13,1,2025-02-14,1226.52,2,Skilled Nursing Facility
A008149,P00334,48,0.117,Neurology,2025-03-19,4,2025-03-23,6499.88,4,Home Health Care
A008643,P00334,48,0.117,ICU,2025-07-16,1,2025-07-17,2637.78,1,Home
A008974,P00334,48,0.117,Neurology,2025-10-01,4,2025-10-05,6803.16,3,Home
A000627,P00335,6,0.296,Neurology,2024-10-07,15,2024-10-22,22709.18,5,Home Health Care
A003459,P00335,6,0.296,ICU,2025-09-06,4,2025-09-10,8791.25,5,Home Health Care
A005530,P00335,6,0.296,Cardiology,2025-10-22,6,2025-10-28,10371.08,1,Home
A008354,P00335,6,0.296,Neurology,2026-02-08,3,2026-02-11,3802.11,1,Home
A008389,P00335,6,0.296,General Surgery,2026-04-05,8,2026-04-13,13177.59,2,Against Medical Advice
A008836,P00335,6,0.296,Cardiology,2026-04-26,2,2026-04-28,4250.52,2,Home
A000697,P00336,66,0.387,Emergency,2024-10-17,2,2024-10-19,1941.37,8,Home
A001090,P00336,66,0.387,ICU,2025-01-17,4,2025-01-21,10013.41,3,Skilled Nursing Facility
A001744,P00336,66,0.387,ICU,2025-04-07,2,2025-04-09,5109.7,6,Home
A003202,P00336,66,0.387,Emergency,2025-09-17,1,2025-09-18,969.52,7,Home
A003400,P00336,66,0.387,Emergency,2026-06-15,3,2026-06-18,2915.32,6,Home
A003406,P00336,66,0.387,General Surgery,2026-09-03,10,2026-09-13,16830.02,7,Home
A000222,P00337,40,0.153,General Surgery,2025-01-10,2,2025-01-12,3466.38,3,Home
A002547,P00337,40,0.153,Emergency,2026-03-25,8,2026-04-02,8905.21,1,Home
A002942,P00337,40,0.153,Neurology,2026-04-25,1,2026-04-26,1264.71,5,Home
A004208,P00337,40,0.153,ICU,2026-09-02,1,2026-09-03,2906.62,7,Home Health Care
A000829,P00338,64,0.127,Neurology,2024-12-03,6,2024-12-09,7374.58,5,Skilled Nursing Facility
A003174,P00338,64,0.127,Cardiology,2025-02-07,5,2025-02-12,8447.23,4,Home Health Care
A003653,P00338,64,0.127,Emergency,2025-04-08,6,2025-04-14,5789.72,3,Home
A004321,P00338,64,0.127,Cardiology,2025-06-22,2,2025-06-24,3618.52,10,Home
A006317,P00338,64,0.127,Orthopedics,2025-07-02,11,2025-07-13,17115.85,9,Home Health Care
A006991,P00338,64,0.127,General Surgery,2026-03-23,1,2026-03-24,1304.51,4,Home
A000464,P00339,48,0.59,ICU,2024-10-05,1,2024-10-06,3011.3,9,Home Health Care
A001977,P00339,48,0.59,General Surgery,2025-07-21,4,2025-07-25,7164.0,2,Home
A002727,P00339,48,0.59,Orthopedics,2025-07-29,1,2025-07-30,1388.52,4,Home
A003748,P00339,48,0.59,General Surgery,2025-08-07,3,2025-08-10,3838.95,3,Home
A005250,P00339,48,0.59,General Surgery,2025-08-23,5,2025-08-28,8055.77,8,Home Health Care
A006261,P00339,48,0.59,Neurology,2025-08-31,4,2025-09-04,6837.63,8,Home
A008532,P00339,48,0.59,ICU,2025-10-26,2,2025-10-28,4815.4,6,Home
A009058,P00339,48,0.59,Emergency,2026-05-13,2,2026-05-15,2002.92,9,Home
A009401,P00339,48,0.59,Cardiology,2026-06-28,3,2026-07-01,5666.62,10,Home
A009435,P00339,48,0.59,Neurology,2026-07-05,2,2026-07-07,2553.81,6,Home Health Care
A009439,P00339,48,0.59,ICU,2026-09-21,3,2026-09-24,6780.74,5,Home
A001586,P00340,73,0.292,Neurology,2024-09-24,1,2024-09-25,1352.69,5,Skilled Nursing Facility
A001667,P00340,73,0.292,General Surgery,2024-11-26,3,2024-11-29,5048.79,7,Home Health Care
A002114,P00340,73,0.292,ICU,2025-01-25,5,2025-01-30,14592.1,8,Home
A004012,P00340,73,0.292,Orthopedics,2025-02-18,2,2025-02-20,2585.05,4,Home
A006161,P00340,73,0.292,Neurology,2025-03-21,1,2025-03-22,1462.51,8,Home
A003831,P00341,56,0.132,General Surgery,2024-12-18,1,2024-12-19,1495.26,1,Home
A004595,P00341,56,0.132,General Surgery,2025-02-05,3,2025-02-08,5119.31,1,Against Medical Advice
A005103,P00341,56,0.132,Emergency,2025-03-08,4,2025-03-12,3240.38,9,Home
A006579,P00341,56,0.132,ICU,2025-06-27,1,2025-06-28,2725.87,4,Skilled Nursing Facility
A009079,P00341,56,0.132,ICU,2025-07-09,1,2025-07-10,2483.32,4,Home
A009564,P00341,56,0.132,Neurology,2025-07-22,3,2025-07-25,4056.09,4,Home
A009571,P00341,56,0.132,General Surgery,2025-09-10,1,2025-09-11,1698.14,2,Home
A002965,P00342,35,0.037,Cardiology,2024-10-27,4,2024-10-31,8015.49,2,Home
A004273,P00342,35,0.037,Neurology,2025-06-08,5,2025-06-13,8625.18,2,Home
A004389,P00342,35,0.037,Emergency,2025-11-21,2,2025-11-23,1807.08,2,Home
A000793,P00343,43,0.284,ICU,2024-11-30,2,2024-12-02,5033.96,4,Home Health Care
A001681,P00343,43,0.284,Orthopedics,2025-11-23,3,2025-11-26,3404.43,7,Home
A001948,P00343,43,0.284,General Surgery,2026-05-31,1,2026-06-01,1534.05,3,Against Medical Advice
A002075,P00343,43,0.284,Neurology,2026-06-05,3,2026-06-08,4912.0,6,Home
A004053,P00343,43,0.284,ICU,2026-07-22,1,2026-07-23,2346.82,5,Home
A000659,P00344,43,0.204,Emergency,2024-11-04,2,2024-11-06,2089.9,6,Skilled Nursing Facility
A001108,P00344,43,0.204,Cardiology,2024-12-03,8,2024-12-11,15156.67,4,Home
A001210,P00344,43,0.204,Emergency,2025-05-29,1,2025-05-30,887.72,2,Home
A003186,P00344,43,0.204,Neurology,2025-06-06,3,2025-06-09,4104.66,5,Home
A007043,P00344,43,0.204,Neurology,2025-07-23,4,2025-07-27,5809.05,6,Home
A008186,P00344,43,0.204,Cardiology,2025-09-20,9,2025-09-29,14913.03,10,Home
A008520,P00344,43,0.204,Cardiology,2025-10-16,4,2025-10-20,6619.17,5,Home
A008816,P00344,43,0.204,General Surgery,2026-01-14,1,2026-01-15,1807.95,6,Home
A008906,P00344,43,0.204,Emergency,2026-04-27,5,2026-05-02,3835.3,0,Home
A008973,P00344,43,0.204,Emergency,2026-07-12,4,2026-07-16,4269.13,4,Home Health Care
A000289,P00345,52,0.377,Emergency,2025-01-15,23,2025-02-07,20963.96,1,Home
A000991,P00345,52,0.377,Emergency,2025-06-23,1,2025-06-24,984.44,5,Home
A001738,P00345,52,0.377,Neurology,2025-08-29,4,2025-09-02,4882.47,7,Skilled Nursing Facility
A002754,P00345,52,0.377,Emergency,2025-10-20,4,2025-10-24,3956.76,5,Skilled Nursing Facility
A004580,P00345,52,0.377,Orthopedics,2025-11-12,5,2025-11-17,7536.61,3,Skilled Nursing Facility
A004677,P00345,52,0.377,Emergency,2026-02-12,4,2026-02-16,3111.03,5,Skilled Nursing Facility
A005426,P00345,52,0.377,ICU,2026-03-29,3,2026-04-01,7284.97,5,Home
A005794,P00345,52,0.377,Emergency,2026-07-21,2,2026-07-23,1582.55,6,Home Health Care
A003441,P00346,59,0.101,Neurology,2025-02-12,2,2025-02-14,3310.71,3,Home
A004256,P00346,59,0.101,Orthopedics,2025-05-18,1,2025-05-19,1353.87,4,Home Health Care
A004524,P00346,59,0.101,Emergency,2025-06-19,1,2025-06-20,1090.77,11,Home
A006865,P00346,59,0.101,Emergency,2025-09-21,1,2025-09-22,843.42,5,Home
A007592,P00346,59,0.101,General Surgery,2025-12-01,4,2025-12-05,6143.07,3,Home
A007741,P00346,59,0.101,Cardiology,2025-12-31,4,2026-01-04,8708.22,5,Home
A007912,P00346,59,0.101,General Surgery,2026-05-22,3,2026-05-25,5360.95,1,Home
A000743,P00347,49,0.488,Orthopedics,2025-01-11,6,2025-01-17,9494.76,7,Home
A006035,P00347,49,0.488,ICU,2025-02-04,8,2025-02-12,17448.41,4,Home
A006966,P00347,49,0.488,Emergency,2026-01-25,2,2026-01-27,1863.36,6,Home
A008864,P00347,49,0.488,Emergency,2026-02-09,3,2026-02-12,3300.23,8,Home Health Care
A009381,P00347,49,0.488,General Surgery,2026-04-03,4,2026-04-07,7284.66,2,Home
A001790,P00348,95,0.467,ICU,2025-02-14,4,2025-02-18,10543.97,10,Against Medical Advice
A005922,P00348,95,0.467,ICU,2025-02-27,3,2025-03-02,9109.07,5,Home
A006239,P00348,95,0.467,Orthopedics,2025-03-18,1,2025-03-19,1574.23,2,Skilled Nursing Facility
A006587,P00348,95,0.467,Neurology,2025-08-07,2,2025-08-09,3339.64,5,Home
A007144,P00348,95,0.467,General Surgery,2025-08-11,10,2025-08-21,15374.53,9,Skilled Nursing Facility
A007291,P00348,95,0.467,Neurology,2025-11-08,11,2025-11-19,14569.86,7,Skilled Nursing Facility
A008025,P00348,95,0.467,Cardiology,2025-12-30,10,2026-01-09,19672.41,7,Home
A008559,P00348,95,0.467,Cardiology,2026-06-24,2,2026-06-26,3978.6,7,Skilled Nursing Facility
A008587,P00348,95,0.467,Emergency,2026-08-26,2,2026-08-28,1551.8,7,Home Health Care
A009096,P00348,95,0.467,Emergency,2026-08-29,8,2026-09-06,8785.16,6,Home
A001254,P00349,46,0.41,Emergency,2024-09-26,9,2024-10-05,6911.09,12,Home Health Care
A002290,P00349,46,0.41,Neurology,2025-02-04,2,2025-02-06,2653.33,8,Home Health Care
A003894,P00349,46,0.41,Emergency,2025-04-11,13,2025-04-24,12087.77,6,Skilled Nursing Facility
A004063,P00349,46,0.41,Emergency,2025-04-25,1,2025-04-26,820.27,5,Home
A004615,P00349,46,0.41,Orthopedics,2025-05-18,5,2025-05-23,7693.79,5,Home Health Care
A006595,P00349,46,0.41,General Surgery,2025-08-08,3,2025-08-11,5073.31,6,Home
A007186,P00349,46,0.41,Neurology,2025-08-30,3,2025-09-02,4114.39,8,Skilled Nursing Facility
A007931,P00349,46,0.41,Emergency,2025-12-19,1,2025-12-20,951.03,3,Home Health Care
A008246,P00349,46,0.41,Orthopedics,2026-01-21,9,2026-01-30,14617.54,5,Home
A005105,P00350,40,0.078,Emergency,2024-10-22,8,2024-10-30,6230.99,5,Home
A006316,P00350,40,0.078,Emergency,2025-03-02,2,2025-03-04,2247.09,2,Home
A007518,P00350,40,0.078,ICU,2025-03-11,5,2025-03-16,14660.84,1,Against Medical Advice
A008086,P00350,40,0.078,Emergency,2025-04-23,1,2025-04-24,816.33,2,Home Health Care
A008531,P00350,40,0.078,Cardiology,2025-05-15,1,2025-05-16,1960.5,4,Home
A008823,P00350,40,0.078,Neurology,2026-06-18,6,2026-06-24,7351.72,2,Skilled Nursing Facility
A001118,P00351,51,0.261,ICU,2024-10-13,5,2024-10-18,13030.66,8,Home Health Care
A004310,P00351,51,0.261,ICU,2025-01-06,1,2025-01-07,2405.66,7,Home
A004345,P00351,51,0.261,Emergency,2025-02-19,2,2025-02-21,2092.08,6,Home
A005495,P00351,51,0.261,Emergency,2025-04-26,1,2025-04-27,793.31,4,Skilled Nursing Facility
A005509,P00351,51,0.261,Cardiology,2025-05-29,11,2025-06-09,23666.51,5,Skilled Nursing Facility
A007216,P00351,51,0.261,Neurology,2025-06-27,4,2025-07-01,4945.58,3,Home
A007360,P00351,51,0.261,Orthopedics,2025-11-21,2,2025-11-23,2990.88,4,Home
A007656,P00351,51,0.261,General Surgery,2026-03-06,13,2026-03-19,21583.41,10,Home
A007671,P00351,51,0.261,Neurology,2026-08-23,5,2026-08-28,7225.66,5,Home Health Care
A008024,P00351,51,0.261,Neurology,2026-09-24,2,2026-09-26,2929.27,8,Home
A001433,P00352,56,0.131,General Surgery,2024-11-01,5,2024-11-06,6687.51,2,Home
A004134,P00352,56,0.131,Emergency,2024-11-29,10,2024-12-09,11121.18,5,Home
A004218,P00352,56,0.131,Neurology,2025-01-21,8,2025-01-29,13683.26,7,Home Health Care
A004507,P00352,56,0.131,ICU,2025-04-17,1,2025-04-18,2633.99,4,Home Health Care
A004825,P00352,56,0.131,Emergency,2025-06-16,4,2025-06-20,4220.68,4,Home
A006842,P00352,56,0.131,General Surgery,2025-09-09,1,2025-09-10,1287.54,3,Home
A001622,P00353,81,0.174,Emergency,2025-02-10,2,2025-02-12,2106.5,8,Home
A002392,P00353,81,0.174,Emergency,2025-09-04,2,2025-09-06,1694.67,4,Home
A002907,P00353,81,0.174,Orthopedics,2025-11-09,4,2025-11-13,4740.33,4,Home
A003473,P00353,81,0.174,Neurology,2026-03-16,9,2026-03-25,14062.55,4,Home
A004600,P00353,81,0.174,Orthopedics,2026-08-27,10,2026-09-06,13738.58,6,Home
A000163,P00354,32,0.208,Neurology,2024-10-03,3,2024-10-06,5037.29,6,Home
A003343,P00354,32,0.208,ICU,2025-01-08,3,2025-01-11,8956.35,1,Home
A003558,P00354,32,0.208,Neurology,2025-05-17,9,2025-05-26,11173.76,7,Home Health Care
A003993,P00354,32,0.208,Emergency,2025-05-30,1,2025-05-31,1108.19,6,Home
A000412,P00355,71,0.198,Neurology,2024-12-27,2,2024-12-29,2515.68,0,Home
A003322,P00355,71,0.198,Emergency,2025-04-14,4,2025-04-18,3395.16,8,Home
A004940,P00355,71,0.198,Emergency,2025-10-24,1,2025-10-25,945.03,2,Home Health Care
A005251,P00355,71,0.198,ICU,2026-02-19,5,2026-02-24,12479.18,5,Home
A006088,P00355,71,0.198,ICU,2026-03-11,1,2026-03-12,2794.83,4,Home
A006380,P00355,71,0.198,General Surgery,2026-07-04,3,2026-07-07,4848.83,2,Home
A003393,P00356,42,0.44,Neurology,2025-02-12,2,2025-02-14,3018.14,9,Home Health Care
A004478,P00356,42,0.44,ICU,2025-10-01,3,2025-10-04,7803.42,6,Home Health Care
A004687,P00356,42,0.44,Neurology,2026-06-15,3,2026-06-18,4098.2,8,Home Health Care
A007310,P00356,42,0.44,General Surgery,2026-09-05,4,2026-09-09,5532.39,6,Home Health Care
A000592,P00357,48,0.273,Cardiology,2024-10-31,1,2024-11-01,2120.0,4,Home
A000876,P00357,48,0.273,Emergency,2025-03-31,3,2025-04-03,2994.38,4,Home
A004817,P00357,48,0.273,Neurology,2025-04-29,4,2025-05-03,5917.66,7,Home
A005895,P00357,48,0.273,Emergency,2025-05-11,5,2025-05-16,5475.48,4,Skilled Nursing Facility
A006001,P00357,48,0.273,ICU,2025-07-03,1,2025-07-04,2740.0,3,Home
A006109,P00357,48,0.273,Emergency,2025-09-06,4,2025-09-10,4140.88,5,Home Health Care
A006863,P00357,48,0.273,General Surgery,2026-02-16,4,2026-02-20,6356.99,7,Home Health Care
A005403,P00358,65,0.147,Emergency,2025-01-12,4,2025-01-16,3587.18,4,Home Health Care
A005522,P00358,65,0.147,Neurology,2025-02-12,4,2025-02-16,5165.64,3,Against Medical Advice
A005989,P00358,65,0.147,Emergency,2025-03-30,2,2025-04-01,1918.77,1,Home
A006451,P00358,65,0.147,Emergency,2025-05-31,2,2025-06-02,1799.12,5,Home Health Care
A007369,P00358,65,0.147,Neurology,2025-06-22,9,2025-07-01,14774.75,3,Skilled Nursing Facility
A007596,P00358,65,0.147,Orthopedics,2025-10-01,3,2025-10-04,4859.55,5,Home
A008527,P00358,65,0.147,Emergency,2026-05-19,4,2026-05-23,4452.41,3,Home
A000189,P00359,67,0.38,General Surgery,2024-10-26,1,2024-10-27,1642.3,4,Skilled Nursing Facility
A000783,P00359,67,0.38,Emergency,2024-10-30,3,2024-11-02,2747.09,3,Skilled Nursing Facility
A001072,P00359,67,0.38,Neurology,2025-04-17,5,2025-04-22,8025.04,4,Home
A004259,P00359,67,0.38,Orthopedics,2025-05-13,7,2025-05-20,10811.57,7,Home
A006021,P00359,67,0.38,ICU,2025-05-24,1,2025-05-25,2579.2,5,Home
A007753,P00359,67,0.38,Emergency,2025-09-11,11,2025-09-22,9421.55,9,Skilled Nursing Facility
A008420,P00359,67,0.38,Orthopedics,2025-11-13,18,2025-12-01,25182.61,6,Skilled Nursing Facility
A009440,P00359,67,0.38,Emergency,2026-02-22,2,2026-02-24,1986.01,7,Home
A009511,P00359,67,0.38,Emergency,2026-03-18,4,2026-03-22,3734.26,6,Home Health Care
A009580,P00359,67,0.38,Emergency,2026-04-29,1,2026-04-30,1074.3,6,Home
A000201,P00360,65,0.118,Orthopedics,2024-10-04,8,2024-10-12,11072.07,3,Home Health Care
A001029,P00360,65,0.118,Orthopedics,2025-01-10,2,2025-01-12,2579.99,5,Home
A000611,P00361,90,0.279,General Surgery,2024-12-11,7,2024-12-18,11965.78,10,Home Health Care
A001595,P00361,90,0.279,Orthopedics,2024-12-24,13,2025-01-06,18542.05,4,Home
A002859,P00361,90,0.279,Emergency,2025-03-02,7,2025-03-09,7413.92,5,Home
A003348,P00361,90,0.279,ICU,2025-03-23,5,2025-03-28,15192.79,6,Skilled Nursing Facility
A007208,P00361,90,0.279,Emergency,2025-04-23,3,2025-04-26,3038.92,10,Home
A008735,P00361,90,0.279,Emergency,2025-11-03,3,2025-11-06,2994.28,4,Home
A009028,P00361,90,0.279,Neurology,2026-02-26,1,2026-02-27,1272.74,7,Home
A009086,P00361,90,0.279,Emergency,2026-03-23,3,2026-03-26,3270.51,1,Home
A009170,P00361,90,0.279,Emergency,2026-06-08,5,2026-06-13,3927.73,8,Home
A003428,P00362,51,0.276,Cardiology,2024-12-26,4,2024-12-30,6938.33,4,Skilled Nursing Facility
A004618,P00362,51,0.276,Emergency,2025-05-11,2,2025-05-13,2111.9,3,Skilled Nursing Facility
A006508,P00362,51,0.276,Neurology,2025-06-16,4,2025-06-20,5463.06,9,Home
A008167,P00362,51,0.276,Cardiology,2025-07-13,7,2025-07-20,10726.22,6,Home
A008797,P00362,51,0.276,Cardiology,2025-08-18,5,2025-08-23,9710.85,3,Home
A009207,P00362,51,0.276,ICU,2025-10-19,2,2025-10-21,5164.01,2,Home
A009492,P00362,51,0.276,General Surgery,2026-02-14,1,2026-02-15,1656.76,5,Home Health Care
A009602,P00362,51,0.276,General Surgery,2026-02-27,2,2026-03-01,2579.84,6,Home
A009622,P00362,51,0.276,Orthopedics,2026-03-26,2,2026-03-28,3170.79,2,Home
A001446,P00363,52,0.125,General Surgery,2024-10-04,7,2024-10-11,10525.54,3,Home
A001878,P00363,52,0.125,Cardiology,2024-11-04,6,2024-11-10,12128.18,3,Home
A002188,P00363,52,0.125,General Surgery,2025-08-20,4,2025-08-24,5166.28,5,Skilled Nursing Facility
A004286,P00363,52,0.125,General Surgery,2025-09-03,5,2025-09-08,6659.79,6,Home
A004343,P00363,52,0.125,Emergency,2026-03-12,10,2026-03-22,9883.91,2,Home
A001122,P00364,47,0.133,Orthopedics,2024-12-24,4,2024-12-28,4610.43,1,Home
A002272,P00364,47,0.133,General Surgery,2025-07-17,2,2025-07-19,3207.22,8,Home
A004350,P00364,47,0.133,Emergency,2026-02-03,6,2026-02-09,5583.77,3,Home Health Care
A005467,P00364,47,0.133,General Surgery,2026-08-30,5,2026-09-04,9187.01,2,Against Medical Advice
A000875,P00365,47,0.116,Emergency,2024-11-16,2,2024-11-18,1920.71,2,Home
A003684,P00365,47,0.116,General Surgery,2025-02-15,5,2025-02-20,6790.6,4,Home Health Care
A004637,P00365,47,0.116,Emergency,2025-05-03,3,2025-05-06,2636.04,5,Home
A007049,P00365,47,0.116,General Surgery,2025-10-09,10,2025-10-19,17314.61,3,Home
A007297,P00365,47,0.116,Neurology,2025-11-10,3,2025-11-13,4448.15,4,Home
A000853,P00366,52,0.045,Neurology,2024-11-26,1,2024-11-27,1645.31,3,Home Health Care
A000908,P00366,52,0.045,Emergency,2025-10-09,1,2025-10-10,1038.49,7,Home
A002397,P00367,58,0.42,ICU,2024-10-20,1,2024-10-21,3035.7,3,Home Health Care
A002429,P00367,58,0.42,Orthopedics,2024-10-22,4,2024-10-26,4625.39,8,Skilled Nursing Facility
A003530,P00367,58,0.42,ICU,2024-11-28,1,2024-11-29,2399.67,5,Skilled Nursing Facility
A006175,P00367,58,0.42,Orthopedics,2025-05-03,2,2025-05-05,2707.07,3,Home Health Care
A006424,P00367,58,0.42,Cardiology,2026-02-06,5,2026-02-11,11167.64,1,Home
A007434,P00367,58,0.42,General Surgery,2026-03-09,6,2026-03-15,8682.07,6,Home Health Care
A008397,P00367,58,0.42,Neurology,2026-07-01,1,2026-07-02,1214.26,6,Home
A002207,P00368,79,0.169,ICU,2024-12-23,9,2025-01-01,22815.19,2,Home
A003701,P00368,79,0.169,Emergency,2025-01-04,2,2025-01-06,2020.17,8,Home Health Care
A000060,P00369,82,0.542,Neurology,2025-02-14,8,2025-02-22,13390.29,6,Home
A002358,P00369,82,0.542,General Surgery,2025-08-12,12,2025-08-24,18273.12,9,Home
A003114,P00369,82,0.542,Neurology,2025-11-20,1,2025-11-21,1475.91,9,Home Health Care
A003908,P00369,82,0.542,Emergency,2025-12-25,12,2026-01-06,12872.42,7,Home Health Care
A004574,P00369,82,0.542,Emergency,2026-01-21,1,2026-01-22,1120.57,3,Home
A007141,P00369,82,0.542,Neurology,2026-05-03,17,2026-05-20,26545.2,6,Home
A000984,P00370,45,0.589,Neurology,2025-01-06,1,2025-01-07,1268.2,6,Home
A002941,P00370,45,0.589,General Surgery,2025-02-17,7,2025-02-24,9393.17,7,Home
A005988,P00370,45,0.589,Emergency,2025-04-23,19,2025-05-12,19721.55,6,Skilled Nursing Facility
A007243,P00370,45,0.589,ICU,2025-06-12,4,2025-06-16,12257.16,7,Home Health Care
A008766,P00370,45,0.589,Cardiology,2025-08-19,14,2025-09-02,22292.22,8,Against Medical Advice
A009169,P00370,45,0.589,General Surgery,2025-11-03,1,2025-11-04,1425.7,10,Home
A009363,P00370,45,0.589,Emergency,2026-03-15,1,2026-03-16,1002.82,8,Home
A009373,P00370,45,0.589,ICU,2026-07-31,9,2026-08-09,25033.98,8,Home
A009532,P00370,45,0.589,Neurology,2026-09-06,2,2026-09-08,2980.18,7,Home
A000740,P00371,71,0.324,Emergency,2024-11-02,5,2024-11-07,4128.53,6,Home
A001802,P00371,71,0.324,General Surgery,2025-07-07,3,2025-07-10,4628.03,4,Home Health Care
A002194,P00371,71,0.324,Emergency,2025-11-29,1,2025-11-30,1049.24,3,Skilled Nursing Facility
A002442,P00371,71,0.324,Cardiology,2025-12-11,7,2025-12-18,14830.14,8,Home
A003182,P00371,71,0.324,General Surgery,2026-01-06,5,2026-01-11,8676.46,6,Home Health Care
A003747,P00371,71,0.324,Emergency,2026-03-07,14,2026-03-21,13827.56,5,Home Health Care
A005027,P00371,71,0.324,ICU,2026-03-22,5,2026-03-27,14739.37,5,Skilled Nursing Facility
A005800,P00371,71,0.324,Orthopedics,2026-05-29,7,2026-06-05,9448.32,4,Home Health Care
A001474,P00372,53,0.124,Neurology,2024-11-23,1,2024-11-24,1313.19,0,Home
A001725,P00372,53,0.124,Neurology,2025-01-04,2,2025-01-06,3476.97,1,Home Health Care
A005759,P00372,53,0.124,Cardiology,2025-06-29,1,2025-06-30,1792.05,2,Home
A006280,P00372,53,0.124,Orthopedics,2025-09-27,15,2025-10-12,23987.15,2,Home
A008642,P00372,53,0.124,Emergency,2025-11-29,4,2025-12-03,3829.78,5,Home Health Care
A009310,P00372,53,0.124,ICU,2026-02-25,10,2026-03-07,22534.87,2,Skilled Nursing Facility
A009433,P00372,53,0.124,Emergency,2026-07-22,2,2026-07-24,1817.4,4,Home
A000930,P00373,60,0.495,Emergency,2024-11-04,3,2024-11-07,2812.5,4,Home
A001596,P00373,60,0.495,Emergency,2024-12-27,5,2025-01-01,4367.73,8,Home Health Care
A003092,P00373,60,0.495,Cardiology,2025-04-08,4,2025-04-12,6864.47,4,Home Health Care
A004845,P00373,60,0.495,Emergency,2025-06-08,3,2025-06-11,3082.88,5,Against Medical Advice
A005042,P00373,60,0.495,ICU,2025-06-23,4,2025-06-27,11049.75,5,Home
A005290,P00373,60,0.495,Emergency,2025-07-19,3,2025-07-22,3273.59,8,Home Health Care
A005497,P00373,60,0.495,Emergency,2025-12-14,10,2025-12-24,9571.95,4,Against Medical Advice
A006434,P00373,60,0.495,General Surgery,2026-02-21,3,2026-02-24,3952.23,5,Home
A008029,P00373,60,0.495,Cardiology,2026-05-08,13,2026-05-21,22169.81,7,Skilled Nursing Facility
A008113,P00373,60,0.495,General Surgery,2026-07-05,8,2026-07-13,12822.13,12,Home
A000990,P00374,56,0.198,Orthopedics,2024-11-08,1,2024-11-09,1243.2,6,Home
A001848,P00374,56,0.198,Emergency,2025-11-20,3,2025-11-23,2712.42,7,Home Health Care
A002273,P00374,56,0.198,Cardiology,2025-12-19,4,2025-12-23,7579.96,8,Home
A001141,P00375,61,0.419,ICU,2025-01-07,1,2025-01-08,2471.81,6,Home
A004493,P00375,61,0.419,Emergency,2025-01-19,9,2025-01-28,9796.01,4,Home
A004692,P00375,61,0.419,Cardiology,2025-09-15,3,2025-09-18,6586.21,5,Home Health Care
A006757,P00375,61,0.419,General Surgery,2025-10-08,11,2025-10-19,14734.64,9,Home Health Care
A008959,P00375,61,0.419,ICU,2025-12-08,12,2025-12-20,28979.08,4,Home
A009417,P00375,61,0.419,Emergency,2026-03-22,1,2026-03-23,1012.41,8,Home
A000729,P00376,77,0.408,Emergency,2024-09-30,4,2024-10-04,4299.41,7,Skilled Nursing Facility
A001058,P00376,77,0.408,Emergency,2024-10-07,4,2024-10-11,3416.97,9,Home Health Care
A002888,P00376,77,0.408,ICU,2024-11-01,2,2024-11-03,6005.2,1,Home
A005041,P00376,77,0.408,Emergency,2025-01-17,12,2025-01-29,11389.72,6,Home
A005356,P00376,77,0.408,Orthopedics,2025-02-24,3,2025-02-27,3467.71,7,Home Health Care
A006064,P00376,77,0.408,Emergency,2025-05-13,4,2025-05-17,3135.86,4,Skilled Nursing Facility
A006118,P00376,77,0.408,Emergency,2025-06-22,4,2025-06-26,3915.37,1,Home
A007821,P00376,77,0.408,Neurology,2025-07-21,12,2025-08-02,16215.5,8,Skilled Nursing Facility
A008477,P00376,77,0.408,General Surgery,2025-10-18,4,2025-10-22,5114.95,1,Home
A008795,P00376,77,0.408,Emergency,2026-02-28,1,2026-03-01,986.14,2,Home Health Care
A009296,P00376,77,0.408,Emergency,2026-06-20,5,2026-06-25,5549.96,8,Home
A009335,P00376,77,0.408,ICU,2026-08-13,3,2026-08-16,8500.15,3,Against Medical Advice
A003055,P00377,41,0.279,Orthopedics,2024-11-08,2,2024-11-10,2468.1,6,Home
A003604,P00377,41,0.279,ICU,2025-07-29,13,2025-08-11,38475.12,9,Home
A003980,P00377,41,0.279,ICU,2025-11-06,4,2025-11-10,9839.05,8,Home
A005639,P00377,41,0.279,General Surgery,2026-04-29,6,2026-05-05,8873.36,9,Home
A006297,P00377,41,0.279,General Surgery,2026-08-08,1,2026-08-09,1727.29,5,Home
A000885,P00378,52,0.048,Neurology,2024-12-18,5,2024-12-23,7377.22,6,Home Health Care
A003940,P00378,52,0.048,Emergency,2025-01-19,2,2025-01-21,2056.33,4,Skilled Nursing Facility
A005526,P00378,52,0.048,Emergency,2025-03-10,4,2025-03-14,4288.81,2,Home Health Care
A006668,P00378,52,0.048,Neurology,2025-06-08,8,2025-06-16,13514.05,4,Home
A007197,P00378,52,0.048,Emergency,2025-12-20,1,2025-12-21,1120.28,4,Home
A007920,P00378,52,0.048,Neurology,2026-07-30,4,2026-08-03,5935.54,1,Home
A001430,P00379,65,0.412,Emergency,2025-01-07,1,2025-01-08,1045.28,7,Home Health Care
A002545,P00379,65,0.412,Emergency,2025-02-17,5,2025-02-22,4391.8,10,Home Health Care
A005796,P00379,65,0.412,ICU,2025-05-31,5,2025-06-05,12207.05,6,Home
A005874,P00379,65,0.412,Orthopedics,2025-09-02,4,2025-09-06,4881.91,3,Home Health Care
A006247,P00379,65,0.412,Emergency,2025-11-01,11,2025-11-12,8695.71,7,Home
A008511,P00379,65,0.412,General Surgery,2025-11-22,1,2025-11-23,1687.63,2,Home Health Care
A008526,P00379,65,0.412,Orthopedics,2025-11-24,8,2025-12-02,10381.68,5,Home Health Care
A009411,P00379,65,0.412,Orthopedics,2025-12-19,7,2025-12-26,7970.41,7,Home Health Care
A009485,P00379,65,0.412,Emergency,2026-05-05,4,2026-05-09,4326.31,5,Skilled Nursing Facility
A009549,P00379,65,0.412,Neurology,2026-05-26,11,2026-06-06,17134.74,7,Home Health Care
A009595,P00379,65,0.412,Cardiology,2026-09-21,8,2026-09-29,14186.38,3,Home Health Care
A003705,P00380,54,0.323,Neurology,2024-11-26,5,2024-12-01,8720.47,1,Home
A003814,P00380,54,0.323,Neurology,2024-12-28,3,2024-12-31,4566.6,3,Home
A004611,P00380,54,0.323,Emergency,2025-01-31,1,2025-02-01,810.62,9,Skilled Nursing Facility
A007333,P00380,54,0.323,Cardiology,2025-06-04,2,2025-06-06,3244.19,7,Skilled Nursing Facility
A007497,P00380,54,0.323,ICU,2025-08-22,4,2025-08-26,10579.39,4,Skilled Nursing Facility
A007628,P00380,54,0.323,Cardiology,2025-08-31,8,2025-09-08,16649.0,4,Skilled Nursing Facility
A008519,P00380,54,0.323,General Surgery,2025-10-08,2,2025-10-10,3191.12,1,Home
A002966,P00381,44,0.369,Orthopedics,2024-12-01,5,2024-12-06,5748.24,5,Home Health Care
A005283,P00381,44,0.369,Neurology,2025-01-11,1,2025-01-12,1483.98,4,Home
A005306,P00381,44,0.369,Neurology,2025-04-21,3,2025-04-24,3839.67,6,Home
A005925,P00381,44,0.369,General Surgery,2026-02-25,13,2026-03-10,19095.43,4,Skilled Nursing Facility
A006831,P00381,44,0.369,Neurology,2026-03-27,2,2026-03-29,3010.08,7,Home Health Care
A006959,P00381,44,0.369,ICU,2026-04-16,3,2026-04-19,7442.26,6,Home
A007300,P00381,44,0.369,ICU,2026-09-11,6,2026-09-17,13429.63,8,Home Health Care
A000057,P00382,62,0.247,Neurology,2024-11-03,2,2024-11-05,3106.36,5,Home
A000199,P00382,62,0.247,ICU,2025-12-18,7,2025-12-25,15851.69,7,Home
A000394,P00382,62,0.247,Orthopedics,2026-01-08,3,2026-01-11,3955.13,6,Home
A001145,P00382,62,0.247,Emergency,2026-03-21,7,2026-03-28,6648.74,7,Home
A001903,P00383,69,0.705,Orthopedics,2024-10-21,25,2024-11-15,33431.55,6,Home Health Care
A004476,P00383,69,0.705,Emergency,2024-11-19,13,2024-12-02,13300.13,9,Skilled Nursing Facility
A004521,P00383,69,0.705,Emergency,2025-01-29,2,2025-01-31,2042.18,12,Home
A005241,P00383,69,0.705,Emergency,2025-02-02,14,2025-02-16,13130.02,6,Skilled Nursing Facility
A005539,P00383,69,0.705,Emergency,2025-07-12,5,2025-07-17,4066.57,11,Home
A005745,P00383,69,0.705,Neurology,2025-09-04,1,2025-09-05,1712.71,6,Home
A007313,P00383,69,0.705,Orthopedics,2025-09-12,7,2025-09-19,9301.07,6,Home Health Care
A007394,P00383,69,0.705,ICU,2026-05-08,4,2026-05-12,8623.26,6,Home
A007418,P00383,69,0.705,Emergency,2026-05-22,8,2026-05-30,7120.76,7,Home Health Care
A007562,P00383,69,0.705,Neurology,2026-09-20,7,2026-09-27,10907.45,10,Home Health Care
A003524,P00384,25,0.374,General Surgery,2024-12-30,2,2025-01-01,3104.78,5,Home
A004416,P00384,25,0.374,General Surgery,2025-02-09,1,2025-02-10,1629.23,7,Home Health Care
A005783,P00384,25,0.374,ICU,2025-03-14,1,2025-03-15,2173.41,3,Home
A005855,P00384,25,0.374,Emergency,2025-04-28,8,2025-05-06,8861.63,6,Skilled Nursing Facility
A006998,P00384,25,0.374,ICU,2025-06-16,6,2025-06-22,16191.91,2,Home
A007613,P00384,25,0.374,Emergency,2025-07-03,1,2025-07-04,1027.31,4,Home
A008759,P00384,25,0.374,Orthopedics,2025-07-07,1,2025-07-08,1144.19,5,Home
A008788,P00384,25,0.374,Neurology,2025-07-29,7,2025-08-05,9166.66,5,Home
A008979,P00384,25,0.374,ICU,2025-12-26,3,2025-12-29,7176.53,6,Against Medical Advice
A009216,P00384,25,0.374,Cardiology,2026-02-13,4,2026-02-17,7886.88,2,Home
A009239,P00384,25,0.374,Cardiology,2026-08-18,8,2026-08-26,15531.25,5,Home
A000574,P00385,79,0.513,General Surgery,2024-10-03,5,2024-10-08,7599.8,8,Home
A002477,P00385,79,0.513,Neurology,2024-12-17,2,2024-12-19,3161.81,7,Home
A002753,P00385,79,0.513,Orthopedics,2025-01-10,4,2025-01-14,4693.24,5,Home
A005466,P00385,79,0.513,Emergency,2025-01-21,20,2025-02-10,18703.35,5,Home
A006119,P00385,79,0.513,Cardiology,2025-03-09,12,2025-03-21,21439.91,4,Home
A006758,P00385,79,0.513,Cardiology,2025-05-14,6,2025-05-20,11928.3,11,Home
A006923,P00385,79,0.513,Emergency,2025-08-07,1,2025-08-08,810.25,7,Home
A007098,P00385,79,0.513,Cardiology,2026-04-16,2,2026-04-18,3145.36,4,Home
A008408,P00385,79,0.513,Cardiology,2026-06-27,1,2026-06-28,1919.83,7,Home
A009271,P00385,79,0.513,Cardiology,2026-08-08,1,2026-08-09,2040.88,10,Home
A000684,P00386,29,0.136,Neurology,2025-01-22,1,2025-01-23,1514.47,9,Skilled Nursing Facility
A002959,P00386,29,0.136,ICU,2025-03-09,2,2025-03-11,4689.94,8,Home
A003318,P00386,29,0.136,Emergency,2025-04-08,6,2025-04-14,5448.47,1,Home
A004870,P00386,29,0.136,Emergency,2025-09-19,1,2025-09-20,1121.85,3,Home
A006728,P00386,29,0.136,ICU,2025-10-11,8,2025-10-19,17264.01,3,Home
A007192,P00386,29,0.136,Orthopedics,2026-06-08,1,2026-06-09,1567.08,7,Home Health Care
A000486,P00387,69,0.162,Emergency,2024-11-19,1,2024-11-20,1091.43,2,Home
A000756,P00387,69,0.162,Cardiology,2025-01-20,1,2025-01-21,2088.76,3,Skilled Nursing Facility
A001299,P00387,69,0.162,ICU,2025-04-23,4,2025-04-27,10531.28,5,Home
A002699,P00387,69,0.162,ICU,2025-09-13,2,2025-09-15,4823.76,5,Home
A004317,P00388,46,0.278,ICU,2024-11-14,1,2024-11-15,2302.15,5,Home
A005703,P00388,46,0.278,General Surgery,2025-11-23,7,2025-11-30,12339.72,6,Home
A006052,P00388,46,0.278,Emergency,2025-12-05,1,2025-12-06,936.85,1,Home
A006489,P00388,46,0.278,Cardiology,2025-12-14,2,2025-12-16,3160.34,4,Home Health Care
A004079,P00389,20,0.055,General Surgery,2025-01-19,1,2025-01-20,1307.09,6,Home
A007399,P00389,20,0.055,Neurology,2025-03-06,8,2025-03-14,12620.64,5,Home Health Care
A007788,P00389,20,0.055,Emergency,2025-03-28,6,2025-04-03,5030.11,2,Home Health Care
A008256,P00389,20,0.055,Emergency,2025-07-21,1,2025-07-22,866.69,3,Home
A008320,P00389,20,0.055,Emergency,2025-10-25,1,2025-10-26,1079.45,2,Home
A008432,P00389,20,0.055,Cardiology,2026-09-12,9,2026-09-21,14044.33,1,Home
A001187,P00390,52,0.131,Neurology,2024-12-22,2,2024-12-24,3496.63,3,Home
A002813,P00390,52,0.131,Neurology,2024-12-30,3,2025-01-02,4200.4,1,Home
A006047,P00390,52,0.131,General Surgery,2025-05-13,2,2025-05-15,2995.52,1,Skilled Nursing Facility
A008647,P00390,52,0.131,Cardiology,2025-06-17,5,2025-06-22,9076.94,4,Skilled Nursing Facility
A008927,P00390,52,0.131,Emergency,2025-11-01,1,2025-11-02,787.86,6,Skilled Nursing Facility
A008939,P00390,52,0.131,General Surgery,2025-11-28,1,2025-11-29,1567.72,2,Home
A008948,P00390,52,0.131,Emergency,2025-12-13,8,2025-12-21,6944.27,7,Home Health Care
A009083,P00390,52,0.131,General Surgery,2026-05-04,2,2026-05-06,3485.94,9,Home Health Care
A009493,P00390,52,0.131,ICU,2026-05-29,1,2026-05-30,2886.65,4,Home
A000635,P00391,100,0.19,General Surgery,2024-12-11,4,2024-12-15,7034.67,6,Home
A001059,P00391,100,0.19,Neurology,2025-07-01,5,2025-07-06,8735.86,5,Home
A001205,P00391,100,0.19,Cardiology,2025-09-13,2,2025-09-15,4024.51,3,Home Health Care
A005160,P00391,100,0.19,ICU,2025-11-27,10,2025-12-07,24797.68,4,Home Health Care
A005183,P00391,100,0.19,Emergency,2026-01-27,8,2026-02-04,7313.74,5,Home
A005352,P00391,100,0.19,Emergency,2026-02-23,2,2026-02-25,1572.27,3,Skilled Nursing Facility
A006581,P00391,100,0.19,Emergency,2026-04-16,11,2026-04-27,9555.13,2,Home
A007110,P00391,100,0.19,Orthopedics,2026-06-06,8,2026-06-14,11155.93,5,Home
A007352,P00391,100,0.19,Neurology,2026-07-24,2,2026-07-26,2519.71,2,Skilled Nursing Facility
A000833,P00392,52,0.153,Emergency,2024-11-21,1,2024-11-22,886.64,6,Home
A002004,P00392,52,0.153,Cardiology,2025-08-21,2,2025-08-23,3801.02,6,Home
A003951,P00392,52,0.153,General Surgery,2025-08-27,4,2025-08-31,5654.43,4,Home Health Care
A004014,P00392,52,0.153,Neurology,2025-09-12,1,2025-09-13,1412.41,2,Skilled Nursing Facility
A005038,P00392,52,0.153,Cardiology,2025-12-16,21,2026-01-06,35971.67,2,Skilled Nursing Facility
A005073,P00392,52,0.153,Cardiology,2026-01-08,1,2026-01-09,1777.73,6,Home Health Care
A006501,P00392,52,0.153,Neurology,2026-02-19,1,2026-02-20,1646.0,3,Home
A006608,P00392,52,0.153,General Surgery,2026-04-14,2,2026-04-16,2896.0,1,Skilled Nursing Facility
A006733,P00392,52,0.153,Emergency,2026-04-20,1,2026-04-21,803.64,3,Home
A004514,P00393,77,0.302,General Surgery,2024-11-20,8,2024-11-28,11917.05,3,Home
A005378,P00393,77,0.302,Orthopedics,2025-07-08,6,2025-07-14,8484.02,3,Home
A008142,P00393,77,0.302,Emergency,2025-09-04,4,2025-09-08,3229.37,6,Home
A008529,P00393,77,0.302,ICU,2026-05-27,15,2026-06-11,44684.53,3,Against Medical Advice
A008612,P00393,77,0.302,ICU,2026-08-30,1,2026-08-31,2539.63,8,Home
A002014,P00394,62,0.258,Emergency,2024-09-30,2,2024-10-02,1633.16,5,Home
A002323,P00394,62,0.258,Neurology,2024-12-04,1,2024-12-05,1402.0,4,Skilled Nursing Facility
A002476,P00394,62,0.258,Emergency,2024-12-23,1,2024-12-24,796.81,4,Home
A004044,P00394,62,0.258,Neurology,2025-03-10,7,2025-03-17,9409.3,5,Home Health Care
A007537,P00394,62,0.258,Cardiology,2026-02-01,2,2026-02-03,4444.17,4,Home Health Care
A008058,P00394,62,0.258,Cardiology,2026-05-08,1,2026-05-09,2149.08,7,Skilled Nursing Facility
A009254,P00394,62,0.258,Orthopedics,2026-06-11,10,2026-06-21,14675.9,1,Home
A000197,P00395,48,0.183,Emergency,2024-11-12,5,2024-11-17,5355.54,6,Home
A006391,P00395,48,0.183,ICU,2025-11-07,3,2025-11-10,8428.21,3,Home
A006480,P00395,48,0.183,Emergency,2026-06-08,4,2026-06-12,3965.59,3,Against Medical Advice
A006837,P00395,48,0.183,ICU,2026-09-02,5,2026-09-07,15554.68,5,Home
A007064,P00395,48,0.183,Orthopedics,2026-09-23,8,2026-10-01,11507.66,8,Home
A000899,P00396,87,0.502,General Surgery,2025-01-04,2,2025-01-06,2842.52,7,Home
A003065,P00396,87,0.502,Neurology,2025-06-30,2,2025-07-02,2510.46,10,Home Health Care
A003737,P00396,87,0.502,Neurology,2025-09-17,7,2025-09-24,9743.54,9,Home
A005704,P00396,87,0.502,Orthopedics,2026-01-16,1,2026-01-17,1403.01,7,Skilled Nursing Facility
A007429,P00396,87,0.502,Cardiology,2026-04-06,3,2026-04-09,6109.16,10,Home
A007539,P00396,87,0.502,General Surgery,2026-05-30,3,2026-06-02,4075.33,8,Home
A008280,P00396,87,0.502,Orthopedics,2026-06-29,18,2026-07-17,28839.13,7,Home Health Care
A007669,P00397,18,0.331,General Surgery,2024-12-17,1,2024-12-18,1439.22,2,Home Health Care
A008192,P00397,18,0.331,General Surgery,2025-05-06,6,2025-05-12,7754.42,8,Home
A008535,P00397,18,0.331,Emergency,2025-08-22,7,2025-08-29,6605.35,6,Skilled Nursing Facility
A008621,P00397,18,0.331,ICU,2025-12-18,4,2025-12-22,8750.52,8,Home
A009056,P00397,18,0.331,ICU,2026-07-09,3,2026-07-12,7785.26,4,Home
A000937,P00398,53,0.109,General Surgery,2024-12-04,2,2024-12-06,2661.91,4,Home
A001306,P00398,53,0.109,Cardiology,2024-12-10,5,2024-12-15,8112.85,5,Home
A001410,P00398,53,0.109,General Surgery,2025-02-07,1,2025-02-08,1351.31,2,Home
A001599,P00398,53,0.109,ICU,2025-04-20,4,2025-04-24,9263.93,3,Home
A003859,P00398,53,0.109,ICU,2025-09-15,9,2025-09-24,22236.42,2,Home Health Care
A005484,P00398,53,0.109,ICU,2025-10-06,4,2025-10-10,12021.44,1,Home
A006829,P00398,53,0.109,General Surgery,2025-12-12,1,2025-12-13,1540.06,3,Home Health Care
A007599,P00398,53,0.109,General Surgery,2025-12-19,2,2025-12-21,3335.57,5,Home
A009260,P00398,53,0.109,Cardiology,2026-05-28,1,2026-05-29,2067.16,5,Home
A003876,P00399,78,0.247,General Surgery,2024-10-11,6,2024-10-17,8861.01,2,Skilled Nursing Facility
A004984,P00399,78,0.247,Emergency,2025-01-25,3,2025-01-28,2538.57,5,Home
A005730,P00399,78,0.247,Cardiology,2025-03-25,5,2025-03-30,9258.27,5,Home Health Care
A006020,P00399,78,0.247,Orthopedics,2025-04-15,12,2025-04-27,15733.13,4,Home
A006091,P00399,78,0.247,Orthopedics,2025-06-08,2,2025-06-10,3129.43,5,Home
A006949,P00399,78,0.247,General Surgery,2025-12-17,4,2025-12-21,5964.07,2,Home
A008461,P00399,78,0.247,ICU,2026-06-21,5,2026-06-26,15141.88,2,Home
A008498,P00399,78,0.247,Neurology,2026-07-03,3,2026-07-06,4290.45,2,Home
A001370,P00400,75,0.301,ICU,2024-12-04,13,2024-12-17,37825.32,6,Home
A003048,P00400,75,0.301,Cardiology,2025-03-21,2,2025-03-23,3611.67,7,Home
A003995,P00400,75,0.301,ICU,2025-05-21,1,2025-05-22,2761.14,5,Skilled Nursing Facility
A005923,P00400,75,0.301,Orthopedics,2025-06-19,1,2025-06-20,1608.29,8,Home
A006167,P00400,75,0.301,Emergency,2025-08-01,8,2025-08-09,8924.64,6,Home
A006563,P00400,75,0.301,ICU,2025-08-25,1,2025-08-26,2226.92,2,Home Health Care
A007645,P00400,75,0.301,Emergency,2025-09-02,7,2025-09-09,7228.25,8,Home
A008037,P00400,75,0.301,Emergency,2026-02-13,2,2026-02-15,1531.16,3,Home
A000350,P00401,44,0.277,Neurology,2024-12-22,5,2024-12-27,6518.83,9,Home
A001603,P00401,44,0.277,ICU,2026-06-22,2,2026-06-24,4417.2,6,Home
A000285,P00402,48,0.53,General Surgery,2025-02-01,6,2025-02-07,10527.36,6,Home
A000534,P00402,48,0.53,Emergency,2025-07-16,4,2025-07-20,4396.09,4,Home
A002530,P00402,48,0.53,Emergency,2026-02-22,24,2026-03-18,21420.12,3,Against Medical Advice
A002906,P00402,48,0.53,Neurology,2026-03-31,1,2026-04-01,1344.74,5,Home
A003620,P00402,48,0.53,General Surgery,2026-07-20,2,2026-07-22,3566.76,9,Home Health Care
A006086,P00402,48,0.53,ICU,2026-09-05,1,2026-09-06,3035.72,7,Home
A000831,P00403,71,0.366,Cardiology,2025-01-04,4,2025-01-08,8575.88,3,Skilled Nursing Facility
A002752,P00403,71,0.366,Neurology,2025-04-06,2,2025-04-08,2841.09,4,Skilled Nursing Facility
A003544,P00403,71,0.366,Emergency,2025-05-13,3,2025-05-16,2937.16,5,Home
A004881,P00403,71,0.366,Neurology,2025-06-06,6,2025-06-12,9981.61,7,Home
A005502,P00403,71,0.366,Neurology,2025-06-21,1,2025-06-22,1469.69,3,Home
A005770,P00403,71,0.366,Emergency,2025-06-27,6,2025-07-03,4893.37,7,Home
A006602,P00403,71,0.366,ICU,2025-12-25,2,2025-12-27,4978.69,2,Home
A006960,P00403,71,0.366,Neurology,2026-04-11,2,2026-04-13,2689.87,5,Home
A007058,P00403,71,0.366,ICU,2026-05-31,3,2026-06-03,7188.4,10,Skilled Nursing Facility
A008975,P00403,71,0.366,General Surgery,2026-07-13,13,2026-07-26,19914.57,8,Home
A001248,P00404,36,0.434,Neurology,2025-02-08,3,2025-02-11,5160.13,5,Against Medical Advice
A003368,P00404,36,0.434,Emergency,2025-02-12,3,2025-02-15,3041.98,6,Home
A004143,P00404,36,0.434,Neurology,2025-03-26,6,2025-04-01,8951.32,7,Home
A006152,P00404,36,0.434,ICU,2025-04-30,2,2025-05-02,5103.84,5,Home
A001700,P00405,83,0.283,Orthopedics,2024-12-17,3,2024-12-20,4643.91,9,Home
A002196,P00405,83,0.283,Neurology,2025-02-26,4,2025-03-02,5238.78,4,Home
A002480,P00405,83,0.283,Cardiology,2025-05-12,3,2025-05-15,5267.59,4,Skilled Nursing Facility
A004064,P00405,83,0.283,Neurology,2025-06-10,1,2025-06-11,1225.5,4,Home
A000934,P00406,72,0.03,Emergency,2024-10-01,2,2024-10-03,2170.77,2,Home
A002244,P00406,72,0.03,Emergency,2025-02-13,6,2025-02-19,5491.38,6,Home
A002390,P00406,72,0.03,Emergency,2025-08-07,6,2025-08-13,5325.83,4,Home
A003576,P00406,72,0.03,ICU,2026-04-18,7,2026-04-25,17915.78,5,Home
A006093,P00406,72,0.03,Orthopedics,2026-06-15,1,2026-06-16,1393.03,2,Home
A003867,P00407,72,0.139,Cardiology,2024-10-23,3,2024-10-26,5626.36,6,Skilled Nursing Facility
A005355,P00407,72,0.139,ICU,2024-11-30,2,2024-12-02,5678.17,0,Home
A007371,P00407,72,0.139,Orthopedics,2025-05-19,12,2025-05-31,18263.9,4,Home Health Care
A008105,P00407,72,0.139,Emergency,2025-11-08,5,2025-11-13,5294.24,1,Home
A008247,P00407,72,0.139,ICU,2026-04-04,3,2026-04-07,7499.45,4,Home
A008637,P00407,72,0.139,Emergency,2026-05-25,4,2026-05-29,3805.55,3,Skilled Nursing Facility
A000013,P00408,52,0.377,Emergency,2024-11-29,5,2024-12-04,4120.53,4,Home
A000772,P00408,52,0.377,Orthopedics,2025-04-25,7,2025-05-02,8468.56,7,Home Health Care
A001247,P00408,52,0.377,Neurology,2025-08-28,5,2025-09-02,6274.0,6,Home Health Care
A002269,P00408,52,0.377,Orthopedics,2026-03-25,9,2026-04-03,12379.74,3,Skilled Nursing Facility
A002606,P00408,52,0.377,Emergency,2026-07-14,10,2026-07-24,10792.49,5,Home
A004213,P00408,52,0.377,Cardiology,2026-09-21,12,2026-10-03,23976.0,5,Home
A000692,P00409,55,0.198,General Surgery,2024-11-08,3,2024-11-11,3883.78,2,Skilled Nursing Facility
A002691,P00409,55,0.198,Emergency,2025-02-09,2,2025-02-11,2151.13,2,Home
A005488,P00409,55,0.198,General Surgery,2025-04-24,1,2025-04-25,1552.03,1,Home
A008580,P00409,55,0.198,ICU,2025-08-03,2,2025-08-05,4834.62,4,Home
A009423,P00409,55,0.198,Orthopedics,2025-12-03,1,2025-12-04,1579.24,3,Home
A009486,P00409,55,0.198,ICU,2026-02-18,2,2026-02-20,4886.87,1,Home
A009487,P00409,55,0.198,Orthopedics,2026-06-09,6,2026-06-15,7347.93,5,Skilled Nursing Facility
A009587,P00409,55,0.198,Neurology,2026-08-14,1,2026-08-15,1443.13,7,Home
A009592,P00409,55,0.198,Orthopedics,2026-09-08,3,2026-09-11,4240.57,3,Home
A000361,P00410,75,0.32,Orthopedics,2024-11-30,7,2024-12-07,9659.42,10,Home
A002255,P00410,75,0.32,Emergency,2024-12-18,3,2024-12-21,3015.19,3,Home Health Care
A002371,P00410,75,0.32,General Surgery,2025-01-01,8,2025-01-09,13969.78,1,Home
A002452,P00410,75,0.32,Emergency,2025-04-27,19,2025-05-16,17540.95,6,Against Medical Advice
A003862,P00410,75,0.32,Orthopedics,2025-05-24,1,2025-05-25,1611.8,5,Skilled Nursing Facility
A003965,P00410,75,0.32,Emergency,2025-07-26,1,2025-07-27,929.67,6,Home
A002203,P00411,49,0.196,Emergency,2024-10-03,1,2024-10-04,995.34,3,Home Health Care
A003187,P00411,49,0.196,ICU,2025-02-06,1,2025-02-07,2640.19,4,Home
A006456,P00411,49,0.196,Emergency,2025-02-21,1,2025-02-22,831.74,4,Home
A006538,P00411,49,0.196,ICU,2025-10-18,3,2025-10-21,6421.28,7,Home
A007579,P00411,49,0.196,Emergency,2026-04-04,2,2026-04-06,1947.14,1,Home
A000738,P00412,50,0.364,General Surgery,2024-10-21,13,2024-11-03,23207.83,4,Against Medical Advice
A001037,P00412,50,0.364,Neurology,2024-11-12,13,2024-11-25,16244.33,5,Home Health Care
A002938,P00412,50,0.364,Orthopedics,2025-09-15,9,2025-09-24,10236.5,4,Home
A005347,P00412,50,0.364,Emergency,2026-03-17,1,2026-03-18,1022.05,4,Home
A000690,P00413,51,0.13,Emergency,2025-01-13,3,2025-01-16,2467.94,0,Home
A002551,P00413,51,0.13,Emergency,2025-04-12,4,2025-04-16,3227.81,5,Home
A002979,P00413,51,0.13,Cardiology,2025-05-26,5,2025-05-31,8539.38,6,Home
A003488,P00413,51,0.13,General Surgery,2025-06-13,2,2025-06-15,3140.88,3,Home
A003522,P00413,51,0.13,Emergency,2025-11-14,1,2025-11-15,938.62,4,Home Health Care
A005847,P00413,51,0.13,Emergency,2026-03-24,1,2026-03-25,786.69,3,Skilled Nursing Facility
A006150,P00413,51,0.13,Orthopedics,2026-06-24,3,2026-06-27,4415.44,8,Home Health Care
A001267,P00414,70,0.381,Emergency,2024-12-21,1,2024-12-22,924.15,8,Home Health Care
A001614,P00414,70,0.381,General Surgery,2025-10-23,12,2025-11-04,16915.06,3,Home
A001718,P00414,70,0.381,Cardiology,2026-01-22,17,2026-02-08,37727.66,3,Home
A002557,P00414,70,0.381,Emergency,2026-06-25,6,2026-07-01,6373.87,10,Home
A000460,P00415,31,0.1,Emergency,2024-12-13,1,2024-12-14,885.33,6,Skilled Nursing Facility
A001030,P00415,31,0.1,Emergency,2025-02-15,3,2025-02-18,3051.52,4,Skilled Nursing Facility
A001541,P00415,31,0.1,Orthopedics,2025-03-02,4,2025-03-06,4610.58,0,Home
A001764,P00415,31,0.1,Cardiology,2025-03-15,2,2025-03-17,4209.14,2,Home
A001846,P00415,31,0.1,General Surgery,2025-07-24,1,2025-07-25,1706.39,4,Home
A003225,P00415,31,0.1,General Surgery,2025-09-28,12,2025-10-10,15405.34,3,Skilled Nursing Facility
A003461,P00415,31,0.1,General Surgery,2025-10-30,3,2025-11-02,5123.34,1,Skilled Nursing Facility
A006089,P00415,31,0.1,Cardiology,2026-01-23,3,2026-01-26,5561.06,3,Home
A006488,P00415,31,0.1,Emergency,2026-06-02,2,2026-06-04,2248.92,5,Home
A000994,P00416,69,0.468,Neurology,2025-01-13,16,2025-01-29,22276.8,11,Skilled Nursing Facility
A001854,P00416,69,0.468,General Surgery,2025-02-25,16,2025-03-13,25207.15,6,Home
A002830,P00416,69,0.468,Cardiology,2025-05-15,1,2025-05-16,2249.85,6,Home
A004010,P00416,69,0.468,Orthopedics,2025-06-12,13,2025-06-25,17821.01,9,Home
A006404,P00416,69,0.468,Emergency,2025-08-18,6,2025-08-24,5803.09,4,Home
A008312,P00416,69,0.468,Emergency,2025-10-12,5,2025-10-17,4466.49,11,Skilled Nursing Facility
A008848,P00416,69,0.468,Neurology,2025-12-18,3,2025-12-21,5050.37,6,Skilled Nursing Facility
A008868,P00416,69,0.468,Emergency,2026-02-25,6,2026-03-03,6349.28,5,Skilled Nursing Facility
A009522,P00416,69,0.468,Emergency,2026-03-30,2,2026-04-01,2205.7,5,Home
A000281,P00417,42,0.282,General Surgery,2025-02-01,13,2025-02-14,19022.14,3,Home
A001061,P00417,42,0.282,Emergency,2025-10-22,3,2025-10-25,3074.18,6,Skilled Nursing Facility
A001397,P00417,42,0.282,Emergency,2025-11-19,4,2025-11-23,4068.19,2,Home
A002043,P00417,42,0.282,Cardiology,2025-12-05,2,2025-12-07,3951.35,2,Home
A004405,P00417,42,0.282,Orthopedics,2026-01-14,9,2026-01-23,13588.23,8,Home
A007295,P00417,42,0.282,General Surgery,2026-09-01,1,2026-09-02,1359.64,3,Home
A002661,P00418,22,0.397,ICU,2024-10-23,1,2024-10-24,2783.2,3,Home
A003664,P00418,22,0.397,Emergency,2024-12-14,24,2025-01-07,18955.22,6,Home
A004520,P00418,22,0.397,Cardiology,2025-07-07,1,2025-07-08,1855.06,7,Home
A005732,P00418,22,0.397,ICU,2025-09-13,2,2025-09-15,4867.52,6,Home Health Care
A006019,P00418,22,0.397,Cardiology,2025-12-26,2,2025-12-28,3200.52,7,Home
A001014,P00419,38,0.151,General Surgery,2024-12-31,9,2025-01-09,13133.25,4,Home Health Care
A003505,P00419,38,0.151,Orthopedics,2025-01-29,6,2025-02-04,8931.89,4,Home Health Care
A004059,P00419,38,0.151,Emergency,2025-03-09,1,2025-03-10,900.36,5,Home
A004076,P00419,38,0.151,Emergency,2025-10-02,5,2025-10-07,4888.55,3,Home Health Care
A004248,P00419,38,0.151,Emergency,2026-01-06,11,2026-01-17,11280.7,2,Home
A001262,P00420,93,0.323,Neurology,2024-11-11,2,2024-11-13,3181.77,3,Home Health Care
A003219,P00420,93,0.323,Neurology,2025-02-14,4,2025-02-18,6451.11,6,Skilled Nursing Facility
A003742,P00420,93,0.323,Emergency,2025-09-13,7,2025-09-20,5691.91,5,Home Health Care
A004356,P00420,93,0.323,Emergency,2025-12-29,9,2026-01-07,8979.43,4,Skilled Nursing Facility
A004448,P00420,93,0.323,Emergency,2026-01-10,7,2026-01-17,6333.83,6,Skilled Nursing Facility
A004924,P00420,93,0.323,Cardiology,2026-03-12,3,2026-03-15,5768.93,4,Home
A003367,P00421,30,0.276,Cardiology,2024-11-28,1,2024-11-29,1555.34,6,Home
A003490,P00421,30,0.276,ICU,2025-04-24,4,2025-04-28,9033.77,2,Home
A004187,P00421,30,0.276,Emergency,2025-09-25,1,2025-09-26,1103.16,6,Home Health Care
A004460,P00421,30,0.276,Emergency,2026-01-03,2,2026-01-05,1580.81,5,Home
A005515,P00421,30,0.276,General Surgery,2026-01-17,6,2026-01-23,8282.7,4,Home
A006082,P00421,30,0.276,Emergency,2026-07-15,7,2026-07-22,7520.58,5,Home
A002256,P00422,66,0.19,Emergency,2024-10-05,1,2024-10-06,920.0,5,Home
A002672,P00422,66,0.19,Emergency,2024-12-10,3,2024-12-13,2539.6,2,Against Medical Advice
A005221,P00422,66,0.19,Emergency,2025-01-14,8,2025-01-22,8087.5,2,Home Health Care
A005540,P00422,66,0.19,Neurology,2025-04-10,7,2025-04-17,8455.73,2,Home
A005929,P00422,66,0.19,Neurology,2025-10-06,4,2025-10-10,5829.77,2,Skilled Nursing Facility
A006940,P00422,66,0.19,ICU,2025-11-15,13,2025-11-28,37242.95,8,Home
A007085,P00422,66,0.19,Emergency,2026-03-18,1,2026-03-19,1049.96,4,Home
A007191,P00422,66,0.19,Cardiology,2026-03-31,2,2026-04-02,3440.47,1,Home
A004736,P00423,55,0.07,Neurology,2025-01-13,6,2025-01-19,8586.54,5,Home
A000161,P00424,57,0.117,Neurology,2024-09-24,2,2024-09-26,2678.71,4,Against Medical Advice
A000386,P00424,57,0.117,Neurology,2024-12-01,6,2024-12-07,8771.27,2,Home
A000434,P00424,57,0.117,Emergency,2025-01-26,9,2025-02-04,8748.36,2,Skilled Nursing Facility
A002894,P00424,57,0.117,General Surgery,2025-02-09,1,2025-02-10,1633.75,1,Home
A004450,P00424,57,0.117,Emergency,2025-08-05,2,2025-08-07,1743.7,9,Home
A004684,P00424,57,0.117,Neurology,2025-11-29,6,2025-12-05,10242.42,3,Home
A009251,P00424,57,0.117,Cardiology,2026-03-01,1,2026-03-02,1939.88,4,Home
A009355,P00424,57,0.117,Emergency,2026-07-05,9,2026-07-14,7464.31,3,Home
A009510,P00424,57,0.117,Cardiology,2026-07-27,3,2026-07-30,6605.57,5,Home Health Care
A009540,P00424,57,0.117,Emergency,2026-08-30,3,2026-09-02,2872.65,4,Home
A000701,P00425,62,0.012,Cardiology,2025-02-04,2,2025-02-06,4202.42,6,Home
A000821,P00425,62,0.012,Orthopedics,2025-10-04,2,2025-10-06,2240.47,3,Home
A003442,P00425,62,0.012,Neurology,2026-02-08,1,2026-02-09,1289.96,2,Against Medical Advice
A005733,P00425,62,0.012,ICU,2026-03-16,3,2026-03-19,7370.82,2,Skilled Nursing Facility
A006467,P00425,62,0.012,Emergency,2026-04-20,3,2026-04-23,3159.05,3,Home
A007461,P00425,62,0.012,General Surgery,2026-09-02,2,2026-09-04,3586.51,1,Skilled Nursing Facility
A001289,P00426,62,0.484,Orthopedics,2025-02-08,3,2025-02-11,3519.43,3,Home
A001686,P00426,62,0.484,Neurology,2025-12-21,2,2025-12-23,2630.7,2,Home
A002387,P00426,62,0.484,Emergency,2026-09-05,23,2026-09-28,24511.69,2,Home
A002985,P00427,78,0.189,Neurology,2024-11-13,1,2024-11-14,1571.14,5,Home
A003725,P00427,78,0.189,Neurology,2025-03-24,1,2025-03-25,1636.37,5,Home
A004883,P00427,78,0.189,Neurology,2026-02-19,2,2026-02-21,2501.8,3,Home
A006542,P00427,78,0.189,ICU,2026-06-12,4,2026-06-16,9204.26,6,Home Health Care
A000272,P00428,5,0.577,Emergency,2024-12-26,2,2024-12-28,1836.63,10,Home
A001347,P00428,5,0.577,ICU,2025-11-17,1,2025-11-18,2397.55,8,Home
A001372,P00428,5,0.577,Emergency,2025-12-31,1,2026-01-01,867.21,5,Against Medical Advice
A003369,P00428,5,0.577,Orthopedics,2026-01-18,1,2026-01-19,1205.04,8,Home
A006127,P00428,5,0.577,Neurology,2026-07-16,2,2026-07-18,3322.49,6,Home
A001197,P00429,50,0.203,Orthopedics,2025-01-12,3,2025-01-15,4596.68,5,Skilled Nursing Facility
A003554,P00429,50,0.203,Emergency,2025-05-22,4,2025-05-26,3672.31,7,Home
A005746,P00429,50,0.203,Emergency,2025-06-05,8,2025-06-13,7562.75,5,Home
A006038,P00429,50,0.203,Orthopedics,2025-12-17,4,2025-12-21,4802.0,8,Home
A002084,P00430,73,0.136,Emergency,2024-10-11,1,2024-10-12,1054.36,3,Home Health Care
A004241,P00430,73,0.136,Emergency,2024-10-30,1,2024-10-31,1006.72,1,Home
A006530,P00430,73,0.136,Emergency,2024-12-07,7,2024-12-14,7364.23,5,Home
A007057,P00430,73,0.136,General Surgery,2025-02-17,1,2025-02-18,1585.7,3,Home
A007317,P00430,73,0.136,General Surgery,2025-06-27,1,2025-06-28,1718.26,12,Home Health Care
A007549,P00430,73,0.136,General Surgery,2025-07-22,1,2025-07-23,1581.68,7,Skilled Nursing Facility
A008152,P00430,73,0.136,Orthopedics,2025-08-22,13,2025-09-04,18403.78,3,Home
A008800,P00430,73,0.136,Emergency,2026-01-30,2,2026-02-01,1743.43,8,Home
A008970,P00430,73,0.136,Emergency,2026-02-13,14,2026-02-27,11157.44,4,Home
A002145,P00431,67,0.295,Cardiology,2024-12-17,12,2024-12-29,20083.47,1,Home Health Care
A002341,P00431,67,0.295,Cardiology,2025-01-02,4,2025-01-06,6920.37,6,Home Health Care
A002430,P00431,67,0.295,Cardiology,2025-05-13,5,2025-05-18,9208.84,3,Home
A003526,P00431,67,0.295,Cardiology,2026-02-25,3,2026-02-28,5021.81,8,Home
A005689,P00431,67,0.295,Emergency,2026-03-19,7,2026-03-26,6462.12,2,Home
A008841,P00431,67,0.295,Emergency,2026-06-10,8,2026-06-18,7743.74,9,Home Health Care
A000926,P00432,71,0.308,Emergency,2024-12-13,1,2024-12-14,1108.0,3,Skilled Nursing Facility
A004850,P00432,71,0.308,Neurology,2025-01-24,5,2025-01-29,7000.47,0,Skilled Nursing Facility
A006799,P00432,71,0.308,Neurology,2025-04-29,11,2025-05-10,14397.94,3,Home Health Care
A006814,P00432,71,0.308,ICU,2025-07-16,9,2025-07-25,19942.02,2,Home Health Care
A007281,P00432,71,0.308,Neurology,2025-09-01,8,2025-09-09,10347.15,4,Home
A007782,P00432,71,0.308,ICU,2025-11-01,3,2025-11-04,7742.14,2,Home
A007919,P00432,71,0.308,Cardiology,2026-01-22,16,2026-02-07,26945.19,3,Skilled Nursing Facility
A007987,P00432,71,0.308,Emergency,2026-04-04,4,2026-04-08,4239.26,8,Home
A000902,P00433,43,0.328,Emergency,2024-10-25,12,2024-11-06,13308.43,5,Home Health Care
A001360,P00433,43,0.328,Emergency,2024-12-27,4,2024-12-31,3316.74,6,Home Health Care
A002347,P00433,43,0.328,General Surgery,2025-02-18,1,2025-02-19,1563.6,8,Skilled Nursing Facility
A003559,P00433,43,0.328,Emergency,2025-06-27,3,2025-06-30,3077.0,4,Home
A003666,P00433,43,0.328,General Surgery,2025-12-11,20,2025-12-31,36866.17,6,Home
A006172,P00433,43,0.328,General Surgery,2026-01-16,3,2026-01-19,4918.18,7,Home
A009568,P00433,43,0.328,General Surgery,2026-03-09,4,2026-03-13,5658.32,3,Home
A009662,P00433,43,0.328,ICU,2026-05-12,2,2026-05-14,5463.8,2,Skilled Nursing Facility
A009665,P00433,43,0.328,Emergency,2026-05-25,8,2026-06-02,8100.19,6,Home Health Care
A009668,P00433,43,0.328,Cardiology,2026-09-06,3,2026-09-09,6163.59,2,Home Health Care
A000453,P00434,55,0.292,Neurology,2024-12-09,6,2024-12-15,7317.49,6,Home
A001606,P00434,55,0.292,Neurology,2025-04-18,3,2025-04-21,4852.59,2,Home
A003063,P00434,55,0.292,General Surgery,2025-05-13,1,2025-05-14,1663.01,6,Home
A003760,P00434,55,0.292,Emergency,2025-10-02,3,2025-10-05,3116.92,3,Home Health Care
A004250,P00434,55,0.292,Neurology,2026-03-11,2,2026-03-13,2770.12,2,Home
A001756,P00435,58,0.356,ICU,2025-01-31,6,2025-02-06,12896.52,5,Home
A004688,P00435,58,0.356,Neurology,2025-07-22,2,2025-07-24,3039.5,3,Skilled Nursing Facility
A006215,P00435,58,0.356,General Surgery,2025-12-20,2,2025-12-22,3133.79,6,Home Health Care
A007472,P00435,58,0.356,Emergency,2026-02-23,3,2026-02-26,3294.21,6,Home
A007907,P00435,58,0.356,General Surgery,2026-05-13,5,2026-05-18,7211.9,5,Home
A003952,P00436,43,0.23,ICU,2024-12-12,13,2024-12-25,31595.72,4,Home Health Care
A005665,P00436,43,0.23,Cardiology,2025-01-07,2,2025-01-09,3958.8,3,Home
A005668,P00436,43,0.23,Emergency,2025-01-10,2,2025-01-12,1786.22,3,Skilled Nursing Facility
A007713,P00436,43,0.23,ICU,2025-02-22,5,2025-02-27,13036.01,0,Home
A007751,P00436,43,0.23,Orthopedics,2025-11-06,11,2025-11-17,12410.4,3,Home Health Care
A007990,P00436,43,0.23,Emergency,2026-06-01,3,2026-06-04,2418.08,7,Home
A008062,P00436,43,0.23,ICU,2026-07-15,2,2026-07-17,5634.25,4,Home
A000477,P00437,40,0.114,Orthopedics,2025-01-06,3,2025-01-09,4309.2,6,Home
A000951,P00437,40,0.114,Emergency,2026-08-27,2,2026-08-29,2128.71,6,Home
A000467,P00438,54,0.077,Neurology,2024-12-16,5,2024-12-21,7512.54,1,Home
A003135,P00438,54,0.077,Neurology,2025-02-14,8,2025-02-22,9632.72,8,Home
A003287,P00438,54,0.077,General Surgery,2025-04-02,2,2025-04-04,2587.73,3,Home
A003351,P00438,54,0.077,General Surgery,2025-07-14,2,2025-07-16,3548.86,5,Skilled Nursing Facility
A004505,P00438,54,0.077,Emergency,2025-11-29,7,2025-12-06,6183.95,1,Against Medical Advice
A004516,P00438,54,0.077,Orthopedics,2026-07-29,1,2026-07-30,1358.77,5,Home
A005046,P00438,54,0.077,Cardiology,2026-09-14,2,2026-09-16,4337.58,2,Home
A000079,P00439,28,0.841,Emergency,2025-01-05,6,2025-01-11,5739.79,8,Home
A002320,P00439,28,0.841,Neurology,2025-03-25,1,2025-03-26,1618.2,7,Home
A003034,P00439,28,0.841,Emergency,2025-04-11,27,2025-05-08,21399.2,7,Home
A004182,P00439,28,0.841,Emergency,2025-07-05,4,2025-07-09,3220.86,5,Home
A004782,P00439,28,0.841,Cardiology,2025-07-26,1,2025-07-27,1806.89,12,Home Health Care
A006076,P00439,28,0.841,ICU,2025-09-11,3,2025-09-14,8611.84,11,Home
A007864,P00439,28,0.841,Neurology,2025-09-16,3,2025-09-19,4974.09,6,Home
A009036,P00439,28,0.841,ICU,2025-10-03,10,2025-10-13,24140.95,7,Home
A009237,P00439,28,0.841,ICU,2025-12-30,12,2026-01-11,29017.48,3,Home
A009389,P00439,28,0.841,Cardiology,2026-01-25,19,2026-02-13,39550.49,10,Home
A009497,P00439,28,0.841,Cardiology,2026-02-17,6,2026-02-23,9404.72,9,Skilled Nursing Facility
A009548,P00439,28,0.841,Emergency,2026-03-16,5,2026-03-21,5148.26,14,Home
A009582,P00439,28,0.841,Emergency,2026-06-12,9,2026-06-21,9977.15,7,Skilled Nursing Facility
A009583,P00439,28,0.841,Emergency,2026-07-02,11,2026-07-13,10275.87,6,Skilled Nursing Facility
A009614,P00439,28,0.841,Neurology,2026-08-08,8,2026-08-16,10293.12,3,Skilled Nursing Facility
A000127,P00440,61,0.159,Orthopedics,2024-12-08,1,2024-12-09,1350.85,5,Home
A000700,P00440,61,0.159,Emergency,2025-05-24,3,2025-05-27,2516.65,5,Home Health Care
A003757,P00440,61,0.159,Cardiology,2025-11-18,4,2025-11-22,7199.35,9,Home Health Care
A001583,P00441,73,0.254,Emergency,2025-02-12,6,2025-02-18,4915.3,7,Home
A002180,P00441,73,0.254,Orthopedics,2025-07-21,3,2025-07-24,4501.43,3,Against Medical Advice
A004258,P00441,73,0.254,Emergency,2026-03-05,3,2026-03-08,2911.25,8,Home
A006585,P00441,73,0.254,ICU,2026-04-18,5,2026-04-23,13521.25,6,Home
A000495,P00442,100,0.114,ICU,2024-10-26,2,2024-10-28,4627.2,6,Home
A001221,P00442,100,0.114,Emergency,2025-05-25,1,2025-05-26,1023.81,3,Home
A001850,P00442,100,0.114,Orthopedics,2025-12-22,1,2025-12-23,1378.54,0,Skilled Nursing Facility
A002471,P00442,100,0.114,Emergency,2026-02-07,2,2026-02-09,1618.81,6,Home
A003235,P00442,100,0.114,Neurology,2026-04-11,7,2026-04-18,9693.28,2,Home Health Care
A004648,P00442,100,0.114,Neurology,2026-08-06,4,2026-08-10,6505.65,1,Skilled Nursing Facility
A001932,P00443,64,0.188,Emergency,2024-11-12,4,2024-11-16,4487.37,7,Home Health Care
A003193,P00443,64,0.188,Orthopedics,2024-11-29,4,2024-12-03,5006.15,6,Home
A003835,P00443,64,0.188,General Surgery,2025-06-14,2,2025-06-16,3202.49,2,Home Health Care
A004950,P00443,64,0.188,Emergency,2025-07-03,3,2025-07-06,3115.34,9,Home
A007103,P00443,64,0.188,General Surgery,2025-07-13,3,2025-07-16,4790.29,7,Home
A008011,P00443,64,0.188,Orthopedics,2025-09-17,1,2025-09-18,1415.92,4,Home Health Care
A008336,P00443,64,0.188,Cardiology,2026-02-10,6,2026-02-16,10827.57,4,Home
A008994,P00443,64,0.188,Neurology,2026-03-22,5,2026-03-27,7657.62,5,Skilled Nursing Facility
A009221,P00443,64,0.188,General Surgery,2026-05-27,1,2026-05-28,1768.05,3,Home Health Care
A001773,P00444,78,0.173,Emergency,2025-01-09,14,2025-01-23,13038.97,3,Skilled Nursing Facility
A003945,P00444,78,0.173,Cardiology,2025-02-12,15,2025-02-27,27012.2,4,Home Health Care
A005017,P00444,78,0.173,Emergency,2025-03-02,4,2025-03-06,3548.99,3,Home
A005914,P00444,78,0.173,Emergency,2025-05-21,3,2025-05-24,2720.41,3,Home Health Care
A007965,P00444,78,0.173,Cardiology,2025-08-10,7,2025-08-17,12752.75,5,Home
A008077,P00444,78,0.173,Orthopedics,2025-08-31,1,2025-09-01,1553.82,3,Skilled Nursing Facility
A008202,P00444,78,0.173,ICU,2025-11-28,2,2025-11-30,4790.34,5,Home
A000250,P00445,42,0.607,Emergency,2024-12-30,3,2025-01-02,2733.83,2,Home Health Care
A000479,P00445,42,0.607,ICU,2025-03-31,2,2025-04-02,4622.02,4,Home
A002117,P00445,42,0.607,Neurology,2025-04-07,2,2025-04-09,3381.06,6,Home
A002543,P00445,42,0.607,Emergency,2026-02-20,2,2026-02-22,1651.13,5,Skilled Nursing Facility
A003347,P00445,42,0.607,Neurology,2026-03-15,30,2026-04-14,49971.1,7,Home
A004296,P00445,42,0.607,Emergency,2026-05-22,1,2026-05-23,916.34,4,Home Health Care
A004812,P00445,42,0.607,Emergency,2026-06-20,4,2026-06-24,4068.61,4,Home
A001148,P00446,43,0.5,General Surgery,2024-11-07,4,2024-11-11,6801.54,5,Home
A002264,P00446,43,0.5,Cardiology,2025-03-22,5,2025-03-27,10852.17,8,Home Health Care
A002488,P00446,43,0.5,Neurology,2026-03-16,3,2026-03-19,4354.07,8,Home
A002707,P00446,43,0.5,Orthopedics,2026-09-07,4,2026-09-11,5412.58,5,Home
A002736,P00446,43,0.5,Neurology,2026-09-21,7,2026-09-28,9770.17,5,Home
A000229,P00447,53,0.351,Orthopedics,2025-02-16,8,2025-02-24,10007.26,7,Home
A002090,P00447,53,0.351,ICU,2025-05-28,6,2025-06-03,18684.58,1,Home
A002908,P00447,53,0.351,Emergency,2025-06-12,3,2025-06-15,2575.19,6,Against Medical Advice
A007288,P00447,53,0.351,ICU,2025-08-16,7,2025-08-23,21471.78,4,Home
A007716,P00447,53,0.351,Neurology,2025-09-14,1,2025-09-15,1674.74,8,Home
A008241,P00447,53,0.351,Emergency,2025-10-02,19,2025-10-21,17026.92,10,Home
A008470,P00447,53,0.351,Emergency,2026-01-27,7,2026-02-03,6244.44,7,Home
A008596,P00447,53,0.351,Cardiology,2026-04-13,3,2026-04-16,5445.66,6,Home
A000217,P00448,47,0.663,Emergency,2024-12-10,6,2024-12-16,5794.77,7,Home Health Care
A001228,P00448,47,0.663,Emergency,2025-01-26,2,2025-01-28,1705.89,9,Home Health Care
A001627,P00448,47,0.663,Orthopedics,2025-03-20,2,2025-03-22,3149.35,7,Skilled Nursing Facility
A002963,P00448,47,0.663,Emergency,2025-05-06,3,2025-05-09,3198.92,9,Home
A003802,P00448,47,0.663,General Surgery,2025-07-14,2,2025-07-16,3210.76,8,Home
A004047,P00448,47,0.663,Neurology,2025-12-06,12,2025-12-18,15760.95,6,Home
A006158,P00448,47,0.663,ICU,2025-12-27,10,2026-01-06,23864.48,7,Skilled Nursing Facility
A006619,P00448,47,0.663,Neurology,2026-01-20,10,2026-01-30,16874.06,3,Skilled Nursing Facility
A007822,P00448,47,0.663,Emergency,2026-02-15,22,2026-03-09,23343.22,9,Home
A007882,P00448,47,0.663,Emergency,2026-06-03,7,2026-06-10,6086.77,4,Home Health Care
A000889,P00449,67,0.144,Emergency,2025-01-05,4,2025-01-09,3983.57,6,Home Health Care
A002109,P00449,67,0.144,Neurology,2025-05-03,7,2025-05-10,11365.22,9,Home
A005559,P00449,67,0.144,ICU,2025-05-12,7,2025-05-19,16384.37,6,Skilled Nursing Facility
A006130,P00449,67,0.144,Emergency,2025-07-05,2,2025-07-07,2015.63,10,Home
A006190,P00449,67,0.144,Orthopedics,2026-01-21,7,2026-01-28,11118.19,5,Home
A000598,P00450,61,0.323,ICU,2025-02-11,1,2025-02-12,2472.4,4,Home
A001925,P00450,61,0.323,Emergency,2025-04-06,12,2025-04-18,12857.41,1,Home
A006535,P00450,61,0.323,Orthopedics,2026-02-23,5,2026-02-28,5693.14,6,Home Health Care
A007448,P00450,61,0.323,Emergency,2026-09-16,2,2026-09-18,2192.03,2,Home
A004326,P00451,65,0.408,Emergency,2024-09-24,10,2024-10-04,10595.95,4,Home
A004916,P00451,65,0.408,Neurology,2024-11-10,3,2024-11-13,4659.43,7,Home
A006085,P00451,65,0.408,Cardiology,2025-09-01,1,2025-09-02,1717.36,8,Home
A007973,P00451,65,0.408,ICU,2025-11-29,4,2025-12-03,11766.08,7,Against Medical Advice
A008481,P00451,65,0.408,Emergency,2026-01-10,8,2026-01-18,8973.64,1,Home
A008586,P00451,65,0.408,Neurology,2026-04-15,5,2026-04-20,8028.82,1,Home
A009150,P00451,65,0.408,Emergency,2026-05-12,16,2026-05-28,13947.42,5,Skilled Nursing Facility
A009218,P00451,65,0.408,Emergency,2026-08-01,3,2026-08-04,2938.35,5,Home
A009402,P00451,65,0.408,Orthopedics,2026-08-14,5,2026-08-19,6203.39,10,Home Health Care
A009410,P00451,65,0.408,Orthopedics,2026-08-24,6,2026-08-30,7737.9,7,Home
A000420,P00452,16,0.162,General Surgery,2024-12-10,5,2024-12-15,7502.28,7,Home
A003244,P00452,16,0.162,ICU,2025-04-05,2,2025-04-07,4909.36,3,Home Health Care
A004784,P00452,16,0.162,Orthopedics,2026-03-14,4,2026-03-18,6094.88,2,Home Health Care
A004915,P00452,16,0.162,Cardiology,2026-07-01,3,2026-07-04,5533.16,3,Home
A000380,P00453,80,0.173,Neurology,2024-12-06,5,2024-12-11,7857.19,2,Home
A003341,P00453,80,0.173,Neurology,2024-12-28,1,2024-12-29,1743.94,7,Home
A003399,P00453,80,0.173,General Surgery,2025-01-10,4,2025-01-14,6019.81,3,Home
A003811,P00453,80,0.173,General Surgery,2025-05-03,6,2025-05-09,9601.84,4,Home
A004049,P00453,80,0.173,Emergency,2025-09-26,3,2025-09-29,2783.24,4,Home
A000019,P00454,37,0.196,Emergency,2024-11-16,2,2024-11-18,2073.51,3,Skilled Nursing Facility
A002598,P00454,37,0.196,Emergency,2025-02-06,7,2025-02-13,5694.26,4,Home Health Care
A004477,P00454,37,0.196,Neurology,2026-07-04,1,2026-07-05,1315.45,4,Home
A004641,P00454,37,0.196,Emergency,2026-09-06,12,2026-09-18,9635.64,3,Home
A002382,P00455,44,0.281,Neurology,2025-01-12,4,2025-01-16,5382.07,5,Home
A002886,P00455,44,0.281,ICU,2025-03-24,2,2025-03-26,4530.14,4,Skilled Nursing Facility
A002995,P00455,44,0.281,Neurology,2025-06-12,6,2025-06-18,9228.02,5,Home Health Care
A003686,P00455,44,0.281,Cardiology,2025-08-21,2,2025-08-23,4024.94,6,Home
A004294,P00455,44,0.281,Cardiology,2025-10-31,1,2025-11-01,2066.77,5,Home
A004315,P00455,44,0.281,ICU,2025-12-27,13,2026-01-09,30371.67,1,Home Health Care
A005134,P00455,44,0.281,General Surgery,2026-02-08,3,2026-02-11,5209.71,6,Home Health Care
A005374,P00455,44,0.281,General Surgery,2026-05-30,2,2026-06-01,2851.77,6,Home
A002364,P00456,78,0.588,Emergency,2024-12-15,21,2025-01-05,23024.15,7,Home
A002599,P00456,78,0.588,Orthopedics,2025-03-21,2,2025-03-23,2800.32,10,Home
A004755,P00456,78,0.588,Emergency,2025-06-01,4,2025-06-05,3579.91,6,Home
A005117,P00456,78,0.588,ICU,2025-06-10,1,2025-06-11,2280.61,5,Skilled Nursing Facility
A007093,P00456,78,0.588,Emergency,2025-06-17,11,2025-06-28,11237.76,9,Home
A007368,P00456,78,0.588,Neurology,2025-07-15,4,2025-07-19,6259.65,4,Home
A007963,P00456,78,0.588,Orthopedics,2026-03-06,13,2026-03-19,14514.74,2,Skilled Nursing Facility
A008571,P00456,78,0.588,Neurology,2026-05-06,2,2026-05-08,3247.28,11,Home
A008616,P00456,78,0.588,Emergency,2026-06-11,15,2026-06-26,12893.75,5,Home
A008652,P00456,78,0.588,Cardiology,2026-07-25,4,2026-07-29,6881.98,7,Home
A000240,P00457,42,0.082,Emergency,2025-01-21,1,2025-01-22,1042.76,1,Home Health Care
A000565,P00457,42,0.082,ICU,2025-10-17,2,2025-10-19,4774.63,2,Skilled Nursing Facility
A004346,P00457,42,0.082,Emergency,2026-01-25,13,2026-02-07,12209.94,5,Home
A006558,P00457,42,0.082,Emergency,2026-04-01,4,2026-04-05,3572.06,9,Home
A007002,P00457,42,0.082,General Surgery,2026-06-02,3,2026-06-05,4809.67,5,Home Health Care
A008413,P00457,42,0.082,Emergency,2026-09-23,3,2026-09-26,2720.33,4,Skilled Nursing Facility
A000813,P00458,39,0.124,Neurology,2025-01-15,8,2025-01-23,11473.5,2,Home
A000823,P00458,39,0.124,Emergency,2025-03-11,1,2025-03-12,923.81,6,Home
A000971,P00458,39,0.124,Neurology,2025-04-18,2,2025-04-20,3201.0,3,Home
A000087,P00459,54,0.004,ICU,2025-01-15,2,2025-01-17,4924.48,2,Home
A000954,P00459,54,0.004,Emergency,2025-03-01,1,2025-03-02,841.65,2,Home
A001745,P00459,54,0.004,Emergency,2025-04-09,1,2025-04-10,937.92,2,Home Health Care
A002035,P00459,54,0.004,Orthopedics,2025-07-03,1,2025-07-04,1235.64,4,Home Health Care
A003698,P00459,54,0.004,Orthopedics,2026-02-15,4,2026-02-19,5734.98,5,Home
A000705,P00460,72,0.35,Cardiology,2024-11-17,4,2024-11-21,8617.96,7,Skilled Nursing Facility
A004488,P00460,72,0.35,Emergency,2025-02-17,4,2025-02-21,3750.83,2,Home
A004674,P00460,72,0.35,Emergency,2025-04-14,2,2025-04-16,2083.32,2,Home
A005673,P00460,72,0.35,Emergency,2025-05-20,5,2025-05-25,4272.74,6,Home
A006309,P00460,72,0.35,Emergency,2025-06-19,2,2025-06-21,2058.23,3,Home
A007140,P00460,72,0.35,Emergency,2025-12-14,4,2025-12-18,4228.72,7,Skilled Nursing Facility
A008744,P00460,72,0.35,Orthopedics,2025-12-21,2,2025-12-23,3061.7,3,Home Health Care
A008966,P00460,72,0.35,ICU,2026-03-25,17,2026-04-11,44114.33,6,Home Health Care
A009256,P00460,72,0.35,Emergency,2026-09-09,2,2026-09-11,1648.82,2,Home
A001630,P00461,76,0.136,Emergency,2025-02-01,4,2025-02-05,3328.73,4,Home
A002401,P00461,76,0.136,General Surgery,2025-08-22,4,2025-08-26,5317.36,4,Home Health Care
A003036,P00461,76,0.136,Neurology,2025-09-12,8,2025-09-20,13154.79,5,Home
A006030,P00461,76,0.136,General Surgery,2025-12-07,8,2025-12-15,11799.74,2,Home
A003296,P00462,58,0.213,General Surgery,2025-01-23,4,2025-01-27,6591.86,2,Home
A003743,P00462,58,0.213,General Surgery,2025-07-04,11,2025-07-15,15143.2,3,Home
A004274,P00462,58,0.213,Neurology,2026-04-06,1,2026-04-07,1639.85,1,Home
A007145,P00462,58,0.213,Emergency,2026-07-25,2,2026-07-27,1627.18,5,Home
A002200,P00463,75,0.263,Cardiology,2024-11-06,20,2024-11-26,37119.31,2,Home
A002973,P00463,75,0.263,ICU,2025-03-07,7,2025-03-14,16409.06,5,Home
A004362,P00463,75,0.263,Cardiology,2025-06-14,3,2025-06-17,5583.19,6,Home Health Care
A006192,P00463,75,0.263,ICU,2025-09-12,2,2025-09-14,5923.83,4,Skilled Nursing Facility
A007198,P00463,75,0.263,General Surgery,2025-11-25,3,2025-11-28,4339.87,5,Home
A007266,P00463,75,0.263,General Surgery,2026-09-21,2,2026-09-23,3590.24,2,Home Health Care
A000468,P00464,31,0.588,Neurology,2024-10-15,2,2024-10-17,3134.23,3,Home
A001283,P00464,31,0.588,Cardiology,2025-01-04,8,2025-01-12,17730.52,6,Skilled Nursing Facility
A005585,P00464,31,0.588,General Surgery,2025-03-06,3,2025-03-09,4808.34,7,Home
A005827,P00464,31,0.588,ICU,2025-04-29,3,2025-05-02,9110.84,5,Skilled Nursing Facility
A006102,P00464,31,0.588,Emergency,2025-05-23,6,2025-05-29,6367.91,12,Home
A008722,P00464,31,0.588,Emergency,2025-06-22,18,2025-07-10,16140.96,6,Home
A008938,P00464,31,0.588,Orthopedics,2026-03-18,9,2026-03-27,11057.8,4,Skilled Nursing Facility
A008978,P00464,31,0.588,Orthopedics,2026-08-21,3,2026-08-24,3363.58,6,Skilled Nursing Facility
A009534,P00464,31,0.588,Emergency,2026-09-04,7,2026-09-11,7618.98,6,Home Health Care
A001041,P00465,70,0.576,Orthopedics,2024-12-05,5,2024-12-10,5700.96,7,Home
A003256,P00465,70,0.576,Emergency,2024-12-11,6,2024-12-17,4682.06,13,Home
A004815,P00465,70,0.576,General Surgery,2025-05-14,1,2025-05-15,1517.44,6,Home Health Care
A008175,P00465,70,0.576,ICU,2025-07-13,8,2025-07-21,22883.71,7,Home
A008386,P00465,70,0.576,Emergency,2026-04-19,8,2026-04-27,6361.11,12,Home
A008880,P00465,70,0.576,ICU,2026-05-14,3,2026-05-17,7205.15,7,Home
A009214,P00465,70,0.576,General Surgery,2026-06-15,15,2026-06-30,22694.01,7,Home Health Care
A009224,P00465,70,0.576,General Surgery,2026-07-08,3,2026-07-11,4723.08,6,Skilled Nursing Facility
A009414,P00465,70,0.576,General Surgery,2026-07-24,11,2026-08-04,16764.38,4,Home
A002742,P00466,43,0.218,Emergency,2025-02-02,3,2025-02-05,2919.0,5,Home
A003466,P00466,43,0.218,General Surgery,2025-12-15,4,2025-12-19,5334.33,5,Home
A001235,P00467,45,0.255,Emergency,2024-12-18,5,2024-12-23,5585.12,3,Skilled Nursing Facility
A001657,P00467,45,0.255,General Surgery,2025-02-13,1,2025-02-14,1626.53,5,Skilled Nursing Facility
A002263,P00467,45,0.255,Emergency,2025-05-11,1,2025-05-12,857.4,9,Home
A002799,P00467,45,0.255,Emergency,2025-06-17,1,2025-06-18,892.13,3,Home
A003110,P00467,45,0.255,ICU,2025-06-21,6,2025-06-27,16111.08,5,Skilled Nursing Facility
A003777,P00467,45,0.255,Cardiology,2025-07-02,9,2025-07-11,18758.34,6,Home
A000681,P00468,62,0.294,ICU,2024-10-17,1,2024-10-18,2647.1,1,Against Medical Advice
A001914,P00468,62,0.294,ICU,2024-11-05,8,2024-11-13,19711.42,4,Home
A003058,P00468,62,0.294,ICU,2025-09-23,7,2025-09-30,19880.86,6,Skilled Nursing Facility
A003273,P00468,62,0.294,General Surgery,2026-04-30,1,2026-05-01,1503.19,5,Home
A004792,P00468,62,0.294,Neurology,2026-05-26,1,2026-05-27,1331.87,6,Home
A000471,P00469,64,0.205,General Surgery,2024-11-23,1,2024-11-24,1311.46,4,Home Health Care
A001840,P00469,64,0.205,Orthopedics,2025-02-15,3,2025-02-18,3856.3,3,Against Medical Advice
A001922,P00469,64,0.205,Emergency,2025-03-09,3,2025-03-12,2367.35,7,Home
A002533,P00469,64,0.205,ICU,2025-06-27,3,2025-06-30,8570.1,4,Home
A003520,P00469,64,0.205,Orthopedics,2025-07-30,9,2025-08-08,12152.51,6,Home
A004951,P00469,64,0.205,General Surgery,2025-09-21,3,2025-09-24,4239.02,4,Home
A005311,P00469,64,0.205,Neurology,2025-11-13,1,2025-11-14,1277.26,3,Home
A006717,P00469,64,0.205,General Surgery,2026-03-30,3,2026-04-02,4099.31,4,Home
A007482,P00469,64,0.205,Emergency,2026-04-10,6,2026-04-16,6305.11,3,Home
A002615,P00470,62,0.052,General Surgery,2024-12-12,5,2024-12-17,6696.76,1,Home
A003647,P00470,62,0.052,General Surgery,2024-12-22,3,2024-12-25,5436.27,2,Home
A004908,P00470,62,0.052,Emergency,2025-01-22,2,2025-01-24,2155.11,3,Home
A005137,P00470,62,0.052,Neurology,2025-03-17,3,2025-03-20,3973.59,2,Home Health Care
A005247,P00470,62,0.052,Emergency,2025-05-12,6,2025-05-18,5523.06,4,Home
A005549,P00470,62,0.052,General Surgery,2025-07-26,4,2025-07-30,5328.25,3,Home Health Care
A005722,P00470,62,0.052,ICU,2025-08-28,25,2025-09-22,64766.04,2,Home
A005958,P00470,62,0.052,General Surgery,2025-11-18,4,2025-11-22,5246.49,2,Home
A008494,P00470,62,0.052,General Surgery,2026-09-19,4,2026-09-23,5807.32,6,Home
A000315,P00471,69,0.162,Cardiology,2024-11-20,9,2024-11-29,15318.63,2,Skilled Nursing Facility
A001116,P00471,69,0.162,Cardiology,2025-03-15,3,2025-03-18,6562.05,4,Home
A004841,P00471,69,0.162,ICU,2025-06-28,2,2025-06-30,4895.11,5,Home Health Care
A005036,P00471,69,0.162,Neurology,2025-12-17,4,2025-12-21,6686.66,2,Home
A005458,P00471,69,0.162,Emergency,2026-03-25,5,2026-03-30,5113.1,7,Skilled Nursing Facility
A001019,P00472,56,0.125,Neurology,2024-11-13,4,2024-11-17,6582.05,3,Home Health Care
A001613,P00472,56,0.125,ICU,2024-11-20,2,2024-11-22,5074.1,3,Home Health Care
A003808,P00472,56,0.125,Emergency,2025-02-09,4,2025-02-13,3737.31,6,Home
A006382,P00472,56,0.125,Emergency,2025-10-18,2,2025-10-20,1624.26,4,Home
A006901,P00472,56,0.125,Orthopedics,2026-09-01,5,2026-09-06,7698.57,7,Home
A008292,P00472,56,0.125,General Surgery,2026-09-23,7,2026-09-30,13070.1,2,Home
A002221,P00473,58,0.071,Emergency,2024-10-31,3,2024-11-03,3187.05,4,Home
A002952,P00473,58,0.071,General Surgery,2025-01-07,2,2025-01-09,3743.05,5,Home
A004130,P00473,58,0.071,General Surgery,2025-02-20,3,2025-02-23,5121.6,4,Home
A004629,P00473,58,0.071,Emergency,2025-04-17,4,2025-04-21,3359.23,3,Home Health Care
A005259,P00473,58,0.071,Emergency,2025-11-29,1,2025-11-30,786.01,5,Home Health Care
A006700,P00473,58,0.071,Emergency,2026-03-09,2,2026-03-11,1938.82,5,Home
A004571,P00474,51,0.794,ICU,2024-09-30,4,2024-10-04,10231.45,7,Home
A005187,P00474,51,0.794,Orthopedics,2024-10-10,13,2024-10-23,20679.88,14,Skilled Nursing Facility
A005824,P00474,51,0.794,Emergency,2024-11-30,1,2024-12-01,1039.78,10,Home
A007014,P00474,51,0.794,Emergency,2024-12-25,10,2025-01-04,10260.49,1,Home
A007277,P00474,51,0.794,General Surgery,2025-04-12,3,2025-04-15,5147.64,6,Home Health Care
A008380,P00474,51,0.794,Cardiology,2025-04-20,5,2025-04-25,8807.55,3,Home Health Care
A008675,P00474,51,0.794,ICU,2025-05-22,8,2025-05-30,17385.31,6,Home Health Care
A009004,P00474,51,0.794,ICU,2025-06-14,5,2025-06-19,15447.88,8,Home Health Care
A009195,P00474,51,0.794,Neurology,2025-07-19,20,2025-08-08,24973.03,13,Home Health Care
A009323,P00474,51,0.794,Emergency,2025-10-02,5,2025-10-07,3949.93,6,Home
A009395,P00474,51,0.794,Emergency,2025-10-23,1,2025-10-24,849.29,8,Home Health Care
A009529,P00474,51,0.794,ICU,2025-11-16,9,2025-11-25,22737.54,10,Home
A009634,P00474,51,0.794,General Surgery,2025-12-25,7,2026-01-01,10060.95,7,Home
A009653,P00474,51,0.794,Emergency,2026-02-02,8,2026-02-10,7664.54,9,Home
A009684,P00474,51,0.794,Emergency,2026-03-02,4,2026-03-06,3202.3,10,Home Health Care
A009691,P00474,51,0.794,Emergency,2026-04-01,9,2026-04-10,8917.98,7,Home
A009692,P00474,51,0.794,Neurology,2026-06-29,3,2026-07-02,4342.63,7,Against Medical Advice
A009696,P00474,51,0.794,Cardiology,2026-08-27,3,2026-08-30,6341.96,7,Skilled Nursing Facility
A009697,P00474,51,0.794,ICU,2026-09-10,9,2026-09-19,22469.91,9,Home
A000393,P00475,54,0.122,Emergency,2024-10-05,1,2024-10-06,915.43,4,Home Health Care
A000781,P00475,54,0.122,Neurology,2024-10-08,1,2024-10-09,1572.05,2,Against Medical Advice
A002544,P00475,54,0.122,Emergency,2024-11-19,1,2024-11-20,814.25,7,Home
A002732,P00475,54,0.122,ICU,2024-12-07,1,2024-12-08,2235.65,5,Home
A002926,P00475,54,0.122,Emergency,2025-04-21,1,2025-04-22,812.04,10,Home
A005898,P00475,54,0.122,Cardiology,2025-05-10,1,2025-05-11,2242.28,4,Against Medical Advice
A006101,P00475,54,0.122,Emergency,2025-09-12,1,2025-09-13,786.29,3,Home
A006748,P00475,54,0.122,Orthopedics,2025-12-23,6,2025-12-29,7196.15,1,Skilled Nursing Facility
A006840,P00475,54,0.122,Neurology,2026-02-28,19,2026-03-19,30539.7,3,Skilled Nursing Facility
A006995,P00475,54,0.122,ICU,2026-04-19,5,2026-04-24,13719.16,3,Home
A007187,P00475,54,0.122,Cardiology,2026-05-04,3,2026-05-07,6422.86,4,Home
A007301,P00475,54,0.122,Emergency,2026-07-20,6,2026-07-26,6394.37,4,Home
A007516,P00475,54,0.122,Cardiology,2026-09-11,4,2026-09-15,8668.99,1,Home Health Care
A000542,P00476,68,0.242,Emergency,2024-11-25,7,2024-12-02,6099.35,2,Home
A001272,P00476,68,0.242,Emergency,2024-12-04,5,2024-12-09,4780.45,2,Home
A006147,P00476,68,0.242,General Surgery,2025-01-14,4,2025-01-18,6279.93,2,Home
A006265,P00476,68,0.242,Emergency,2025-07-02,11,2025-07-13,9497.14,5,Home
A007464,P00476,68,0.242,Orthopedics,2025-09-17,4,2025-09-21,6384.64,8,Home
A007618,P00476,68,0.242,Emergency,2026-05-29,7,2026-06-05,7747.68,5,Home
A002209,P00477,45,0.249,Emergency,2025-01-23,16,2025-02-08,14429.43,4,Home Health Care
A002309,P00477,45,0.249,ICU,2025-03-28,2,2025-03-30,4544.0,6,Home
A002614,P00477,45,0.249,General Surgery,2025-05-31,7,2025-06-07,10947.05,3,Home
A002776,P00477,45,0.249,ICU,2026-05-18,4,2026-05-22,9865.88,7,Against Medical Advice
A003017,P00477,45,0.249,ICU,2026-07-28,2,2026-07-30,5785.02,3,Home
A000587,P00478,58,0.388,Emergency,2024-10-12,2,2024-10-14,1536.63,4,Home
A001147,P00478,58,0.388,ICU,2025-11-28,2,2025-11-30,4957.48,4,Home
A000008,P00479,83,0.299,Neurology,2025-01-18,8,2025-01-26,12609.86,4,Home
A003358,P00479,83,0.299,Emergency,2025-09-28,4,2025-10-02,3577.18,4,Home
A003572,P00479,83,0.299,Emergency,2025-10-28,1,2025-10-29,818.76,9,Home
A003692,P00479,83,0.299,Emergency,2025-12-11,4,2025-12-15,3135.52,3,Home
A004798,P00479,83,0.299,ICU,2026-04-12,6,2026-04-18,15930.75,7,Skilled Nursing Facility
A005805,P00479,83,0.299,Emergency,2026-06-17,1,2026-06-18,842.21,0,Home Health Care
A005870,P00479,83,0.299,Orthopedics,2026-06-24,10,2026-07-04,11429.81,2,Home Health Care
A006141,P00480,64,0.38,Emergency,2025-01-08,11,2025-01-19,9134.09,4,Against Medical Advice
A007652,P00480,64,0.38,Orthopedics,2025-04-29,4,2025-05-03,6138.6,5,Home
A007930,P00480,64,0.38,Neurology,2026-02-14,16,2026-03-02,24158.85,6,Home Health Care
A008020,P00480,64,0.38,General Surgery,2026-04-10,4,2026-04-14,6903.44,1,Home
A000963,P00481,45,0.143,ICU,2024-11-12,7,2024-11-19,20133.08,5,Home
A001256,P00481,45,0.143,Cardiology,2025-01-12,3,2025-01-15,4726.03,8,Home
A001673,P00481,45,0.143,Emergency,2025-11-05,3,2025-11-08,3170.62,3,Home
A005322,P00481,45,0.143,Orthopedics,2026-01-14,5,2026-01-19,5890.06,2,Home
A005677,P00481,45,0.143,Emergency,2026-04-11,2,2026-04-13,1962.45,3,Home
A000936,P00482,62,0.308,ICU,2024-12-31,10,2025-01-10,25634.09,7,Home Health Care
A003299,P00482,62,0.308,Neurology,2026-01-23,4,2026-01-27,5398.54,8,Against Medical Advice
A003960,P00482,62,0.308,Cardiology,2026-04-01,1,2026-04-02,2171.38,2,Home
A004110,P00482,62,0.308,Emergency,2026-05-04,2,2026-05-06,2069.25,5,Home
A000814,P00483,44,0.094,ICU,2025-01-28,3,2025-01-31,7087.57,4,Home
A004222,P00483,44,0.094,General Surgery,2025-04-07,1,2025-04-08,1338.44,2,Home
A005788,P00483,44,0.094,Emergency,2025-07-31,7,2025-08-07,7376.64,2,Home
A006524,P00483,44,0.094,Cardiology,2025-11-11,5,2025-11-16,10160.14,5,Home
A007336,P00483,44,0.094,Cardiology,2026-01-26,4,2026-01-30,7594.68,0,Home
A007385,P00483,44,0.094,Emergency,2026-02-26,1,2026-02-27,838.76,2,Home
A007837,P00483,44,0.094,Emergency,2026-06-13,6,2026-06-19,6477.91,8,Home Health Care
A002421,P00484,81,0.286,Emergency,2025-01-04,5,2025-01-09,4837.67,3,Home
A002633,P00484,81,0.286,General Surgery,2025-01-26,3,2025-01-29,4069.65,5,Skilled Nursing Facility
A005507,P00484,81,0.286,ICU,2025-04-17,4,2025-04-21,12442.9,3,Home Health Care
A005931,P00484,81,0.286,ICU,2025-09-19,5,2025-09-24,12892.81,6,Home Health Care
A007005,P00484,81,0.286,Emergency,2025-11-08,7,2025-11-15,6784.89,2,Home Health Care
A007740,P00484,81,0.286,Emergency,2025-11-21,2,2025-11-23,1649.02,4,Skilled Nursing Facility
A008569,P00484,81,0.286,General Surgery,2025-12-19,3,2025-12-22,4821.04,5,Home Health Care
A003658,P00485,79,0.392,ICU,2024-11-25,1,2024-11-26,2595.04,7,Home Health Care
A003878,P00485,79,0.392,Emergency,2025-06-10,5,2025-06-15,4485.25,4,Home
A006134,P00485,79,0.392,General Surgery,2025-09-18,1,2025-09-19,1786.98,6,Skilled Nursing Facility
A007771,P00485,79,0.392,Orthopedics,2025-11-15,20,2025-12-05,24343.89,6,Home
A008458,P00485,79,0.392,Orthopedics,2026-01-16,1,2026-01-17,1287.77,6,Home
A008488,P00485,79,0.392,Cardiology,2026-02-05,3,2026-02-08,6236.92,9,Home
A000030,P00486,74,0.206,General Surgery,2024-10-31,1,2024-11-01,1806.95,8,Home
A000431,P00486,74,0.206,Cardiology,2025-01-01,10,2025-01-11,21536.88,2,Home Health Care
A003460,P00486,74,0.206,General Surgery,2025-02-16,7,2025-02-23,9809.9,3,Home
A004820,P00486,74,0.206,ICU,2025-07-26,10,2025-08-05,21637.28,4,Home
A006796,P00486,74,0.206,General Surgery,2026-02-15,2,2026-02-17,3672.0,4,Home
A006979,P00486,74,0.206,Neurology,2026-03-16,3,2026-03-19,3588.28,2,Home
A008276,P00486,74,0.206,Neurology,2026-03-27,2,2026-03-29,2961.16,9,Home
A008713,P00486,74,0.206,General Surgery,2026-09-18,5,2026-09-23,9157.6,7,Skilled Nursing Facility
A001610,P00487,30,0.308,Emergency,2024-09-25,1,2024-09-26,951.56,4,Home
A003076,P00487,30,0.308,Neurology,2025-01-12,8,2025-01-20,11142.11,2,Home
A003227,P00487,30,0.308,General Surgery,2025-05-15,8,2025-05-23,12186.45,2,Home Health Care
A005699,P00487,30,0.308,Orthopedics,2026-01-09,11,2026-01-20,17357.4,1,Home
A007470,P00487,30,0.308,Emergency,2026-03-29,1,2026-03-30,1060.4,3,Home
A007657,P00487,30,0.308,Emergency,2026-05-20,3,2026-05-23,2962.01,8,Home
A009054,P00487,30,0.308,Emergency,2026-05-25,1,2026-05-26,968.37,5,Home Health Care
A009545,P00487,30,0.308,Orthopedics,2026-06-11,8,2026-06-19,11366.9,5,Home
A000637,P00488,70,0.034,ICU,2024-10-21,5,2024-10-26,14159.56,0,Home
A003218,P00488,70,0.034,ICU,2025-03-07,4,2025-03-11,9155.4,2,Home
A005954,P00488,70,0.034,Emergency,2025-07-30,5,2025-08-04,5354.95,3,Home
A006044,P00488,70,0.034,Emergency,2025-09-10,1,2025-09-11,1024.4,7,Home
A007400,P00488,70,0.034,Cardiology,2026-01-10,2,2026-01-12,3871.5,1,Home
A007492,P00488,70,0.034,General Surgery,2026-04-22,3,2026-04-25,5295.04,4,Home Health Care
A000540,P00489,43,0.431,General Surgery,2025-01-10,16,2025-01-26,28564.35,3,Against Medical Advice
A000617,P00489,43,0.431,General Surgery,2025-03-01,3,2025-03-04,5315.98,5,Home
A001477,P00489,43,0.431,Emergency,2025-12-09,2,2025-12-11,1761.67,9,Home
A004046,P00489,43,0.431,Emergency,2026-07-15,7,2026-07-22,5769.39,3,Home
A001877,P00490,74,0.727,Emergency,2024-11-19,7,2024-11-26,6543.24,7,Home
A001893,P00490,74,0.727,General Surgery,2026-02-17,1,2026-02-18,1519.43,9,Skilled Nursing Facility
A002045,P00490,74,0.727,Cardiology,2026-02-24,10,2026-03-06,17821.85,6,Home
A002102,P00490,74,0.727,General Surgery,2026-04-12,1,2026-04-13,1404.98,7,Home
A000488,P00491,48,0.399,Neurology,2024-11-08,4,2024-11-12,4964.4,7,Home
A001034,P00491,48,0.399,Orthopedics,2024-11-18,8,2024-11-26,10313.56,5,Against Medical Advice
A001394,P00491,48,0.399,General Surgery,2025-02-25,8,2025-03-05,14195.96,6,Skilled Nursing Facility
A002306,P00491,48,0.399,Cardiology,2025-04-07,3,2025-04-10,5592.95,5,Home
A002396,P00491,48,0.399,Cardiology,2025-08-05,14,2025-08-19,26209.64,4,Home
A006784,P00491,48,0.399,Cardiology,2026-01-14,6,2026-01-20,12822.95,9,Home
A008342,P00491,48,0.399,Orthopedics,2026-02-01,3,2026-02-04,4205.33,6,Home
A008347,P00491,48,0.399,Cardiology,2026-09-13,1,2026-09-14,1695.39,5,Home
A001928,P00492,61,0.137,Orthopedics,2025-02-03,1,2025-02-04,1342.82,3,Skilled Nursing Facility
A002411,P00492,61,0.137,Neurology,2025-03-14,6,2025-03-20,9144.16,5,Home Health Care
A004795,P00492,61,0.137,Cardiology,2026-02-03,3,2026-02-06,6509.63,2,Home
A004062,P00493,40,0.561,ICU,2025-01-20,14,2025-02-03,30951.43,5,Home
A006545,P00493,40,0.561,ICU,2025-09-02,2,2025-09-04,5633.94,8,Home
A007199,P00493,40,0.561,Neurology,2025-12-04,7,2025-12-11,11135.86,3,Home
A000262,P00494,63,0.456,Emergency,2024-10-06,10,2024-10-16,8765.42,8,Home
A000304,P00494,63,0.456,Cardiology,2025-01-16,3,2025-01-19,4680.82,8,Home
A000717,P00494,63,0.456,Emergency,2025-06-07,10,2025-06-17,10064.09,4,Skilled Nursing Facility
A003401,P00494,63,0.456,General Surgery,2025-07-26,9,2025-08-04,14245.06,5,Home
A003977,P00494,63,0.456,Neurology,2025-09-17,2,2025-09-19,2503.58,10,Home
A006227,P00494,63,0.456,ICU,2025-12-09,2,2025-12-11,5617.92,5,Home
A007162,P00494,63,0.456,ICU,2026-01-10,6,2026-01-16,13549.89,5,Home
A009021,P00494,63,0.456,Neurology,2026-02-08,32,2026-03-12,50981.18,9,Home
A000119,P00495,39,0.51,Neurology,2025-02-13,2,2025-02-15,3400.09,4,Home
A001860,P00495,39,0.51,ICU,2025-05-30,7,2025-06-06,20271.74,3,Home
A002847,P00495,39,0.51,Emergency,2025-11-25,1,2025-11-26,969.83,5,Skilled Nursing Facility
A004482,P00495,39,0.51,General Surgery,2026-01-06,13,2026-01-19,16791.03,5,Home
A004826,P00495,39,0.51,Emergency,2026-06-24,1,2026-06-25,1083.37,8,Home
A007553,P00495,39,0.51,Neurology,2026-08-04,13,2026-08-17,22243.91,8,Skilled Nursing Facility
A003176,P00496,26,0.121,Emergency,2024-11-26,1,2024-11-27,789.6,3,Skilled Nursing Facility
A003306,P00496,26,0.121,Neurology,2025-05-06,1,2025-05-07,1517.48,5,Home Health Care
A004567,P00496,26,0.121,ICU,2025-08-13,2,2025-08-15,6160.76,6,Home
A004804,P00496,26,0.121,Emergency,2025-11-23,5,2025-11-28,4384.3,7,Skilled Nursing Facility
A007543,P00496,26,0.121,Cardiology,2026-02-23,11,2026-03-06,21204.71,6,Home
A008705,P00496,26,0.121,Emergency,2026-03-25,2,2026-03-27,1790.34,3,Skilled Nursing Facility
A008784,P00496,26,0.121,ICU,2026-03-30,8,2026-04-07,19261.39,5,Home
A009165,P00496,26,0.121,Emergency,2026-09-03,2,2026-09-05,1971.47,6,Home Health Care
A000275,P00497,68,0.411,Emergency,2024-10-25,1,2024-10-26,814.96,6,Home Health Care
A001060,P00497,68,0.411,Emergency,2025-09-28,7,2025-10-05,7558.17,6,Home
A002229,P00497,68,0.411,Emergency,2025-10-12,8,2025-10-20,7299.87,6,Home Health Care
A002996,P00497,68,0.411,Neurology,2025-11-01,8,2025-11-09,10255.77,5,Home
A005410,P00497,68,0.411,Emergency,2025-12-30,2,2026-01-01,1682.44,1,Home
A000344,P00498,47,0.55,Orthopedics,2025-01-18,14,2025-02-01,15577.96,5,Home
A001636,P00498,47,0.55,ICU,2025-05-21,6,2025-05-27,15993.57,6,Home Health Care
A001887,P00498,47,0.55,Cardiology,2025-07-22,6,2025-07-28,12130.74,9,Home
A006510,P00498,47,0.55,Cardiology,2025-08-30,2,2025-09-01,4337.91,10,Skilled Nursing Facility
A006906,P00498,47,0.55,General Surgery,2025-10-29,5,2025-11-03,7883.79,6,Against Medical Advice
A007045,P00498,47,0.55,General Surgery,2025-11-29,3,2025-12-02,5620.29,5,Home
A007674,P00498,47,0.55,General Surgery,2026-06-07,1,2026-06-08,1716.84,4,Home
A008727,P00498,47,0.55,Cardiology,2026-06-09,14,2026-06-23,28123.26,9,Home
A008803,P00498,47,0.55,Emergency,2026-08-20,9,2026-08-29,7466.43,3,Against Medical Advice
A009560,P00498,47,0.55,General Surgery,2026-09-17,1,2026-09-18,1604.63,6,Skilled Nursing Facility
A000307,P00499,62,0.121,Emergency,2024-10-28,9,2024-11-06,8525.64,5,Home
A003346,P00499,62,0.121,Orthopedics,2025-02-08,1,2025-02-09,1492.75,8,Home
A005624,P00499,62,0.121,ICU,2025-06-20,2,2025-06-22,5107.53,3,Home
A006503,P00499,62,0.121,Emergency,2025-07-11,6,2025-07-17,6245.63,4,Against Medical Advice
A007800,P00499,62,0.121,ICU,2025-07-25,6,2025-07-31,15911.35,3,Home
A008124,P00499,62,0.121,Emergency,2025-08-30,8,2025-09-07,6322.91,4,Home Health Care
A008164,P00499,62,0.121,Emergency,2026-03-27,5,2026-04-01,5191.83,1,Home
A009387,P00499,62,0.121,Orthopedics,2026-04-21,2,2026-04-23,3132.27,2,Home
A000391,P00500,69,0.051,Neurology,2025-01-20,2,2025-01-22,2424.12,2,Home
A003279,P00500,69,0.051,ICU,2026-03-22,3,2026-03-25,8065.09,5,Home
A003336,P00500,69,0.051,General Surgery,2026-05-10,5,2026-05-15,7043.53,2,Home
A003425,P00500,69,0.051,Neurology,2026-06-03,2,2026-06-05,3271.84,2,Home
A006053,P00500,69,0.051,Neurology,2026-06-19,3,2026-06-22,4559.46,0,Home Health Care
A003942,P00501,72,0.495,General Surgery,2025-02-06,16,2025-02-22,20870.95,2,Home
A004991,P00501,72,0.495,General Surgery,2025-04-05,7,2025-04-12,9669.56,5,Skilled Nursing Facility
A006875,P00501,72,0.495,Cardiology,2025-04-14,2,2025-04-16,4493.01,5,Home Health Care
A007068,P00501,72,0.495,General Surgery,2025-07-10,5,2025-07-15,7225.6,5,Home
A007560,P00501,72,0.495,Emergency,2025-10-21,5,2025-10-26,3907.68,8,Home
A007808,P00501,72,0.495,Neurology,2025-12-11,6,2025-12-17,9802.75,4,Home
A008747,P00501,72,0.495,Emergency,2026-06-13,13,2026-06-26,12607.45,5,Home Health Care
A008771,P00501,72,0.495,General Surgery,2026-07-04,4,2026-07-08,6373.16,15,Home
A000505,P00502,73,0.396,ICU,2025-02-14,1,2025-02-15,2471.86,3,Home
A002597,P00502,73,0.396,ICU,2025-07-05,2,2025-07-07,5016.59,3,Home
A004587,P00502,73,0.396,Emergency,2025-08-21,1,2025-08-22,830.41,5,Home
A006642,P00502,73,0.396,General Surgery,2025-12-29,2,2025-12-31,3580.35,5,Home Health Care
A006712,P00502,73,0.396,ICU,2026-06-20,5,2026-06-25,13635.93,8,Home
A003145,P00503,50,0.431,Emergency,2024-12-14,26,2025-01-09,23514.43,5,Home
A004277,P00503,50,0.431,Neurology,2026-02-22,4,2026-02-26,5937.92,4,Home
A004426,P00503,50,0.431,Emergency,2026-07-28,1,2026-07-29,977.34,10,Home
A000167,P00504,38,0.33,General Surgery,2025-01-15,6,2025-01-21,9392.54,7,Home
A000535,P00505,14,0.199,Cardiology,2025-01-31,4,2025-02-04,8600.72,3,Skilled Nursing Facility
A002388,P00505,14,0.199,Cardiology,2025-07-19,5,2025-07-24,8123.78,7,Home
A003285,P00505,14,0.199,General Surgery,2026-02-06,7,2026-02-13,12772.88,2,Home
A000576,P00506,73,0.218,Orthopedics,2025-01-11,2,2025-01-13,2909.11,5,Home
A004422,P00506,73,0.218,Emergency,2026-01-15,5,2026-01-20,4167.57,6,Home
A000120,P00507,61,0.462,ICU,2025-02-11,1,2025-02-12,2183.17,7,Home
A003177,P00507,61,0.462,ICU,2025-06-26,1,2025-06-27,2224.31,6,Skilled Nursing Facility
A004656,P00507,61,0.462,Neurology,2025-08-27,4,2025-08-31,6649.22,5,Home
A006079,P00507,61,0.462,Emergency,2026-08-17,4,2026-08-21,3143.35,6,Home
A000428,P00508,46,0.207,General Surgery,2025-01-16,2,2025-01-18,2591.89,5,Against Medical Advice
A000443,P00508,46,0.207,Emergency,2025-04-17,3,2025-04-20,2649.53,3,Home Health Care
A001317,P00508,46,0.207,Neurology,2025-05-06,4,2025-05-10,5883.01,6,Home
A001825,P00508,46,0.207,Cardiology,2026-01-09,4,2026-01-13,7567.03,5,Home Health Care
A002493,P00508,46,0.207,Emergency,2026-08-08,9,2026-08-17,7413.18,4,Home Health Care
A003573,P00508,46,0.207,General Surgery,2026-09-10,3,2026-09-13,4949.65,5,Home
A001726,P00509,40,0.264,ICU,2024-11-03,2,2024-11-05,5684.56,4,Home Health Care
A002636,P00509,40,0.264,Emergency,2025-04-16,5,2025-04-21,4133.21,3,Home
A005348,P00509,40,0.264,Emergency,2025-06-21,3,2025-06-24,2807.18,4,Against Medical Advice
A005534,P00509,40,0.264,Emergency,2025-09-01,1,2025-09-02,789.34,6,Home Health Care
A005636,P00509,40,0.264,Emergency,2025-12-17,6,2025-12-23,6537.28,4,Skilled Nursing Facility
A006133,P00509,40,0.264,Emergency,2026-02-03,9,2026-02-12,9639.53,9,Home
A007296,P00509,40,0.264,Emergency,2026-07-10,15,2026-07-25,14937.66,4,Home
A000374,P00510,42,0.249,Orthopedics,2025-01-23,5,2025-01-28,6730.13,3,Home
A001861,P00510,42,0.249,Emergency,2025-02-15,4,2025-02-19,3356.31,4,Home
A004189,P00510,42,0.249,Cardiology,2025-06-17,16,2025-07-03,34592.69,6,Home Health Care
A005982,P00510,42,0.249,General Surgery,2025-10-24,20,2025-11-13,26281.22,4,Home Health Care
A006705,P00510,42,0.249,Neurology,2025-12-07,11,2025-12-18,13299.95,5,Home
A006775,P00510,42,0.249,General Surgery,2026-01-29,5,2026-02-03,7838.77,4,Skilled Nursing Facility
A007309,P00510,42,0.249,General Surgery,2026-04-02,2,2026-04-04,2740.83,7,Home
A007499,P00510,42,0.249,Cardiology,2026-07-08,13,2026-07-21,22991.65,5,Home
A003226,P00511,78,0.589,Cardiology,2025-01-17,7,2025-01-24,10943.88,4,Home
A004204,P00511,78,0.589,Orthopedics,2025-03-12,1,2025-03-13,1265.79,5,Home
A007547,P00511,78,0.589,Orthopedics,2025-03-17,1,2025-03-18,1253.27,6,Home
A007609,P00511,78,0.589,Emergency,2025-03-22,11,2025-04-02,10171.91,6,Home
A007611,P00511,78,0.589,Cardiology,2025-04-04,9,2025-04-13,17965.81,8,Skilled Nursing Facility
A008538,P00511,78,0.589,Cardiology,2025-10-05,2,2025-10-07,3891.94,4,Home
A008989,P00511,78,0.589,Orthopedics,2025-10-29,5,2025-11-03,6918.62,10,Home Health Care
A009117,P00511,78,0.589,Cardiology,2025-11-06,8,2025-11-14,12870.18,8,Home Health Care
A009243,P00511,78,0.589,Orthopedics,2025-12-02,15,2025-12-17,24365.33,8,Home
A009520,P00511,78,0.589,Cardiology,2026-03-09,4,2026-03-13,6435.63,1,Home
A009555,P00511,78,0.589,Emergency,2026-04-04,8,2026-04-12,8307.71,5,Home
A009557,P00511,78,0.589,Cardiology,2026-04-18,1,2026-04-19,1905.2,9,Home
A009569,P00511,78,0.589,ICU,2026-07-05,4,2026-07-09,10715.59,7,Skilled Nursing Facility
A009603,P00511,78,0.589,Emergency,2026-07-31,15,2026-08-15,14968.2,7,Home Health Care
A009616,P00511,78,0.589,Emergency,2026-08-17,10,2026-08-27,9241.85,3,Home
A000014,P00512,60,0.203,ICU,2024-11-29,4,2024-12-03,11074.21,3,Home
A001629,P00512,60,0.203,Cardiology,2025-03-05,11,2025-03-16,20255.5,1,Home
A003263,P00512,60,0.203,ICU,2025-03-29,2,2025-03-31,4937.46,3,Home
A005143,P00512,60,0.203,Emergency,2025-09-19,5,2025-09-24,4111.05,4,Home
A005208,P00512,60,0.203,Emergency,2025-12-03,1,2025-12-04,768.55,9,Skilled Nursing Facility
A005279,P00512,60,0.203,Emergency,2025-12-27,3,2025-12-30,3230.15,4,Home
A006713,P00512,60,0.203,Orthopedics,2026-05-07,2,2026-05-09,2222.31,3,Home
A007585,P00512,60,0.203,Neurology,2026-09-18,1,2026-09-19,1615.55,2,Home
A000102,P00513,79,0.178,Cardiology,2024-11-26,1,2024-11-27,1854.65,4,Against Medical Advice
A000442,P00513,79,0.178,ICU,2024-12-11,2,2024-12-13,5759.05,3,Home
A002422,P00513,79,0.178,Cardiology,2025-08-10,4,2025-08-14,7268.1,2,Home
A002456,P00513,79,0.178,Neurology,2026-01-05,7,2026-01-12,10182.36,3,Skilled Nursing Facility
A005226,P00513,79,0.178,Neurology,2026-01-21,3,2026-01-24,4166.66,3,Skilled Nursing Facility
A005501,P00513,79,0.178,Cardiology,2026-02-24,6,2026-03-02,11924.69,3,Home
A006430,P00513,79,0.178,Neurology,2026-06-01,12,2026-06-13,15595.21,7,Home Health Care
A006553,P00513,79,0.178,Emergency,2026-08-31,2,2026-09-02,2034.55,7,Home
A000621,P00514,27,0.213,Emergency,2024-12-03,1,2024-12-04,1045.88,2,Home
A003987,P00514,27,0.213,Neurology,2025-03-16,3,2025-03-19,5108.01,5,Skilled Nursing Facility
A005204,P00514,27,0.213,Cardiology,2025-05-12,9,2025-05-21,16908.66,8,Home Health Care
A005884,P00514,27,0.213,General Surgery,2025-08-29,6,2025-09-04,10095.37,3,Home
A006765,P00514,27,0.213,Orthopedics,2026-02-18,3,2026-02-21,4054.07,6,Against Medical Advice
A007709,P00514,27,0.213,General Surgery,2026-03-22,8,2026-03-30,13932.86,1,Home
A007993,P00514,27,0.213,ICU,2026-04-21,1,2026-04-22,2186.8,4,Home
A008079,P00514,27,0.213,Orthopedics,2026-07-03,8,2026-07-11,10657.54,6,Skilled Nursing Facility
A008395,P00514,27,0.213,General Surgery,2026-09-11,1,2026-09-12,1474.93,5,Home
A001153,P00515,82,0.48,Emergency,2025-02-04,6,2025-02-10,6130.16,1,Skilled Nursing Facility
A002414,P00515,82,0.48,Orthopedics,2025-05-27,4,2025-05-31,4772.0,3,Home
A004502,P00515,82,0.48,Cardiology,2025-09-03,1,2025-09-04,2218.7,4,Skilled Nursing Facility
A004765,P00515,82,0.48,Neurology,2025-10-04,12,2025-10-16,19174.1,9,Home Health Care
A005260,P00515,82,0.48,ICU,2026-03-17,1,2026-03-18,2919.61,1,Home
A002169,P00516,34,0.267,Neurology,2025-01-26,2,2025-01-28,2577.58,7,Home
A004511,P00516,34,0.267,General Surgery,2025-04-07,1,2025-04-08,1725.99,6,Home
A004694,P00516,34,0.267,Emergency,2025-04-12,8,2025-04-20,6850.42,3,Skilled Nursing Facility
A005142,P00516,34,0.267,Emergency,2025-07-16,3,2025-07-19,2321.95,4,Home
A005656,P00516,34,0.267,Neurology,2025-09-22,3,2025-09-25,4713.17,5,Home Health Care
A007471,P00516,34,0.267,ICU,2026-05-17,1,2026-05-18,2143.33,4,Home
A002805,P00517,34,0.297,Cardiology,2024-11-24,2,2024-11-26,4080.19,6,Home
A003970,P00517,34,0.297,General Surgery,2024-12-30,15,2025-01-14,26501.37,4,Home
A006417,P00517,34,0.297,ICU,2025-12-03,2,2025-12-05,4717.63,6,Skilled Nursing Facility
A006771,P00517,34,0.297,Emergency,2026-01-16,13,2026-01-29,11428.13,1,Home
A006822,P00517,34,0.297,ICU,2026-02-15,2,2026-02-17,4625.37,5,Home
A007139,P00517,34,0.297,General Surgery,2026-05-29,13,2026-06-11,18315.28,5,Home
A008106,P00517,34,0.297,Emergency,2026-08-16,6,2026-08-22,6289.26,4,Home
A009412,P00517,34,0.297,Emergency,2026-08-29,4,2026-09-02,3236.12,6,Home
A000052,P00518,41,0.093,ICU,2024-12-03,1,2024-12-04,2204.79,3,Home Health Care
A002432,P00518,41,0.093,Neurology,2025-08-01,1,2025-08-02,1207.77,4,Home Health Care
A003033,P00518,41,0.093,Orthopedics,2025-09-19,4,2025-09-23,6079.96,1,Home Health Care
A004814,P00518,41,0.093,Orthopedics,2026-04-22,2,2026-04-24,3033.75,6,Home
A004985,P00518,41,0.093,General Surgery,2026-07-24,3,2026-07-27,5580.01,1,Home
A003325,P00519,43,0.244,Emergency,2025-01-14,9,2025-01-23,7822.73,4,Home
A004331,P00519,43,0.244,Emergency,2025-03-26,3,2025-03-29,2515.03,2,Home Health Care
A005807,P00519,43,0.244,Emergency,2025-05-22,5,2025-05-27,4248.07,8,Home
A006677,P00519,43,0.244,Emergency,2025-07-02,3,2025-07-05,2659.68,4,Skilled Nursing Facility
A007079,P00519,43,0.244,Cardiology,2026-02-07,20,2026-02-27,41449.91,4,Home Health Care
A007365,P00519,43,0.244,General Surgery,2026-05-18,5,2026-05-23,9130.1,0,Against Medical Advice
A007417,P00519,43,0.244,Emergency,2026-06-01,3,2026-06-04,3363.8,4,Home
A002286,P00520,39,0.242,ICU,2024-10-13,14,2024-10-27,31200.1,4,Home Health Care
A003860,P00520,39,0.242,Cardiology,2024-11-12,3,2024-11-15,5689.09,6,Home
A004180,P00520,39,0.242,Cardiology,2025-01-26,4,2025-01-30,6149.9,3,Home Health Care
A004902,P00520,39,0.242,Emergency,2025-04-24,1,2025-04-25,1046.01,3,Home
A005411,P00520,39,0.242,Neurology,2026-03-26,2,2026-03-28,2964.18,4,Home
A006070,P00520,39,0.242,Emergency,2026-09-19,2,2026-09-21,2187.33,2,Home
A001906,P00521,56,0.171,Neurology,2024-12-06,2,2024-12-08,2772.46,1,Against Medical Advice
A004278,P00521,56,0.171,Emergency,2024-12-18,11,2024-12-29,11438.49,1,Against Medical Advice
A004409,P00521,56,0.171,Cardiology,2025-02-03,9,2025-02-12,16461.68,1,Home
A006071,P00521,56,0.171,Cardiology,2026-01-02,4,2026-01-06,8616.65,6,Home
A008269,P00521,56,0.171,Neurology,2026-01-09,15,2026-01-24,22640.65,1,Home Health Care
A008758,P00521,56,0.171,Emergency,2026-02-27,5,2026-03-04,4236.8,1,Home
A008990,P00521,56,0.171,Cardiology,2026-08-01,2,2026-08-03,4204.19,5,Skilled Nursing Facility
A009390,P00521,56,0.171,Neurology,2026-08-04,1,2026-08-05,1361.38,2,Home Health Care
A003305,P00522,82,0.34,Emergency,2024-11-23,2,2024-11-25,1626.26,4,Against Medical Advice
A005013,P00522,82,0.34,ICU,2024-12-20,3,2024-12-23,8101.04,4,Home Health Care
A006910,P00522,82,0.34,Emergency,2025-03-03,1,2025-03-04,1119.08,7,Home
A007911,P00522,82,0.34,Orthopedics,2025-03-31,4,2025-04-04,6200.58,3,Home
A007972,P00522,82,0.34,Emergency,2026-01-07,9,2026-01-16,9356.55,5,Home
A009444,P00522,82,0.34,General Surgery,2026-06-08,3,2026-06-11,3945.04,9,Home
A009490,P00522,82,0.34,Emergency,2026-06-13,7,2026-06-20,6353.0,4,Home
A009498,P00522,82,0.34,Emergency,2026-07-30,6,2026-08-05,6571.36,5,Home Health Care
A000266,P00523,69,0.058,Cardiology,2024-12-02,6,2024-12-08,10593.04,4,Home Health Care
A001341,P00523,69,0.058,ICU,2025-06-11,10,2025-06-21,30741.53,6,Home
A001005,P00524,64,0.432,Neurology,2024-12-18,10,2024-12-28,12339.56,7,Home
A001217,P00524,64,0.432,General Surgery,2025-05-29,35,2025-07-03,48732.79,5,Home
A005217,P00524,64,0.432,Cardiology,2026-03-20,1,2026-03-21,1866.57,4,Home
A002610,P00525,58,0.184,ICU,2024-12-14,5,2024-12-19,13901.8,6,Home
A002953,P00525,58,0.184,Emergency,2025-06-02,2,2025-06-04,1917.71,7,Skilled Nursing Facility
A003566,P00525,58,0.184,Emergency,2025-07-24,1,2025-07-25,1008.1,5,Home
A003669,P00525,58,0.184,Emergency,2025-10-21,21,2025-11-11,18460.15,4,Against Medical Advice
A004655,P00525,58,0.184,Emergency,2025-11-14,3,2025-11-17,2510.86,1,Skilled Nursing Facility
A007955,P00525,58,0.184,Emergency,2026-02-23,4,2026-02-27,3717.67,1,Home Health Care
A008157,P00525,58,0.184,Emergency,2026-03-06,2,2026-03-08,1582.48,3,Home
A008208,P00525,58,0.184,Neurology,2026-04-23,4,2026-04-27,5325.61,7,Home
A000176,P00526,56,0.178,Emergency,2025-02-09,3,2025-02-12,2487.67,8,Home
A002686,P00526,56,0.178,Orthopedics,2025-03-06,2,2025-03-08,3018.65,3,Home
A003232,P00526,56,0.178,Emergency,2025-08-28,6,2025-09-03,5338.65,10,Home
A003547,P00526,56,0.178,Cardiology,2025-09-14,7,2025-09-21,15588.91,2,Home
A004318,P00526,56,0.178,Neurology,2026-03-12,5,2026-03-17,7516.83,6,Skilled Nursing Facility
A006641,P00526,56,0.178,General Surgery,2026-04-03,19,2026-04-22,32938.43,3,Home
A001195,P00527,42,0.254,ICU,2024-10-14,4,2024-10-18,12108.43,10,Home
A002591,P00527,42,0.254,General Surgery,2025-03-17,15,2025-04-01,22574.44,4,Skilled Nursing Facility
A003607,P00527,42,0.254,Emergency,2025-07-07,3,2025-07-10,2503.73,3,Skilled Nursing Facility
A003617,P00527,42,0.254,Emergency,2025-07-13,2,2025-07-15,1917.37,3,Home
A004269,P00527,42,0.254,ICU,2025-08-19,7,2025-08-26,18383.25,4,Home
A002499,P00528,72,0.571,General Surgery,2024-10-29,2,2024-10-31,3240.72,4,Home Health Care
A005949,P00528,72,0.571,General Surgery,2025-05-07,4,2025-05-11,5662.98,9,Home
A006679,P00528,72,0.571,Cardiology,2025-06-15,13,2025-06-28,24987.49,7,Skilled Nursing Facility
A007870,P00528,72,0.571,Orthopedics,2025-08-16,5,2025-08-21,5668.11,8,Home
A008594,P00528,72,0.571,ICU,2025-12-02,1,2025-12-03,2571.83,7,Home
A008777,P00528,72,0.571,General Surgery,2026-01-19,2,2026-01-21,3295.47,6,Against Medical Advice
A008922,P00528,72,0.571,Cardiology,2026-02-13,6,2026-02-19,12121.39,9,Home
A004096,P00529,86,0.519,Emergency,2024-11-01,27,2024-11-28,27922.48,9,Home Health Care
A005179,P00529,86,0.519,Neurology,2025-01-26,1,2025-01-27,1328.04,1,Skilled Nursing Facility
A005542,P00529,86,0.519,Cardiology,2025-04-18,1,2025-04-19,2024.06,5,Home
A007233,P00529,86,0.519,Orthopedics,2025-06-22,2,2025-06-24,2947.83,9,Home Health Care
A008143,P00529,86,0.519,Emergency,2025-09-11,4,2025-09-15,3599.6,6,Home
A008524,P00529,86,0.519,Orthopedics,2026-01-22,5,2026-01-27,7371.73,7,Home
A001997,P00530,62,0.266,General Surgery,2024-11-22,16,2024-12-08,27027.98,3,Home
A003762,P00530,62,0.266,Cardiology,2026-02-26,4,2026-03-02,6250.25,3,Home Health Care
A004992,P00530,62,0.266,Neurology,2026-05-17,5,2026-05-22,8675.41,3,Home
A007240,P00530,62,0.266,ICU,2026-05-23,3,2026-05-26,9102.87,4,Home
A001281,P00531,45,0.147,Emergency,2024-12-31,1,2025-01-01,876.02,4,Skilled Nursing Facility
A003668,P00531,45,0.147,Emergency,2025-03-16,11,2025-03-27,8564.26,4,Home
A003672,P00531,45,0.147,Neurology,2026-07-23,3,2026-07-26,4488.44,7,Against Medical Advice
A003895,P00531,45,0.147,General Surgery,2026-09-05,4,2026-09-09,6991.94,4,Home
A001498,P00532,45,0.398,ICU,2024-11-02,4,2024-11-06,11688.67,8,Home
A003111,P00532,45,0.398,Emergency,2025-01-07,3,2025-01-10,2679.13,7,Home Health Care
A003688,P00532,45,0.398,Emergency,2025-07-02,6,2025-07-08,5450.87,7,Home
A003717,P00532,45,0.398,Cardiology,2025-10-28,5,2025-11-02,9423.79,6,Home Health Care
A006560,P00532,45,0.398,Cardiology,2026-03-27,8,2026-04-04,17905.52,7,Home
A007163,P00532,45,0.398,General Surgery,2026-04-11,15,2026-04-26,23094.03,6,Home
A000511,P00533,65,0.325,Cardiology,2024-11-17,4,2024-11-21,8525.84,8,Home
A001859,P00533,65,0.325,Emergency,2025-04-06,2,2025-04-08,1869.68,1,Home
A003381,P00533,65,0.325,Orthopedics,2025-05-11,1,2025-05-12,1296.5,8,Home
A003521,P00533,65,0.325,General Surgery,2025-05-24,9,2025-06-02,15056.6,2,Home Health Care
A004155,P00533,65,0.325,Emergency,2025-07-13,7,2025-07-20,5882.89,5,Home
A004835,P00533,65,0.325,Emergency,2025-10-08,16,2025-10-24,12400.19,8,Home
A007322,P00533,65,0.325,Cardiology,2025-12-06,4,2025-12-10,8814.33,2,Home
A001076,P00534,71,0.403,Cardiology,2024-10-10,2,2024-10-12,3648.12,6,Home
A003918,P00534,71,0.403,Orthopedics,2024-10-24,9,2024-11-02,11600.46,4,Home
A006378,P00534,71,0.403,Neurology,2024-11-04,1,2024-11-05,1297.93,2,Home Health Care
A006400,P00534,71,0.403,General Surgery,2025-01-23,1,2025-01-24,1320.18,9,Home
A008436,P00534,71,0.403,Emergency,2025-03-22,4,2025-03-26,3325.15,11,Home
A008622,P00534,71,0.403,General Surgery,2025-05-10,12,2025-05-22,20668.64,4,Home
A008876,P00534,71,0.403,General Surgery,2026-03-24,1,2026-03-25,1675.82,3,Home
A008913,P00534,71,0.403,Emergency,2026-05-04,1,2026-05-05,888.89,3,Home
A009550,P00534,71,0.403,General Surgery,2026-07-19,1,2026-07-20,1805.39,8,Skilled Nursing Facility
A001127,P00535,54,0.118,Cardiology,2025-01-08,1,2025-01-09,1597.76,6,Home
A008227,P00535,54,0.118,ICU,2025-12-21,3,2025-12-24,9008.43,4,Against Medical Advice
A009097,P00535,54,0.118,Neurology,2026-02-03,2,2026-02-05,2554.03,3,Skilled Nursing Facility
A009138,P00535,54,0.118,ICU,2026-02-08,1,2026-02-09,2909.66,1,Skilled Nursing Facility
A009179,P00535,54,0.118,Emergency,2026-02-22,6,2026-02-28,5347.62,4,Home
A009202,P00535,54,0.118,ICU,2026-06-13,6,2026-06-19,18157.46,3,Home
A009258,P00535,54,0.118,ICU,2026-09-11,4,2026-09-15,12114.94,2,Home Health Care
A009311,P00535,54,0.118,Emergency,2026-09-17,6,2026-09-23,6370.66,3,Home
A000078,P00536,100,0.418,Emergency,2025-01-06,7,2025-01-13,6758.25,5,Home Health Care
A001729,P00536,100,0.418,Orthopedics,2025-01-31,8,2025-02-08,9875.77,5,Home
A003116,P00536,100,0.418,ICU,2026-02-14,3,2026-02-17,8877.28,8,Home
A003403,P00536,100,0.418,Emergency,2026-05-29,5,2026-06-03,4104.61,8,Home
A003265,P00537,96,0.201,Emergency,2024-12-17,2,2024-12-19,1730.81,6,Home
A004811,P00537,96,0.201,Emergency,2025-03-08,1,2025-03-09,813.02,5,Home Health Care
A005088,P00537,96,0.201,Orthopedics,2025-05-13,2,2025-05-15,2818.12,4,Home
A008010,P00537,96,0.201,ICU,2025-07-30,5,2025-08-04,14939.22,2,Home Health Care
A002460,P00538,88,0.327,Cardiology,2025-02-09,2,2025-02-11,3701.77,2,Home
A007293,P00538,88,0.327,Emergency,2025-04-10,5,2025-04-15,5342.02,3,Skilled Nursing Facility
A007653,P00538,88,0.327,Emergency,2025-08-26,3,2025-08-29,2337.85,7,Home
A008136,P00538,88,0.327,Emergency,2025-09-14,14,2025-09-28,12699.14,5,Home
A008238,P00538,88,0.327,Neurology,2026-02-19,12,2026-03-03,17301.67,3,Home Health Care
A008296,P00538,88,0.327,Emergency,2026-04-09,1,2026-04-10,897.14,10,Home Health Care
A000401,P00539,49,0.053,Emergency,2025-01-21,7,2025-01-28,5991.75,3,Home
A006151,P00539,49,0.053,Emergency,2025-09-29,1,2025-09-30,919.96,3,Home Health Care
A008285,P00539,49,0.053,Orthopedics,2025-12-05,3,2025-12-08,4186.39,7,Home
A009167,P00539,49,0.053,ICU,2026-02-02,8,2026-02-10,20826.87,2,Home
A009272,P00539,49,0.053,Orthopedics,2026-03-25,12,2026-04-06,19414.63,5,Home Health Care
A004472,P00540,23,0.386,Cardiology,2025-01-08,7,2025-01-15,11993.11,7,Home Health Care
A005750,P00540,23,0.386,Orthopedics,2025-05-07,8,2025-05-15,12987.76,6,Home
A005960,P00540,23,0.386,Neurology,2025-09-18,12,2025-09-30,20384.22,5,Home
A006783,P00540,23,0.386,Orthopedics,2025-10-11,10,2025-10-21,11170.2,6,Home
A007922,P00540,23,0.386,General Surgery,2026-03-23,6,2026-03-29,8185.9,5,Home Health Care
A008399,P00540,23,0.386,ICU,2026-05-17,3,2026-05-20,9255.76,3,Home
A000131,P00541,89,0.14,Emergency,2024-10-09,12,2024-10-21,9441.09,5,Home Health Care
A000166,P00541,89,0.14,Orthopedics,2024-12-14,3,2024-12-17,3468.91,3,Home
A003483,P00541,89,0.14,Emergency,2025-02-14,2,2025-02-16,1619.44,1,Home
A003735,P00541,89,0.14,General Surgery,2025-04-07,1,2025-04-08,1753.18,6,Home Health Care
A004429,P00541,89,0.14,Orthopedics,2025-05-19,5,2025-05-24,6823.89,3,Home
A005062,P00541,89,0.14,Emergency,2025-06-22,2,2025-06-24,2202.39,2,Home
A005400,P00541,89,0.14,Cardiology,2025-07-28,16,2025-08-13,35781.0,4,Home
A005519,P00541,89,0.14,Neurology,2025-09-29,1,2025-09-30,1366.45,6,Home Health Care
A005935,P00541,89,0.14,Emergency,2026-04-17,4,2026-04-21,4454.92,8,Home Health Care
A000647,P00542,52,0.472,Neurology,2024-11-15,1,2024-11-16,1452.31,8,Home
A001054,P00542,52,0.472,Cardiology,2024-12-08,10,2024-12-18,18544.3,5,Home
A003827,P00542,52,0.472,Cardiology,2025-01-04,1,2025-01-05,1563.35,5,Home
A005999,P00542,52,0.472,General Surgery,2025-04-29,3,2025-05-02,4400.56,2,Home
A006367,P00542,52,0.472,ICU,2025-05-12,4,2025-05-16,11894.05,5,Against Medical Advice
A007875,P00542,52,0.472,Orthopedics,2025-06-17,7,2025-06-24,8781.7,7,Home Health Care
A008428,P00542,52,0.472,Orthopedics,2025-08-16,5,2025-08-21,7159.62,6,Home
A008914,P00542,52,0.472,Emergency,2025-12-28,11,2026-01-08,11431.45,4,Home
A000151,P00543,45,0.442,Emergency,2025-01-09,9,2025-01-18,8236.26,7,Home Health Care
A000782,P00543,45,0.442,Neurology,2025-09-15,10,2025-09-25,15862.22,5,Home
A003972,P00543,45,0.442,Emergency,2025-10-24,8,2025-11-01,6271.19,1,Home
A004024,P00543,45,0.442,General Surgery,2025-12-31,3,2026-01-03,4290.77,10,Home
A006497,P00543,45,0.442,General Surgery,2026-08-12,2,2026-08-14,2668.3,8,Home
A001910,P00544,43,0.024,Cardiology,2025-01-01,1,2025-01-02,1974.4,3,Home
A002970,P00544,43,0.024,Emergency,2025-03-15,2,2025-03-17,1671.02,3,Home
A008595,P00544,43,0.024,Emergency,2025-06-21,13,2025-07-04,14167.81,3,Home
A008694,P00544,43,0.024,Emergency,2026-02-26,1,2026-02-27,801.42,0,Home
A002096,P00545,45,0.431,Orthopedics,2024-09-29,1,2024-09-30,1564.94,7,Home
A002743,P00545,45,0.431,Emergency,2025-01-02,2,2025-01-04,1992.57,7,Home
A003852,P00545,45,0.431,Cardiology,2025-02-01,3,2025-02-04,5894.92,5,Home
A004084,P00545,45,0.431,Orthopedics,2025-06-29,6,2025-07-05,9377.45,6,Home
A004403,P00545,45,0.431,Emergency,2025-07-11,9,2025-07-20,7505.91,3,Skilled Nursing Facility
A005744,P00545,45,0.431,ICU,2025-12-17,2,2025-12-19,6023.86,8,Against Medical Advice
A005873,P00545,45,0.431,Emergency,2025-12-31,3,2026-01-03,2363.73,8,Home
A002518,P00546,63,0.37,Orthopedics,2024-12-30,1,2024-12-31,1290.09,8,Against Medical Advice
A003495,P00546,63,0.37,General Surgery,2025-04-20,1,2025-04-21,1675.2,12,Home
A007540,P00546,63,0.37,Emergency,2026-03-16,4,2026-03-20,3263.53,6,Home
A008773,P00546,63,0.37,ICU,2026-05-25,3,2026-05-28,8545.19,8,Skilled Nursing Facility
A009085,P00546,63,0.37,ICU,2026-08-02,4,2026-08-06,10560.06,4,Home
A000206,P00547,77,0.026,Emergency,2025-01-24,2,2025-01-26,1564.54,3,Home
A005647,P00547,77,0.026,Emergency,2025-01-27,3,2025-01-30,2481.95,1,Against Medical Advice
A007267,P00547,77,0.026,Neurology,2025-02-12,1,2025-02-13,1604.58,6,Home Health Care
A007641,P00547,77,0.026,ICU,2025-05-24,8,2025-06-01,21975.95,3,Home
A007688,P00547,77,0.026,ICU,2025-06-15,6,2025-06-21,15810.76,0,Home
A007969,P00547,77,0.026,General Surgery,2025-08-07,6,2025-08-13,9581.53,5,Against Medical Advice
A008150,P00547,77,0.026,ICU,2025-08-23,9,2025-09-01,22100.55,2,Home
A004544,P00548,52,0.274,ICU,2024-09-25,19,2024-10-14,51445.31,7,Skilled Nursing Facility
A006003,P00548,52,0.274,Orthopedics,2025-03-16,26,2025-04-11,31178.61,4,Home
A006014,P00548,52,0.274,Emergency,2025-07-30,11,2025-08-10,10891.84,6,Home
A007060,P00548,52,0.274,General Surgery,2025-09-13,6,2025-09-19,9629.15,2,Home Health Care
A007358,P00548,52,0.274,Emergency,2026-02-27,2,2026-03-01,1609.85,4,Home
A007396,P00548,52,0.274,Neurology,2026-09-21,9,2026-09-30,13662.33,7,Skilled Nursing Facility
A000860,P00549,38,0.267,Emergency,2024-12-23,1,2024-12-24,793.81,1,Home
A001540,P00549,38,0.267,Cardiology,2026-03-18,4,2026-03-22,8857.8,5,Home
A000424,P00550,41,0.16,Emergency,2024-12-09,5,2024-12-14,5123.04,2,Skilled Nursing Facility
A001105,P00550,41,0.16,Orthopedics,2025-01-22,1,2025-01-23,1277.52,5,Home
A004599,P00550,41,0.16,Orthopedics,2025-05-15,9,2025-05-24,13453.57,5,Home
A006259,P00550,41,0.16,ICU,2026-02-18,2,2026-02-20,5585.83,4,Home
A006778,P00550,41,0.16,Emergency,2026-04-11,4,2026-04-15,4071.52,4,Home
A008957,P00550,41,0.16,Neurology,2026-05-29,5,2026-06-03,8711.12,1,Home Health Care
A008963,P00550,41,0.16,ICU,2026-09-02,9,2026-09-11,23956.31,1,Home
A000346,P00551,52,0.351,Neurology,2025-01-01,1,2025-01-02,1592.21,3,Home
A002274,P00551,52,0.351,Emergency,2025-03-10,2,2025-03-12,2169.34,7,Home
A002730,P00551,52,0.351,General Surgery,2025-07-27,3,2025-07-30,4521.59,4,Home
A002862,P00551,52,0.351,Emergency,2026-08-17,1,2026-08-18,908.63,1,Against Medical Advice
A007595,P00551,52,0.351,General Surgery,2026-09-03,9,2026-09-12,13804.9,4,Home
A007736,P00551,52,0.351,Cardiology,2026-09-24,13,2026-10-07,20556.63,4,Home Health Care
A001947,P00552,52,0.065,Neurology,2025-01-09,1,2025-01-10,1572.08,4,Home
A002601,P00552,52,0.065,General Surgery,2025-05-11,2,2025-05-13,3526.96,0,Skilled Nursing Facility
A003915,P00552,52,0.065,Orthopedics,2025-06-01,5,2025-06-06,5715.77,6,Home
A004526,P00552,52,0.065,Neurology,2025-07-25,1,2025-07-26,1662.3,3,Home Health Care
A004801,P00552,52,0.065,ICU,2026-07-21,1,2026-07-22,2389.39,2,Home Health Care
A005170,P00552,52,0.065,ICU,2026-07-26,9,2026-08-04,21586.95,7,Home
A000512,P00553,44,0.113,Emergency,2025-02-08,3,2025-02-11,2406.56,5,Home
A000648,P00553,44,0.113,Neurology,2025-06-25,3,2025-06-28,4361.9,7,Home
A000678,P00553,44,0.113,Emergency,2025-09-17,4,2025-09-21,3363.39,3,Home
A001140,P00553,44,0.113,General Surgery,2026-04-16,1,2026-04-17,1364.81,4,Skilled Nursing Facility
A003283,P00553,44,0.113,ICU,2026-05-28,2,2026-05-30,5100.3,2,Skilled Nursing Facility
A001077,P00554,95,0.768,Neurology,2025-02-10,8,2025-02-18,10216.06,7,Home Health Care
A001830,P00554,95,0.768,ICU,2025-05-16,15,2025-05-31,39802.23,7,Home
A001858,P00554,95,0.768,Emergency,2025-07-21,2,2025-07-23,1978.65,9,Home Health Care
A002003,P00554,95,0.768,General Surgery,2025-09-16,1,2025-09-17,1556.56,9,Skilled Nursing Facility
A003022,P00554,95,0.768,Emergency,2025-12-20,5,2025-12-25,5579.68,9,Home
A003276,P00554,95,0.768,Emergency,2026-01-11,3,2026-01-14,2384.53,6,Home
A003613,P00554,95,0.768,Emergency,2026-02-05,5,2026-02-10,4941.68,7,Home Health Care
A004480,P00554,95,0.768,Emergency,2026-02-26,9,2026-03-07,7957.99,8,Home
A006142,P00554,95,0.768,Emergency,2026-03-23,4,2026-03-27,4352.57,7,Home
A007504,P00554,95,0.768,Cardiology,2026-07-13,18,2026-07-31,30926.23,3,Home
A007591,P00554,95,0.768,Emergency,2026-08-10,17,2026-08-27,14201.06,9,Home
A007862,P00554,95,0.768,ICU,2026-09-22,4,2026-09-26,11011.96,9,Skilled Nursing Facility
A002945,P00555,58,0.083,Emergency,2024-11-19,1,2024-11-20,879.98,1,Home
A003819,P00555,58,0.083,Neurology,2025-01-21,4,2025-01-25,5288.79,5,Skilled Nursing Facility
A004001,P00555,58,0.083,Neurology,2025-06-30,9,2025-07-09,14249.28,4,Home
A005894,P00555,58,0.083,Emergency,2026-07-29,3,2026-08-01,2330.68,1,Against Medical Advice
A007819,P00555,58,0.083,Orthopedics,2026-08-05,2,2026-08-07,2512.27,6,Home
A008006,P00555,58,0.083,Emergency,2026-08-31,2,2026-09-02,1631.6,3,Skilled Nursing Facility
A003536,P00556,74,0.405,Cardiology,2025-01-26,2,2025-01-28,3227.12,3,Home
A003934,P00556,74,0.405,General Surgery,2025-06-25,1,2025-06-26,1795.82,7,Home Health Care
A004251,P00556,74,0.405,Emergency,2025-07-03,11,2025-07-14,10364.53,2,Home
A004306,P00556,74,0.405,ICU,2026-06-02,2,2026-06-04,5226.48,6,Home
A000178,P00557,65,0.109,ICU,2024-11-19,4,2024-11-23,10510.56,2,Home Health Care
A001923,P00557,65,0.109,General Surgery,2024-12-15,6,2024-12-21,9810.55,0,Home
A003588,P00557,65,0.109,Emergency,2026-07-11,2,2026-07-13,2197.7,5,Home
A005717,P00557,65,0.109,Emergency,2026-07-25,4,2026-07-29,3428.61,6,Home Health Care
A006593,P00557,65,0.109,Emergency,2026-09-12,2,2026-09-14,1818.13,1,Home
A003113,P00558,53,0.009,Emergency,2024-12-02,8,2024-12-10,6484.55,2,Home
A003345,P00558,53,0.009,Emergency,2025-03-02,1,2025-03-03,973.51,2,Home Health Care
A004236,P00558,53,0.009,Neurology,2025-04-08,1,2025-04-09,1254.7,4,Home
A004527,P00558,53,0.009,Cardiology,2025-04-11,1,2025-04-12,2209.78,2,Home Health Care
A006559,P00558,53,0.009,Orthopedics,2025-04-23,1,2025-04-24,1203.47,6,Home
A007405,P00558,53,0.009,Emergency,2026-05-09,1,2026-05-10,1048.83,2,Home
A007777,P00558,53,0.009,Emergency,2026-06-06,1,2026-06-07,833.6,6,Home
A008237,P00558,53,0.009,ICU,2026-07-16,2,2026-07-18,5790.84,4,Home
A000791,P00559,57,0.091,Emergency,2025-01-13,4,2025-01-17,3853.1,2,Home Health Care
A001619,P00559,57,0.091,Cardiology,2025-02-19,13,2025-03-04,25033.08,4,Home
A003207,P00559,57,0.091,Cardiology,2025-05-23,1,2025-05-24,1651.4,7,Skilled Nursing Facility
A003690,P00559,57,0.091,Neurology,2025-12-01,6,2025-12-07,10312.51,4,Home
A003845,P00560,75,0.437,ICU,2025-01-26,6,2025-02-01,15850.95,7,Home Health Care
A004588,P00560,75,0.437,Neurology,2025-03-07,11,2025-03-18,19103.76,6,Home
A004888,P00560,75,0.437,Emergency,2025-12-01,10,2025-12-11,8628.26,12,Home Health Care
A005441,P00560,75,0.437,Emergency,2026-01-14,8,2026-01-22,8456.08,3,Home
A005567,P00560,75,0.437,Emergency,2026-02-10,4,2026-02-14,3894.47,3,Home
A005709,P00560,75,0.437,General Surgery,2026-03-06,1,2026-03-07,1416.97,7,Skilled Nursing Facility
A009173,P00560,75,0.437,Emergency,2026-07-11,13,2026-07-24,10260.75,5,Home
A001594,P00561,20,0.379,Neurology,2024-10-01,2,2024-10-03,2866.58,5,Home
A002653,P00561,20,0.379,Cardiology,2025-06-28,1,2025-06-29,1718.19,8,Home Health Care
A004193,P00561,20,0.379,General Surgery,2026-01-02,5,2026-01-07,8758.6,7,Home
A004776,P00561,20,0.379,Emergency,2026-03-24,8,2026-04-01,7061.56,5,Home Health Care
A004962,P00561,20,0.379,General Surgery,2026-07-18,7,2026-07-25,12679.72,4,Home
A007916,P00561,20,0.379,Emergency,2026-09-18,6,2026-09-24,5406.24,5,Home
A000103,P00562,54,0.177,ICU,2025-01-01,3,2025-01-04,7871.55,2,Home
A003388,P00562,54,0.177,Emergency,2025-07-14,4,2025-07-18,3960.38,3,Home
A003676,P00562,54,0.177,Emergency,2026-06-09,7,2026-06-16,6044.02,5,Home
A004152,P00562,54,0.177,Cardiology,2026-09-12,11,2026-09-23,21107.18,5,Home
A000462,P00563,53,0.479,ICU,2024-12-19,9,2024-12-28,24101.78,3,Home
A000967,P00563,53,0.479,Emergency,2025-02-10,12,2025-02-22,12711.96,5,Home
A002486,P00563,53,0.479,Emergency,2025-09-17,4,2025-09-21,4206.64,7,Home
A002490,P00563,53,0.479,Emergency,2025-10-22,7,2025-10-29,6283.25,6,Home
A003071,P00563,53,0.479,Emergency,2025-11-22,8,2025-11-30,6527.01,10,Home
A002673,P00564,61,0.138,ICU,2025-01-05,5,2025-01-10,13010.4,3,Home
A003779,P00564,61,0.138,Cardiology,2025-07-08,10,2025-07-18,15869.05,2,Home Health Care
A006911,P00564,61,0.138,Cardiology,2025-07-30,16,2025-08-15,34457.15,7,Home Health Care
A007524,P00564,61,0.138,ICU,2026-03-02,4,2026-03-06,12397.85,7,Home
A007670,P00564,61,0.138,Emergency,2026-08-03,4,2026-08-07,4359.84,6,Skilled Nursing Facility
A008197,P00564,61,0.138,Neurology,2026-09-09,6,2026-09-15,8509.18,1,Home Health Care
A001518,P00565,38,0.212,General Surgery,2024-11-05,2,2024-11-07,2715.36,7,Home
A004300,P00565,38,0.212,Cardiology,2025-05-25,5,2025-05-30,8320.46,5,Home
A006450,P00565,38,0.212,General Surgery,2025-06-04,3,2025-06-07,4826.17,2,Against Medical Advice
A007320,P00565,38,0.212,Neurology,2025-06-27,1,2025-06-28,1699.78,4,Home Health Care
A007999,P00565,38,0.212,Emergency,2025-07-29,3,2025-08-01,2631.48,5,Home Health Care
A008445,P00565,38,0.212,Emergency,2025-12-02,2,2025-12-04,1957.92,3,Home
A009015,P00565,38,0.212,Emergency,2026-06-13,4,2026-06-17,3207.74,3,Home
A009040,P00565,38,0.212,Orthopedics,2026-09-16,3,2026-09-19,4283.83,6,Home
A000707,P00566,54,0.557,Neurology,2025-01-21,6,2025-01-27,9852.58,5,Home
A001734,P00566,54,0.557,General Surgery,2025-02-15,2,2025-02-17,3261.32,9,Home Health Care
A001864,P00566,54,0.557,ICU,2025-04-27,5,2025-05-02,10973.52,5,Home
A003355,P00566,54,0.557,ICU,2025-05-12,9,2025-05-21,26594.61,12,Home
A005701,P00566,54,0.557,ICU,2026-04-18,19,2026-05-07,42174.38,10,Home
A006782,P00566,54,0.557,Orthopedics,2026-07-25,8,2026-08-02,12720.05,5,Home
A001013,P00567,54,0.503,Emergency,2024-10-26,8,2024-11-03,8611.11,5,Home
A001716,P00567,54,0.503,General Surgery,2025-02-19,10,2025-03-01,12852.19,6,Home
A004065,P00567,54,0.503,Emergency,2025-04-25,3,2025-04-28,3272.5,9,Home Health Care
A004864,P00567,54,0.503,General Surgery,2025-04-30,2,2025-05-02,3343.16,3,Home Health Care
A005235,P00567,54,0.503,Orthopedics,2025-05-04,27,2025-05-31,35915.85,4,Home
A005369,P00567,54,0.503,Orthopedics,2026-06-16,1,2026-06-17,1492.42,6,Home
A001359,P00568,70,0.428,General Surgery,2025-02-07,5,2025-02-12,7320.6,8,Home
A003059,P00568,70,0.428,Cardiology,2025-03-25,8,2025-04-02,13957.42,5,Home
A003270,P00568,70,0.428,Emergency,2026-01-30,2,2026-02-01,1900.44,5,Home
A006395,P00568,70,0.428,Cardiology,2026-09-08,3,2026-09-11,5301.13,7,Home
A000482,P00569,37,0.172,Orthopedics,2024-09-30,2,2024-10-02,2243.78,4,Home
A005878,P00569,37,0.172,Emergency,2026-04-06,1,2026-04-07,859.21,7,Home
A007283,P00569,37,0.172,Neurology,2026-05-14,4,2026-05-18,6997.02,3,Skilled Nursing Facility
A008581,P00569,37,0.172,ICU,2026-05-21,2,2026-05-23,6125.14,4,Home
A000715,P00570,70,0.297,Cardiology,2025-01-02,1,2025-01-03,1664.21,5,Home Health Care
A002605,P00570,70,0.297,Emergency,2025-01-21,5,2025-01-26,3914.99,5,Home Health Care
A005333,P00570,70,0.297,Neurology,2025-02-17,5,2025-02-22,7191.64,2,Skilled Nursing Facility
A005359,P00570,70,0.297,General Surgery,2025-05-04,7,2025-05-11,11354.79,1,Home Health Care
A005850,P00570,70,0.297,Emergency,2025-05-26,1,2025-05-27,925.05,7,Home
A007249,P00570,70,0.297,Cardiology,2025-08-16,1,2025-08-17,1974.43,5,Home
A007314,P00570,70,0.297,Orthopedics,2025-08-25,1,2025-08-26,1194.61,4,Home Health Care
A007691,P00570,70,0.297,ICU,2025-09-02,10,2025-09-12,29988.54,5,Home
A008849,P00570,70,0.297,General Surgery,2026-01-22,9,2026-01-31,13385.59,4,Home
A009103,P00570,70,0.297,Emergency,2026-06-27,2,2026-06-29,1788.29,5,Home Health Care
A002666,P00571,67,0.458,ICU,2025-02-15,1,2025-02-16,2578.99,6,Home
A002932,P00571,67,0.458,Emergency,2025-06-13,7,2025-06-20,5795.44,8,Home
A002975,P00571,67,0.458,General Surgery,2025-08-14,22,2025-09-05,38938.7,4,Home
A004632,P00571,67,0.458,General Surgery,2025-10-02,6,2025-10-08,8228.7,1,Skilled Nursing Facility
A004747,P00571,67,0.458,Emergency,2025-12-14,5,2025-12-19,4750.94,7,Home Health Care
A005650,P00571,67,0.458,General Surgery,2026-01-30,4,2026-02-03,7250.82,6,Against Medical Advice
A006750,P00571,67,0.458,Cardiology,2026-02-23,1,2026-02-24,1935.22,6,Home
A007529,P00571,67,0.458,Cardiology,2026-03-27,2,2026-03-29,4301.98,9,Against Medical Advice
A008168,P00571,67,0.458,General Surgery,2026-04-04,7,2026-04-11,11284.23,3,Skilled Nursing Facility
A008314,P00571,67,0.458,Emergency,2026-06-09,3,2026-06-12,2902.06,2,Home
A008658,P00571,67,0.458,General Surgery,2026-07-25,2,2026-07-27,3432.44,7,Home
A009070,P00571,67,0.458,Cardiology,2026-08-26,3,2026-08-29,4992.1,4,Home
A005508,P00572,74,0.383,General Surgery,2024-09-30,8,2024-10-08,11709.89,6,Home
A008063,P00572,74,0.383,Emergency,2024-12-18,6,2024-12-24,5462.41,6,Skilled Nursing Facility
A008850,P00572,74,0.383,Cardiology,2025-02-11,9,2025-02-20,17774.02,6,Home
A008992,P00572,74,0.383,ICU,2025-09-16,2,2025-09-18,5895.61,10,Home
A009032,P00572,74,0.383,Neurology,2026-03-08,13,2026-03-21,17998.2,3,Home Health Care
A009211,P00572,74,0.383,Emergency,2026-06-08,3,2026-06-11,2298.94,7,Home
A004370,P00573,46,0.147,Emergency,2024-10-15,7,2024-10-22,6378.19,3,Skilled Nursing Facility
A004509,P00573,46,0.147,Neurology,2025-03-08,13,2025-03-21,16820.02,1,Home
A004882,P00573,46,0.147,Neurology,2025-06-11,4,2025-06-15,5470.59,4,Home
A006566,P00573,46,0.147,ICU,2025-06-26,1,2025-06-27,2868.38,2,Home
A008283,P00573,46,0.147,Emergency,2025-11-09,2,2025-11-11,2198.3,6,Skilled Nursing Facility
A008343,P00573,46,0.147,Emergency,2025-12-21,7,2025-12-28,6831.95,4,Home
A008684,P00573,46,0.147,Orthopedics,2026-05-12,1,2026-05-13,1215.19,6,Home
A001538,P00574,32,0.087,Emergency,2025-01-11,1,2025-01-12,1116.46,2,Home
A002305,P00574,32,0.087,General Surgery,2025-05-16,2,2025-05-18,2990.35,2,Home
A005201,P00574,32,0.087,Emergency,2025-11-11,7,2025-11-18,6019.53,1,Home
A005952,P00575,78,0.259,Neurology,2024-10-28,3,2024-10-31,3855.61,5,Home
A006144,P00575,78,0.259,Emergency,2025-11-30,1,2025-12-01,1121.47,3,Home
A006271,P00575,78,0.259,Emergency,2026-05-20,5,2026-05-25,4606.78,6,Home Health Care
A000128,P00576,73,0.283,Neurology,2025-01-20,2,2025-01-22,2663.92,5,Skilled Nursing Facility
A001766,P00576,73,0.283,Emergency,2025-02-22,6,2025-02-28,5948.29,5,Home
A001865,P00576,73,0.283,Orthopedics,2025-07-21,1,2025-07-22,1325.04,2,Home
A002210,P00576,73,0.283,Cardiology,2026-08-15,1,2026-08-16,2131.57,4,Home Health Care
A001701,P00577,43,0.148,Cardiology,2024-11-09,8,2024-11-17,13174.89,4,Home
A003108,P00577,43,0.148,ICU,2025-08-04,3,2025-08-07,8460.23,8,Home Health Care
A004783,P00577,43,0.148,Emergency,2025-10-23,6,2025-10-29,6389.79,3,Home
A006565,P00577,43,0.148,Cardiology,2025-12-22,3,2025-12-25,6329.26,2,Against Medical Advice
A007738,P00577,43,0.148,Cardiology,2026-06-02,21,2026-06-23,39333.29,6,Home
A000585,P00578,33,0.365,ICU,2024-10-06,3,2024-10-09,8314.79,4,Against Medical Advice
A001482,P00578,33,0.365,Neurology,2024-12-15,8,2024-12-23,13831.46,5,Home
A001628,P00578,33,0.365,ICU,2025-03-08,4,2025-03-12,8518.44,4,Home
A003836,P00578,33,0.365,Orthopedics,2025-04-14,4,2025-04-18,6307.22,5,Home
A005751,P00578,33,0.365,ICU,2026-01-04,3,2026-01-07,7550.99,6,Skilled Nursing Facility
A007521,P00578,33,0.365,Emergency,2026-03-15,4,2026-03-19,4047.28,3,Home
A007885,P00578,33,0.365,ICU,2026-06-10,7,2026-06-17,19345.58,9,Home
A008199,P00578,33,0.365,Emergency,2026-07-10,2,2026-07-12,1949.32,8,Home Health Care
A003535,P00579,40,0.44,ICU,2024-11-29,11,2024-12-10,33648.53,4,Home Health Care
A006122,P00579,40,0.44,Emergency,2025-01-21,10,2025-01-31,8378.33,6,Home
A008385,P00579,40,0.44,Neurology,2025-05-09,1,2025-05-10,1723.83,10,Home
A008603,P00579,40,0.44,Cardiology,2025-06-24,11,2025-07-05,19049.41,5,Home
A009062,P00579,40,0.44,General Surgery,2025-09-11,7,2025-09-18,9368.92,4,Home
A009229,P00579,40,0.44,ICU,2026-02-03,1,2026-02-04,2875.44,7,Home
A009283,P00579,40,0.44,ICU,2026-05-23,3,2026-05-26,9197.05,4,Home
A000277,P00580,29,0.064,General Surgery,2024-12-30,5,2025-01-04,6502.0,0,Home
A003248,P00580,29,0.064,General Surgery,2025-04-14,6,2025-04-20,9475.28,3,Home
A003410,P00580,29,0.064,Emergency,2025-06-28,8,2025-07-06,6473.45,5,Home
A003551,P00580,29,0.064,Emergency,2026-05-19,3,2026-05-22,2628.59,5,Home
A004586,P00580,29,0.064,ICU,2026-08-23,4,2026-08-27,12039.29,3,Home
A004891,P00580,29,0.064,ICU,2026-09-24,2,2026-09-26,4350.36,3,Skilled Nursing Facility
A000771,P00581,70,0.195,ICU,2024-12-16,5,2024-12-21,13676.24,4,Home
A005863,P00581,70,0.195,Emergency,2025-09-22,2,2025-09-24,1885.41,2,Home Health Care
A005879,P00581,70,0.195,Neurology,2026-04-13,2,2026-04-15,2473.5,6,Home
A000454,P00582,63,0.156,General Surgery,2024-11-17,2,2024-11-19,2616.59,0,Home
A000896,P00582,63,0.156,ICU,2024-12-06,1,2024-12-07,2879.54,3,Home
A002720,P00582,63,0.156,Emergency,2025-01-03,3,2025-01-06,2987.63,5,Home
A003855,P00582,63,0.156,Emergency,2025-06-13,5,2025-06-18,4250.52,1,Home
A005957,P00582,63,0.156,General Surgery,2025-10-02,5,2025-10-07,9305.51,6,Home
A006117,P00582,63,0.156,General Surgery,2026-05-13,1,2026-05-14,1591.87,5,Home
A000007,P00583,78,0.227,Emergency,2025-01-18,2,2025-01-20,1684.3,2,Home Health Care
A004291,P00583,78,0.227,General Surgery,2025-03-06,1,2025-03-07,1735.06,6,Home Health Care
A005213,P00583,78,0.227,Emergency,2025-06-12,4,2025-06-16,3812.46,4,Skilled Nursing Facility
A006521,P00583,78,0.227,Emergency,2025-07-11,3,2025-07-14,2348.51,1,Home
A006964,P00583,78,0.227,General Surgery,2025-08-26,5,2025-08-31,8549.13,4,Skilled Nursing Facility
A007706,P00583,78,0.227,ICU,2026-01-12,7,2026-01-19,20109.61,3,Home
A007726,P00583,78,0.227,General Surgery,2026-03-07,2,2026-03-09,2924.88,4,Home
A008678,P00583,78,0.227,Emergency,2026-04-30,6,2026-05-06,5887.0,4,Home
A002218,P00584,53,0.52,Emergency,2024-12-16,2,2024-12-18,1592.19,4,Home
A004275,P00584,53,0.52,Cardiology,2025-02-21,1,2025-02-22,2032.73,5,Home
A004503,P00584,53,0.52,Neurology,2025-06-15,7,2025-06-22,9062.23,4,Home
A004673,P00584,53,0.52,General Surgery,2026-02-24,5,2026-03-01,8228.78,6,Skilled Nursing Facility
A004772,P00584,53,0.52,Emergency,2026-03-03,6,2026-03-09,5056.95,9,Home
A005053,P00584,53,0.52,Emergency,2026-04-29,6,2026-05-05,5985.89,5,Home
A000053,P00585,36,0.308,General Surgery,2024-12-19,6,2024-12-25,9849.41,6,Home Health Care
A001097,P00585,36,0.308,General Surgery,2025-11-14,1,2025-11-15,1472.41,3,Home Health Care
A001771,P00585,36,0.308,Cardiology,2026-02-13,15,2026-02-28,24306.92,6,Home Health Care
A003408,P00585,36,0.308,Emergency,2026-03-30,11,2026-04-10,12357.04,3,Skilled Nursing Facility
A003750,P00585,36,0.308,Cardiology,2026-06-13,2,2026-06-15,3682.44,2,Home
A001139,P00586,81,0.248,Orthopedics,2024-12-30,3,2025-01-02,3915.41,5,Home
A001219,P00586,81,0.248,Orthopedics,2025-05-06,1,2025-05-07,1201.59,4,Home
A002082,P00586,81,0.248,Emergency,2025-09-12,7,2025-09-19,5760.01,6,Home Health Care
A002955,P00586,81,0.248,ICU,2026-01-09,7,2026-01-16,17044.03,6,Home
A004672,P00586,81,0.248,Cardiology,2026-08-02,1,2026-08-03,1828.96,6,Home
A006326,P00586,81,0.248,Emergency,2026-08-31,28,2026-09-28,29657.91,4,Home
A001945,P00587,87,0.123,Emergency,2024-12-04,1,2024-12-05,814.06,5,Skilled Nursing Facility
A003060,P00587,87,0.123,Cardiology,2025-01-27,2,2025-01-29,4099.01,2,Home Health Care
A003714,P00587,87,0.123,Neurology,2025-06-27,6,2025-07-03,9784.14,5,Home
A002376,P00588,66,0.093,Emergency,2025-01-09,2,2025-01-11,1888.56,5,Home
A003094,P00588,66,0.093,General Surgery,2025-06-13,12,2025-06-25,17903.95,3,Home
A003732,P00588,66,0.093,Neurology,2025-07-23,1,2025-07-24,1383.81,4,Home
A000186,P00589,68,0.276,General Surgery,2024-11-27,4,2024-12-01,6473.04,5,Home Health Care
A000861,P00589,68,0.276,Emergency,2024-12-07,4,2024-12-11,4475.54,4,Home
A002734,P00589,68,0.276,Emergency,2025-01-23,2,2025-01-25,1783.52,5,Home
A003417,P00589,68,0.276,Neurology,2025-04-03,9,2025-04-12,15607.09,6,Home
A005987,P00589,68,0.276,Neurology,2025-04-24,1,2025-04-25,1573.94,4,Skilled Nursing Facility
A005998,P00589,68,0.276,Emergency,2025-06-09,4,2025-06-13,4164.58,5,Home
A007441,P00589,68,0.276,ICU,2025-07-23,9,2025-08-01,23825.88,1,Home
A008701,P00589,68,0.276,Neurology,2025-08-02,9,2025-08-11,14846.64,4,Home
A008853,P00589,68,0.276,Emergency,2025-10-12,1,2025-10-13,780.95,3,Skilled Nursing Facility
A008945,P00589,68,0.276,Neurology,2026-01-20,1,2026-01-21,1311.63,3,Against Medical Advice
A009273,P00589,68,0.276,Emergency,2026-02-03,2,2026-02-05,1813.15,2,Home
A001321,P00590,93,0.155,Neurology,2024-10-14,1,2024-10-15,1272.43,8,Home
A001707,P00590,93,0.155,General Surgery,2025-02-12,1,2025-02-13,1450.38,2,Home
A001820,P00590,93,0.155,General Surgery,2025-04-11,1,2025-04-12,1594.85,3,Home
A004796,P00590,93,0.155,ICU,2026-05-17,1,2026-05-18,2603.25,1,Home
A001946,P00591,55,0.549,Emergency,2025-01-22,1,2025-01-23,931.78,5,Home
A002176,P00591,55,0.549,ICU,2025-02-08,4,2025-02-12,11355.16,3,Home Health Care
A003160,P00591,55,0.549,ICU,2025-02-28,12,2025-03-12,33868.37,9,Home
A003606,P00591,55,0.549,General Surgery,2025-04-07,6,2025-04-13,10050.54,5,Home
A003624,P00591,55,0.549,Cardiology,2025-05-09,33,2025-06-11,51737.62,3,Home
A004447,P00591,55,0.549,Orthopedics,2026-01-23,5,2026-01-28,6757.66,4,Home Health Care
A004943,P00591,55,0.549,Emergency,2026-07-20,12,2026-08-01,11220.8,6,Home Health Care
A005224,P00591,55,0.549,Orthopedics,2026-08-30,12,2026-09-11,17119.35,4,Home
A005218,P00592,44,0.307,Emergency,2024-09-28,2,2024-09-30,2049.06,2,Home
A006791,P00592,44,0.307,Cardiology,2024-11-12,14,2024-11-26,28523.06,7,Home
A008277,P00592,44,0.307,ICU,2025-04-09,11,2025-04-20,33418.23,5,Home Health Care
A008897,P00592,44,0.307,Neurology,2025-05-26,2,2025-05-28,3197.21,3,Home
A008908,P00592,44,0.307,Neurology,2025-11-26,2,2025-11-28,3417.05,4,Skilled Nursing Facility
A008942,P00592,44,0.307,ICU,2025-12-15,2,2025-12-17,4272.66,3,Home
A009082,P00592,44,0.307,ICU,2026-04-14,16,2026-04-30,49984.15,5,Home
A009095,P00592,44,0.307,General Surgery,2026-06-12,3,2026-06-15,3992.0,3,Home
A000192,P00593,64,0.615,Emergency,2025-02-09,7,2025-02-16,7556.37,6,Home
A001259,P00593,64,0.615,ICU,2025-07-07,1,2025-07-08,2212.64,8,Home Health Care
A001495,P00593,64,0.615,Neurology,2025-07-16,10,2025-07-26,13998.5,4,Home
A001958,P00593,64,0.615,Cardiology,2025-09-30,5,2025-10-05,9976.28,7,Home
A004973,P00593,64,0.615,Orthopedics,2025-10-16,4,2025-10-20,5366.42,9,Home
A005536,P00593,64,0.615,Neurology,2026-03-04,9,2026-03-13,14777.58,3,Home
A005972,P00593,64,0.615,Orthopedics,2026-04-08,13,2026-04-21,16166.28,5,Home
A006633,P00593,64,0.615,ICU,2026-05-14,4,2026-05-18,9118.54,10,Home
A002125,P00594,85,0.515,Cardiology,2024-10-07,8,2024-10-15,15319.33,5,Skilled Nursing Facility
A003166,P00594,85,0.515,Emergency,2024-10-29,4,2024-11-02,3985.02,5,Home Health Care
A004240,P00594,85,0.515,ICU,2025-01-20,5,2025-01-25,13786.28,9,Home
A005299,P00594,85,0.515,Cardiology,2025-04-16,12,2025-04-28,26936.26,4,Skilled Nursing Facility
A006813,P00594,85,0.515,General Surgery,2025-06-10,10,2025-06-20,17284.05,3,Skilled Nursing Facility
A006853,P00594,85,0.515,Emergency,2025-11-11,1,2025-11-12,999.02,4,Home
A006987,P00594,85,0.515,Orthopedics,2025-12-17,2,2025-12-19,3008.93,7,Home
A008114,P00594,85,0.515,ICU,2026-02-21,3,2026-02-24,8278.81,3,Home
A008613,P00594,85,0.515,General Surgery,2026-05-09,4,2026-05-13,7257.36,9,Home Health Care
A000174,P00595,100,0.435,ICU,2024-12-22,3,2024-12-25,6676.1,5,Against Medical Advice
A006877,P00595,100,0.435,Neurology,2025-01-15,4,2025-01-19,4860.96,5,Home
A007156,P00595,100,0.435,Neurology,2025-04-19,28,2025-05-17,47399.47,9,Home
A009127,P00595,100,0.435,Emergency,2025-08-08,9,2025-08-17,9328.37,2,Home
A009128,P00595,100,0.435,ICU,2025-10-03,3,2025-10-06,6905.66,8,Home
A002271,P00596,89,0.597,Cardiology,2024-11-20,4,2024-11-24,6958.48,6,Skilled Nursing Facility
A002619,P00596,89,0.597,Neurology,2024-12-09,4,2024-12-13,5694.62,5,Home Health Care
A002860,P00596,89,0.597,Orthopedics,2024-12-30,6,2025-01-05,9464.99,8,Home
A006398,P00596,89,0.597,Cardiology,2025-02-12,4,2025-02-16,7183.36,6,Home
A006976,P00596,89,0.597,General Surgery,2025-04-15,4,2025-04-19,7493.15,7,Home
A007280,P00596,89,0.597,ICU,2025-07-02,1,2025-07-03,2556.07,10,Against Medical Advice
A007761,P00596,89,0.597,ICU,2025-07-12,3,2025-07-15,6922.19,4,Home
A007951,P00596,89,0.597,Emergency,2025-08-30,16,2025-09-15,13471.09,10,Against Medical Advice
A009121,P00596,89,0.597,Emergency,2025-10-10,9,2025-10-19,8165.02,7,Skilled Nursing Facility
A009125,P00596,89,0.597,General Surgery,2025-11-12,2,2025-11-14,3549.42,7,Home
A009359,P00596,89,0.597,General Surgery,2026-03-01,14,2026-03-15,19000.79,7,Home
A009460,P00596,89,0.597,ICU,2026-06-18,2,2026-06-20,5024.07,10,Home
A009615,P00596,89,0.597,ICU,2026-07-09,2,2026-07-11,5929.98,7,Home Health Care
A001242,P00597,55,0.088,Emergency,2024-10-11,15,2024-10-26,13730.07,3,Home
A001666,P00597,55,0.088,Emergency,2025-05-16,1,2025-05-17,910.05,6,Home
A000933,P00598,69,0.135,Emergency,2024-10-04,4,2024-10-08,4199.16,4,Home
A000955,P00598,69,0.135,ICU,2024-12-02,1,2024-12-03,2842.12,3,Home
A001490,P00598,69,0.135,Cardiology,2024-12-20,3,2024-12-23,5929.93,6,Home Health Care
A001780,P00598,69,0.135,Neurology,2025-10-23,7,2025-10-30,9935.12,7,Home
A002152,P00598,69,0.135,ICU,2025-11-21,4,2025-11-25,11706.52,6,Home
A002980,P00598,69,0.135,Emergency,2025-12-08,1,2025-12-09,874.8,3,Home
A003356,P00598,69,0.135,Emergency,2026-06-16,8,2026-06-24,6813.35,3,Home
A006061,P00598,69,0.135,Orthopedics,2026-08-07,1,2026-08-08,1306.31,4,Home
A003242,P00599,59,0.203,ICU,2024-10-01,2,2024-10-03,4254.51,9,Skilled Nursing Facility
A005743,P00599,59,0.203,Neurology,2024-11-16,6,2024-11-22,9335.48,3,Home Health Care
A006943,P00599,59,0.203,Emergency,2025-01-12,10,2025-01-22,10344.88,2,Home
A007519,P00599,59,0.203,Emergency,2026-01-25,19,2026-02-13,20742.56,1,Home Health Care
A007520,P00599,59,0.203,Emergency,2026-03-30,8,2026-04-07,8495.18,4,Home
A007571,P00599,59,0.203,General Surgery,2026-05-29,2,2026-05-31,3445.25,5,Skilled Nursing Facility
A007643,P00599,59,0.203,ICU,2026-06-10,6,2026-06-16,18247.04,8,Home
A000049,P00600,54,0.206,Cardiology,2024-11-26,6,2024-12-02,10593.6,3,Home Health Care
A000642,P00600,54,0.206,Emergency,2025-02-12,2,2025-02-14,1754.62,5,Home
A001559,P00600,54,0.206,Orthopedics,2025-12-03,6,2025-12-09,9046.0,0,Home
A006100,P00600,54,0.206,Emergency,2026-03-23,6,2026-03-29,5892.13,2,Home
A000437,P00601,45,0.214,General Surgery,2024-11-14,2,2024-11-16,3433.18,0,Home
A002839,P00601,45,0.214,Emergency,2025-03-10,2,2025-03-12,1918.88,5,Home
A003959,P00601,45,0.214,ICU,2025-08-05,9,2025-08-14,26351.76,1,Home
A004162,P00601,45,0.214,Emergency,2025-08-27,5,2025-09-01,4994.13,1,Home
A004442,P00601,45,0.214,Emergency,2026-02-20,1,2026-02-21,1081.12,5,Skilled Nursing Facility
A005930,P00601,45,0.214,ICU,2026-04-18,4,2026-04-22,9078.19,4,Home Health Care
A006330,P00601,45,0.214,Emergency,2026-05-17,4,2026-05-21,4077.52,4,Home
A001132,P00602,56,0.406,Orthopedics,2024-09-29,7,2024-10-06,10805.84,10,Home Health Care
A004057,P00602,56,0.406,General Surgery,2024-10-28,1,2024-10-29,1478.94,2,Home
A004856,P00602,56,0.406,Cardiology,2025-07-25,3,2025-07-28,6557.85,2,Home
A006153,P00602,56,0.406,General Surgery,2025-09-27,1,2025-09-28,1288.73,3,Home
A006764,P00602,56,0.406,Emergency,2026-01-22,2,2026-01-24,1617.39,6,Skilled Nursing Facility
A007851,P00602,56,0.406,Neurology,2026-02-08,8,2026-02-16,13870.65,5,Home Health Care
A009001,P00602,56,0.406,General Surgery,2026-06-07,1,2026-06-08,1415.16,6,Skilled Nursing Facility
A009046,P00602,56,0.406,General Surgery,2026-07-07,5,2026-07-12,8293.88,6,Home
A009566,P00602,56,0.406,Emergency,2026-09-20,5,2026-09-25,5460.3,3,Home
A001271,P00603,76,0.22,Emergency,2024-11-02,2,2024-11-04,1776.23,6,Home Health Care
A001494,P00603,76,0.22,Emergency,2024-12-21,5,2024-12-26,4513.13,4,Home Health Care
A002919,P00603,76,0.22,Emergency,2025-06-02,11,2025-06-13,9141.32,2,Skilled Nursing Facility
A003106,P00603,76,0.22,Emergency,2025-11-08,4,2025-11-12,4242.87,2,Home
A003898,P00603,76,0.22,ICU,2025-12-17,2,2025-12-19,5513.62,7,Home
A004716,P00603,76,0.22,Emergency,2026-01-07,7,2026-01-14,6153.21,4,Home
A004880,P00603,76,0.22,Orthopedics,2026-04-28,2,2026-04-30,2722.62,7,Home
A006015,P00603,76,0.22,Neurology,2026-05-15,7,2026-05-22,10522.49,4,Home Health Care
A007122,P00603,76,0.22,ICU,2026-06-25,1,2026-06-26,2693.39,4,Home Health Care
A007879,P00603,76,0.22,General Surgery,2026-07-20,1,2026-07-21,1490.3,5,Home
A003155,P00604,49,0.329,Neurology,2024-11-24,1,2024-11-25,1738.76,4,Home
A007697,P00604,49,0.329,Cardiology,2026-02-18,1,2026-02-19,2178.92,4,Against Medical Advice
A008407,P00604,49,0.329,ICU,2026-03-29,15,2026-04-13,44861.33,5,Home
A000200,P00605,63,0.347,Neurology,2024-10-26,4,2024-10-30,5193.89,6,Home Health Care
A001662,P00605,63,0.347,Neurology,2025-03-25,5,2025-03-30,7142.47,2,Home
A003007,P00605,63,0.347,ICU,2026-06-27,11,2026-07-08,31068.17,3,Against Medical Advice
A000333,P00606,51,0.448,Emergency,2025-01-23,2,2025-01-25,1612.29,10,Home Health Care
A000612,P00606,51,0.448,ICU,2025-02-06,17,2025-02-23,40836.73,3,Home Health Care
A001177,P00606,51,0.448,Neurology,2025-03-12,1,2025-03-13,1404.77,6,Home
A004479,P00606,51,0.448,Emergency,2025-05-08,2,2025-05-10,2032.27,6,Home
A004556,P00606,51,0.448,ICU,2025-05-31,11,2025-06-11,29926.27,6,Home
A005408,P00606,51,0.448,General Surgery,2025-12-14,1,2025-12-15,1816.93,7,Home Health Care
A005643,P00606,51,0.448,General Surgery,2025-12-27,5,2026-01-01,6976.43,10,Skilled Nursing Facility
A006648,P00606,51,0.448,Emergency,2026-05-27,5,2026-06-01,5462.94,4,Home
A000383,P00607,58,0.464,General Surgery,2024-10-23,7,2024-10-30,10250.05,4,Against Medical Advice
A003289,P00607,58,0.464,ICU,2025-02-02,3,2025-02-05,9279.71,3,Home
A006023,P00607,58,0.464,ICU,2025-03-14,4,2025-03-18,10694.87,7,Home
A008457,P00607,58,0.464,Emergency,2025-04-03,20,2025-04-23,21868.22,4,Home
A008598,P00607,58,0.464,General Surgery,2025-08-27,30,2025-09-26,45271.52,2,Home Health Care
A008885,P00607,58,0.464,Cardiology,2025-09-28,4,2025-10-02,6351.38,3,Home Health Care
A008903,P00607,58,0.464,ICU,2026-06-03,7,2026-06-10,21611.72,4,Home
A000720,P00608,74,0.293,Cardiology,2025-02-15,2,2025-02-17,4239.82,9,Home
A001459,P00608,74,0.293,ICU,2025-08-04,1,2025-08-05,2591.26,5,Skilled Nursing Facility
A002475,P00608,74,0.293,Emergency,2025-08-18,20,2025-09-07,15455.33,5,Home
A003983,P00608,74,0.293,Neurology,2025-09-21,1,2025-09-22,1308.16,2,Skilled Nursing Facility
A004327,P00608,74,0.293,Emergency,2025-10-11,6,2025-10-17,5279.72,1,Home
A005697,P00608,74,0.293,Emergency,2026-09-11,15,2026-09-26,12683.08,3,Home
A000168,P00609,16,0.445,Emergency,2024-11-18,2,2024-11-20,2051.43,7,Home Health Care
A005431,P00609,16,0.445,Emergency,2025-03-20,10,2025-03-30,9342.5,4,Home
A006312,P00609,16,0.445,Emergency,2025-05-11,1,2025-05-12,806.12,4,Home
A007949,P00609,16,0.445,Emergency,2025-06-06,25,2025-07-01,24716.87,3,Home
A008315,P00609,16,0.445,Cardiology,2025-11-26,9,2025-12-05,16883.76,9,Home
A009269,P00609,16,0.445,Emergency,2026-03-05,5,2026-03-10,5144.76,4,Home
A009382,P00609,16,0.445,ICU,2026-04-03,3,2026-04-06,7344.66,6,Home
A006032,P00610,65,0.077,Emergency,2025-01-21,2,2025-01-23,1899.64,2,Home
A007157,P00610,65,0.077,Emergency,2025-02-21,3,2025-02-24,2857.76,4,Home Health Care
A007779,P00610,65,0.077,ICU,2025-03-17,2,2025-03-19,5105.42,2,Home
A008390,P00610,65,0.077,Neurology,2025-07-03,6,2025-07-09,8204.67,4,Skilled Nursing Facility
A008578,P00610,65,0.077,Neurology,2025-09-15,3,2025-09-18,3968.91,4,Home
A008641,P00610,65,0.077,General Surgery,2026-02-17,5,2026-02-22,8960.13,3,Home
A001623,P00611,49,0.145,Orthopedics,2024-11-28,6,2024-12-04,9223.31,5,Home Health Care
A006795,P00611,49,0.145,Neurology,2025-02-09,1,2025-02-10,1718.16,5,Home
A007658,P00611,49,0.145,Cardiology,2025-03-29,4,2025-04-02,7622.19,4,Home Health Care
A008564,P00611,49,0.145,ICU,2025-12-23,7,2025-12-30,17400.21,1,Home Health Care
A008792,P00611,49,0.145,General Surgery,2026-03-21,7,2026-03-28,12902.88,2,Home
A000145,P00612,75,0.255,Orthopedics,2024-12-27,2,2024-12-29,2384.33,1,Home
A000241,P00612,75,0.255,Neurology,2025-06-20,9,2025-06-29,12743.99,6,Home Health Care
A002682,P00612,75,0.255,General Surgery,2026-03-09,9,2026-03-18,15623.73,2,Home
A005320,P00612,75,0.255,Neurology,2026-04-03,10,2026-04-13,17406.07,8,Home
A005690,P00612,75,0.255,Emergency,2026-07-06,8,2026-07-14,7651.73,4,Home Health Care
A007177,P00612,75,0.255,Emergency,2026-08-26,1,2026-08-27,1012.61,5,Home
A000147,P00613,22,0.253,Neurology,2024-11-05,1,2024-11-06,1612.4,1,Home
A000921,P00613,22,0.253,Emergency,2025-09-17,5,2025-09-22,5447.04,2,Skilled Nursing Facility
A003101,P00613,22,0.253,ICU,2025-11-24,6,2025-11-30,15238.72,2,Home
A003641,P00613,22,0.253,Neurology,2026-05-12,3,2026-05-15,4309.02,3,Home
A004822,P00613,22,0.253,Emergency,2026-08-11,2,2026-08-13,1847.11,5,Home Health Care
A000473,P00614,92,0.658,ICU,2024-10-23,9,2024-11-01,20778.65,6,Home Health Care
A000713,P00614,92,0.658,Emergency,2024-12-20,4,2024-12-24,3612.56,4,Home
A002363,P00614,92,0.658,Orthopedics,2025-03-23,1,2025-03-24,1564.52,8,Home
A003622,P00614,92,0.658,General Surgery,2025-06-04,4,2025-06-08,7297.25,12,Home
A003914,P00614,92,0.658,Emergency,2025-06-17,3,2025-06-20,2538.3,4,Home Health Care
A004679,P00614,92,0.658,Emergency,2025-12-01,9,2025-12-10,9914.17,5,Home
A005506,P00614,92,0.658,Emergency,2026-02-24,11,2026-03-07,11387.86,5,Home
A005816,P00614,92,0.658,Neurology,2026-05-05,2,2026-05-07,2449.18,4,Home
A005829,P00614,92,0.658,General Surgery,2026-06-19,11,2026-06-30,19515.83,6,Home Health Care
A006004,P00614,92,0.658,Orthopedics,2026-08-24,6,2026-08-30,9634.71,9,Home Health Care
A006881,P00614,92,0.658,ICU,2026-09-11,14,2026-09-25,35084.64,9,Skilled Nursing Facility
A000560,P00615,69,0.631,Cardiology,2024-11-04,7,2024-11-11,14005.18,6,Against Medical Advice
A002556,P00615,69,0.631,Emergency,2024-11-23,12,2024-12-05,9978.71,4,Home
A006607,P00615,69,0.631,Emergency,2024-12-29,10,2025-01-08,8670.01,7,Home Health Care
A007308,P00615,69,0.631,General Surgery,2025-01-10,9,2025-01-19,16519.89,10,Home
A008295,P00615,69,0.631,General Surgery,2026-04-25,2,2026-04-27,3051.56,8,Home
A008761,P00615,69,0.631,Emergency,2026-05-09,4,2026-05-13,3992.96,11,Home
A009073,P00615,69,0.631,Orthopedics,2026-06-05,7,2026-06-12,10275.83,8,Home
A009468,P00615,69,0.631,ICU,2026-07-03,1,2026-07-04,2240.53,2,Home Health Care
A001350,P00616,47,0.124,General Surgery,2024-12-12,3,2024-12-15,3999.1,4,Home
A001839,P00616,47,0.124,Emergency,2025-09-30,11,2025-10-11,8728.5,2,Home
A003151,P00616,47,0.124,Orthopedics,2026-03-16,13,2026-03-29,20534.05,3,Against Medical Advice
A004740,P00616,47,0.124,Cardiology,2026-04-09,6,2026-04-15,10783.12,2,Skilled Nursing Facility
A005035,P00616,47,0.124,ICU,2026-04-27,1,2026-04-28,2538.09,5,Home
A005808,P00616,47,0.124,ICU,2026-08-29,2,2026-08-31,4277.83,2,Home Health Care
A003200,P00617,50,0.105,Emergency,2024-10-21,4,2024-10-25,3362.41,7,Home
A003380,P00617,50,0.105,General Surgery,2025-09-29,2,2025-10-01,2654.2,1,Home
A004877,P00617,50,0.105,Emergency,2026-01-02,6,2026-01-08,6644.81,0,Skilled Nursing Facility
A004884,P00617,50,0.105,Cardiology,2026-02-21,2,2026-02-23,4120.4,1,Home Health Care
A005337,P00617,50,0.105,Orthopedics,2026-03-18,2,2026-03-20,2539.37,5,Home
A005713,P00617,50,0.105,ICU,2026-05-05,1,2026-05-06,3035.26,3,Home Health Care
A006718,P00617,50,0.105,Cardiology,2026-08-28,5,2026-09-02,10328.16,6,Against Medical Advice
A007190,P00617,50,0.105,Orthopedics,2026-09-07,8,2026-09-15,12186.96,2,Home
A002873,P00618,45,0.199,General Surgery,2024-09-30,1,2024-10-01,1843.46,3,Home
A008419,P00618,45,0.199,Emergency,2024-10-17,5,2024-10-22,5233.86,6,Skilled Nursing Facility
A008605,P00618,45,0.199,Neurology,2025-01-02,3,2025-01-05,4086.49,2,Home
A008619,P00618,45,0.199,Neurology,2025-04-08,2,2025-04-10,3206.08,2,Skilled Nursing Facility
A009183,P00618,45,0.199,General Surgery,2025-04-20,7,2025-04-27,11369.21,3,Home
A009277,P00618,45,0.199,Emergency,2025-11-07,1,2025-11-08,1087.97,3,Home
A009608,P00618,45,0.199,Neurology,2026-02-05,9,2026-02-14,13766.88,7,Skilled Nursing Facility
A009655,P00618,45,0.199,Orthopedics,2026-03-06,5,2026-03-11,7512.21,3,Against Medical Advice
A009679,P00618,45,0.199,ICU,2026-06-08,4,2026-06-12,10008.46,4,Home
A009681,P00618,45,0.199,Cardiology,2026-09-13,3,2026-09-16,4930.95,2,Home
A000485,P00619,66,0.088,Cardiology,2024-12-12,2,2024-12-14,4455.16,3,Home Health Care
A001227,P00619,66,0.088,ICU,2025-01-07,3,2025-01-10,7595.92,2,Home
A001561,P00619,66,0.088,Emergency,2025-04-04,1,2025-04-05,799.2,2,Skilled Nursing Facility
A002079,P00619,66,0.088,General Surgery,2025-05-04,2,2025-05-06,3479.0,3,Skilled Nursing Facility
A002301,P00619,66,0.088,Neurology,2025-05-11,10,2025-05-21,14057.42,3,Home
A003132,P00619,66,0.088,Neurology,2025-06-05,1,2025-06-06,1697.47,4,Home Health Care
A004767,P00619,66,0.088,Cardiology,2025-07-02,2,2025-07-04,4353.09,4,Home
A006285,P00619,66,0.088,Orthopedics,2025-12-03,4,2025-12-07,5022.53,4,Home
A006667,P00619,66,0.088,Emergency,2026-03-13,4,2026-03-17,4301.36,2,Home Health Care
A006869,P00619,66,0.088,Neurology,2026-07-26,5,2026-07-31,7287.36,1,Home Health Care
A007629,P00619,66,0.088,General Surgery,2026-08-09,7,2026-08-16,11426.38,4,Home
A000916,P00620,42,0.125,Orthopedics,2024-12-29,3,2025-01-01,4237.6,1,Home
A004868,P00620,42,0.125,Neurology,2025-10-13,2,2025-10-15,2402.53,3,Against Medical Advice
A007397,P00620,42,0.125,ICU,2025-10-30,2,2025-11-01,5606.94,4,Home
A007720,P00620,42,0.125,Emergency,2025-12-19,5,2025-12-24,4546.4,3,Home
A000709,P00621,64,0.145,Emergency,2025-01-03,6,2025-01-09,4771.42,5,Skilled Nursing Facility
A004433,P00621,64,0.145,General Surgery,2025-02-18,5,2025-02-23,6821.5,3,Home
A004662,P00621,64,0.145,Neurology,2026-09-21,5,2026-09-26,6679.53,2,Skilled Nursing Facility
A000099,P00622,57,0.181,Cardiology,2024-11-13,12,2024-11-25,18954.01,3,Home
A000367,P00622,57,0.181,Cardiology,2025-01-21,3,2025-01-24,4857.58,10,Home Health Care
A001220,P00622,57,0.181,ICU,2025-04-09,3,2025-04-12,9308.87,5,Against Medical Advice
A001845,P00622,57,0.181,Neurology,2025-05-05,3,2025-05-08,4988.0,8,Home
A003533,P00622,57,0.181,Cardiology,2025-07-24,11,2025-08-04,18020.5,4,Home Health Care
A007806,P00622,57,0.181,Cardiology,2025-08-22,13,2025-09-04,21886.54,3,Home
A000679,P00623,44,0.081,General Surgery,2024-10-13,12,2024-10-25,21126.83,2,Skilled Nursing Facility
A003449,P00623,44,0.081,Neurology,2024-12-24,5,2024-12-29,6012.03,4,Home
A003654,P00623,44,0.081,ICU,2025-09-18,8,2025-09-26,21061.0,6,Skilled Nursing Facility
A005009,P00623,44,0.081,General Surgery,2025-10-25,7,2025-11-01,13053.17,4,Home
A005219,P00623,44,0.081,Emergency,2026-01-08,8,2026-01-16,7504.71,2,Home
A001510,P00624,8,0.125,Neurology,2024-11-25,3,2024-11-28,4628.52,6,Skilled Nursing Facility
A002156,P00624,8,0.125,General Surgery,2025-01-14,6,2025-01-20,9862.05,1,Home
A003386,P00624,8,0.125,Cardiology,2025-03-23,6,2025-03-29,10957.31,6,Home
A004400,P00624,8,0.125,Neurology,2025-09-27,6,2025-10-03,9377.85,1,Home Health Care
A007938,P00624,8,0.125,Emergency,2026-04-30,1,2026-05-01,1010.19,4,Home
A000532,P00625,51,0.568,Emergency,2024-10-20,8,2024-10-28,7202.55,6,Home
A001395,P00625,51,0.568,Cardiology,2024-11-04,7,2024-11-11,14246.95,4,Home
A001689,P00625,51,0.568,ICU,2025-04-24,31,2025-05-25,73176.95,7,Home
A001762,P00625,51,0.568,Orthopedics,2025-09-03,2,2025-09-05,2310.09,4,Home Health Care
A002977,P00625,51,0.568,Neurology,2025-09-08,1,2025-09-09,1243.58,6,Skilled Nursing Facility
A006234,P00625,51,0.568,Neurology,2025-09-21,11,2025-10-02,14964.89,10,Home
A007689,P00625,51,0.568,Emergency,2026-01-30,7,2026-02-06,7709.18,5,Home
A008012,P00625,51,0.568,Emergency,2026-05-10,2,2026-05-12,1584.63,6,Home
A000556,P00626,67,0.74,Emergency,2024-12-10,1,2024-12-11,966.54,7,Home Health Care
A001720,P00626,67,0.74,Emergency,2024-12-28,2,2024-12-30,1898.8,5,Home
A001892,P00626,67,0.74,ICU,2025-01-14,3,2025-01-17,6571.39,8,Skilled Nursing Facility
A002535,P00626,67,0.74,Emergency,2025-02-02,10,2025-02-12,9088.23,5,Home
A005533,P00626,67,0.74,Cardiology,2025-05-05,7,2025-05-12,11043.26,10,Home
A006423,P00626,67,0.74,Emergency,2025-08-15,3,2025-08-18,3331.51,11,Home
A007095,P00626,67,0.74,General Surgery,2026-01-09,8,2026-01-17,12910.99,7,Home
A008040,P00626,67,0.74,ICU,2026-02-13,20,2026-03-05,48777.46,6,Home
A008233,P00626,67,0.74,Neurology,2026-05-05,11,2026-05-16,13835.59,9,Skilled Nursing Facility
A008839,P00626,67,0.74,ICU,2026-08-02,1,2026-08-03,2766.67,9,Home
A009112,P00626,67,0.74,ICU,2026-08-31,9,2026-09-09,25812.25,7,Home
A004325,P00627,48,0.199,Emergency,2024-10-24,8,2024-11-01,6640.84,2,Home Health Care
A005357,P00627,48,0.199,ICU,2024-11-14,5,2024-11-19,13772.6,3,Skilled Nursing Facility
A005902,P00627,48,0.199,ICU,2025-02-16,9,2025-02-25,27918.63,4,Home Health Care
A006135,P00627,48,0.199,Neurology,2025-03-25,7,2025-04-01,9134.45,2,Home
A006753,P00627,48,0.199,Emergency,2025-05-20,1,2025-05-21,926.64,5,Home
A000706,P00628,47,0.406,Emergency,2025-02-15,1,2025-02-16,1082.23,6,Home Health Care
A000945,P00628,47,0.406,Neurology,2025-10-26,8,2025-11-03,10669.03,9,Home
A002260,P00628,47,0.406,General Surgery,2025-12-24,1,2025-12-25,1610.35,5,Home
A002330,P00628,47,0.406,General Surgery,2026-03-21,2,2026-03-23,2620.47,6,Home
A004288,P00628,47,0.406,Cardiology,2026-04-01,1,2026-04-02,1534.64,10,Home
A006852,P00628,47,0.406,Emergency,2026-04-08,2,2026-04-10,1590.25,4,Home
A007217,P00628,47,0.406,Emergency,2026-06-12,1,2026-06-13,1003.48,1,Home
A007474,P00628,47,0.406,Neurology,2026-08-10,5,2026-08-15,8162.29,4,Home
A001713,P00629,48,0.127,Neurology,2024-10-04,4,2024-10-08,5195.1,3,Skilled Nursing Facility
A003032,P00629,48,0.127,Emergency,2024-11-03,2,2024-11-05,1818.45,5,Home
A005366,P00629,48,0.127,General Surgery,2024-11-07,2,2024-11-09,3299.92,4,Home
A007001,P00629,48,0.127,ICU,2025-08-05,3,2025-08-08,8677.85,3,Home
A007073,P00629,48,0.127,Emergency,2026-02-25,7,2026-03-04,6147.93,7,Home Health Care
A007173,P00629,48,0.127,Emergency,2026-04-05,5,2026-04-10,4135.21,2,Home
A002576,P00630,44,0.306,Orthopedics,2024-12-21,1,2024-12-22,1154.63,4,Home
A002589,P00630,44,0.306,General Surgery,2025-02-08,1,2025-02-09,1480.94,3,Home
A003292,P00630,44,0.306,Orthopedics,2025-11-16,4,2025-11-20,5943.27,7,Home
A003693,P00630,44,0.306,General Surgery,2026-01-20,2,2026-01-22,2991.71,8,Home Health Care
A004810,P00630,44,0.306,Cardiology,2026-02-12,2,2026-02-14,3463.06,1,Skilled Nursing Facility
A006492,P00630,44,0.306,Neurology,2026-03-20,7,2026-03-27,10081.75,8,Home
A006498,P00630,44,0.306,General Surgery,2026-05-08,1,2026-05-09,1577.89,5,Home
A006878,P00630,44,0.306,Cardiology,2026-07-26,5,2026-07-31,7666.43,6,Home Health Care
A000125,P00631,60,0.182,Neurology,2025-02-07,1,2025-02-08,1433.0,5,Home
A000731,P00631,60,0.182,Neurology,2025-05-08,3,2025-05-11,3599.14,5,Skilled Nursing Facility
A002087,P00631,60,0.182,ICU,2025-08-31,1,2025-09-01,2814.78,2,Home
A002546,P00631,60,0.182,Emergency,2026-08-24,5,2026-08-29,5159.02,3,Home Health Care
A001827,P00632,54,0.213,ICU,2025-01-11,6,2025-01-17,18289.64,3,Home
A004265,P00632,54,0.213,General Surgery,2025-06-02,2,2025-06-04,2890.26,3,Home Health Care
A004766,P00632,54,0.213,Emergency,2025-07-17,1,2025-07-18,912.73,8,Against Medical Advice
A005110,P00632,54,0.213,Emergency,2025-08-25,3,2025-08-28,2943.38,4,Home Health Care
A005146,P00632,54,0.213,Emergency,2025-10-27,11,2025-11-07,10567.71,4,Home
A005833,P00632,54,0.213,Emergency,2026-03-18,4,2026-03-22,3558.78,5,Home
A007654,P00632,54,0.213,Cardiology,2026-09-22,14,2026-10-06,24308.33,1,Home
A000337,P00633,61,0.394,Neurology,2024-12-27,9,2025-01-05,10738.49,6,Home Health Care
A006286,P00633,61,0.394,Emergency,2025-02-25,2,2025-02-27,2113.06,5,Home Health Care
A006357,P00633,61,0.394,Orthopedics,2025-03-19,4,2025-03-23,5842.43,4,Home Health Care
A007065,P00633,61,0.394,ICU,2025-06-26,3,2025-06-29,8840.5,3,Home
A008245,P00633,61,0.394,ICU,2025-07-15,7,2025-07-22,21379.65,6,Home Health Care
A008351,P00633,61,0.394,Emergency,2026-02-22,7,2026-03-01,7169.52,6,Home
A008682,P00633,61,0.394,General Surgery,2026-07-14,15,2026-07-29,23313.47,7,Home
A001678,P00634,41,0.311,Cardiology,2024-10-11,1,2024-10-12,2072.44,5,Home
A004904,P00634,41,0.311,General Surgery,2025-03-05,1,2025-03-06,1687.01,2,Against Medical Advice
A004942,P00634,41,0.311,General Surgery,2025-03-13,2,2025-03-15,2635.26,8,Home
A006986,P00634,41,0.311,Cardiology,2025-06-22,2,2025-06-24,3259.55,5,Skilled Nursing Facility
A007024,P00634,41,0.311,Neurology,2025-08-09,1,2025-08-10,1284.47,4,Skilled Nursing Facility
A007824,P00634,41,0.311,Emergency,2025-09-08,3,2025-09-11,3212.03,3,Home
A008184,P00634,41,0.311,General Surgery,2025-11-30,20,2025-12-20,36855.43,8,Home Health Care
A008460,P00634,41,0.311,Orthopedics,2026-01-24,2,2026-01-26,2296.6,4,Home
A008737,P00634,41,0.311,Orthopedics,2026-04-20,4,2026-04-24,4661.79,1,Home Health Care
A001905,P00635,76,0.193,General Surgery,2025-01-31,6,2025-02-06,7806.11,5,Home
A004100,P00635,76,0.193,Orthopedics,2025-04-28,6,2025-05-04,7213.96,6,Home
A005970,P00635,76,0.193,Emergency,2025-08-03,1,2025-08-04,950.74,5,Home
A006203,P00635,76,0.193,ICU,2025-12-27,6,2026-01-02,13927.19,7,Skilled Nursing Facility
A006228,P00635,76,0.193,Cardiology,2026-01-07,4,2026-01-11,6236.49,4,Home Health Care
A007121,P00635,76,0.193,Cardiology,2026-04-28,2,2026-04-30,3990.98,2,Skilled Nursing Facility
A007794,P00635,76,0.193,Neurology,2026-05-14,7,2026-05-21,10977.66,9,Home
A001291,P00636,75,0.233,Emergency,2024-12-20,1,2024-12-21,783.49,6,Skilled Nursing Facility
A001376,P00636,75,0.233,General Surgery,2025-04-04,11,2025-04-15,15965.6,3,Home
A001576,P00636,75,0.233,Emergency,2025-05-29,10,2025-06-08,8532.53,10,Home
A002094,P00636,75,0.233,Emergency,2025-10-31,13,2025-11-13,12125.12,7,Against Medical Advice
A005417,P00636,75,0.233,ICU,2025-11-21,2,2025-11-23,5873.56,2,Home
A005715,P00636,75,0.233,Cardiology,2026-09-18,3,2026-09-21,6692.93,5,Home
A001392,P00637,37,0.449,Emergency,2024-09-27,1,2024-09-28,813.63,5,Home
A006241,P00637,37,0.449,Emergency,2025-01-30,1,2025-01-31,945.42,10,Home Health Care
A007286,P00637,37,0.449,General Surgery,2025-02-24,1,2025-02-25,1516.73,6,Home
A008393,P00637,37,0.449,Neurology,2025-04-18,4,2025-04-22,5084.7,5,Home
A009278,P00637,37,0.449,Emergency,2025-08-08,1,2025-08-09,905.31,3,Home Health Care
A009424,P00637,37,0.449,Orthopedics,2025-09-09,5,2025-09-14,6727.27,7,Home
A009491,P00637,37,0.449,Emergency,2025-09-21,16,2025-10-07,17581.88,6,Home
A009574,P00637,37,0.449,Emergency,2026-07-30,1,2026-07-31,771.27,5,Home Health Care
A002337,P00638,59,0.002,ICU,2025-01-09,4,2025-01-13,12131.69,4,Home
A002433,P00638,59,0.002,General Surgery,2025-04-17,6,2025-04-23,9423.94,3,Home
A003144,P00638,59,0.002,General Surgery,2026-06-19,4,2026-06-23,6298.54,3,Against Medical Advice
A003795,P00638,59,0.002,ICU,2026-07-09,3,2026-07-12,6559.22,0,Skilled Nursing Facility
A000530,P00639,51,0.211,General Surgery,2025-01-27,3,2025-01-30,3873.19,5,Home
A003011,P00639,51,0.211,General Surgery,2025-06-20,3,2025-06-23,5332.35,2,Home Health Care
A003081,P00639,51,0.211,Emergency,2025-06-29,1,2025-06-30,779.88,4,Skilled Nursing Facility
A004018,P00639,51,0.211,ICU,2025-07-09,3,2025-07-12,9210.56,3,Home Health Care
A004050,P00639,51,0.211,ICU,2025-12-22,8,2025-12-30,19480.02,6,Home
A004332,P00639,51,0.211,General Surgery,2026-06-11,3,2026-06-14,4790.82,3,Home
A006578,P00639,51,0.211,General Surgery,2026-06-18,32,2026-07-20,43626.19,5,Home
A003117,P00640,40,0.554,General Surgery,2024-10-21,11,2024-11-01,19785.44,5,Home
A003758,P00640,40,0.554,Emergency,2024-11-03,3,2024-11-06,3140.62,9,Home
A004762,P00640,40,0.554,Cardiology,2025-05-16,11,2025-05-27,18118.53,5,Home Health Care
A005453,P00640,40,0.554,Cardiology,2025-06-07,8,2025-06-15,15140.13,8,Skilled Nursing Facility
A008349,P00640,40,0.554,Cardiology,2025-10-15,8,2025-10-23,16139.95,3,Home
A008496,P00640,40,0.554,Emergency,2026-02-11,5,2026-02-16,4296.54,4,Skilled Nursing Facility
A008891,P00640,40,0.554,Neurology,2026-02-26,5,2026-03-03,6721.78,6,Home
A008925,P00640,40,0.554,Neurology,2026-06-24,10,2026-07-04,12873.84,8,Home
A009259,P00640,40,0.554,Emergency,2026-08-20,7,2026-08-27,5399.05,4,Against Medical Advice
A009367,P00640,40,0.554,Neurology,2026-09-15,34,2026-10-19,40593.41,12,Home
A001884,P00641,68,0.19,ICU,2025-01-12,1,2025-01-13,2170.89,5,Against Medical Advice
A002298,P00641,68,0.19,Neurology,2025-01-24,12,2025-02-05,17705.05,7,Home
A004133,P00641,68,0.19,General Surgery,2025-06-25,2,2025-06-27,2759.82,2,Skilled Nursing Facility
A004614,P00641,68,0.19,ICU,2025-11-15,8,2025-11-23,20429.7,4,Home
A006445,P00642,80,0.207,Neurology,2024-12-25,3,2024-12-28,4254.35,1,Home Health Care
A007274,P00642,80,0.207,General Surgery,2025-03-15,1,2025-03-16,1299.01,9,Home
A007345,P00642,80,0.207,Emergency,2025-06-30,13,2025-07-13,11901.01,1,Skilled Nursing Facility
A007729,P00642,80,0.207,Neurology,2026-06-25,10,2026-07-05,12708.85,3,Home
A008435,P00642,80,0.207,General Surgery,2026-08-24,15,2026-09-08,21691.1,2,Home
A000075,P00643,88,0.046,Orthopedics,2025-01-19,1,2025-01-20,1256.44,4,Home
A003125,P00643,88,0.046,Emergency,2025-02-24,1,2025-02-25,841.97,2,Home
A003376,P00643,88,0.046,Emergency,2025-07-18,1,2025-07-19,965.21,3,Skilled Nursing Facility
A003956,P00643,88,0.046,Orthopedics,2025-08-15,2,2025-08-17,2848.76,4,Against Medical Advice
A005393,P00643,88,0.046,Emergency,2026-02-16,4,2026-02-20,4152.2,1,Home
A000941,P00644,74,0.211,Cardiology,2024-11-02,1,2024-11-03,1676.73,2,Home
A002634,P00644,74,0.211,General Surgery,2025-02-04,10,2025-02-14,17794.29,5,Home
A004081,P00644,74,0.211,Neurology,2025-03-21,5,2025-03-26,6549.0,6,Home
A005727,P00644,74,0.211,Neurology,2025-12-30,7,2026-01-06,9893.7,5,Home
A006374,P00644,74,0.211,Cardiology,2026-01-24,1,2026-01-25,2191.55,7,Home
A007119,P00644,74,0.211,ICU,2026-07-25,2,2026-07-27,5732.33,5,Skilled Nursing Facility
A007744,P00644,74,0.211,General Surgery,2026-08-09,2,2026-08-11,2734.13,4,Skilled Nursing Facility
A000849,P00645,80,0.203,Emergency,2025-01-13,6,2025-01-19,5538.66,8,Skilled Nursing Facility
A001104,P00645,80,0.203,General Surgery,2025-02-20,1,2025-02-21,1521.47,8,Home
A001408,P00645,80,0.203,ICU,2025-04-24,3,2025-04-27,8880.74,1,Home Health Care
A001423,P00645,80,0.203,General Surgery,2025-06-18,2,2025-06-20,3207.54,5,Home
A005394,P00645,80,0.203,Neurology,2025-07-03,2,2025-07-05,3400.12,1,Home
A007027,P00645,80,0.203,General Surgery,2025-12-30,4,2026-01-03,5729.9,1,Skilled Nursing Facility
A009000,P00645,80,0.203,Emergency,2026-03-07,2,2026-03-09,1895.62,2,Skilled Nursing Facility
A009142,P00645,80,0.203,Neurology,2026-04-03,3,2026-04-06,3749.88,1,Against Medical Advice
A009400,P00645,80,0.203,ICU,2026-05-05,2,2026-05-07,5201.05,4,Home Health Care
A000319,P00646,28,0.11,ICU,2024-11-08,2,2024-11-10,5055.95,0,Home
A001751,P00646,28,0.11,Emergency,2025-08-04,2,2025-08-06,2098.61,3,Home
A002617,P00646,28,0.11,Orthopedics,2025-09-19,1,2025-09-20,1405.31,5,Skilled Nursing Facility
A003553,P00646,28,0.11,Emergency,2025-10-08,2,2025-10-10,2127.26,3,Against Medical Advice
A004281,P00646,28,0.11,Neurology,2025-11-29,2,2025-12-01,3433.81,5,Home Health Care
A005482,P00646,28,0.11,Emergency,2025-12-21,2,2025-12-23,1945.16,3,Home Health Care
A005786,P00646,28,0.11,General Surgery,2026-01-04,1,2026-01-05,1709.73,1,Home
A001814,P00647,67,0.063,Emergency,2025-02-04,3,2025-02-07,3072.49,3,Home
A001980,P00647,67,0.063,Emergency,2025-05-02,4,2025-05-06,3375.94,3,Home Health Care
A008154,P00647,67,0.063,Orthopedics,2025-05-14,1,2025-05-15,1542.8,7,Home
A008549,P00647,67,0.063,ICU,2025-06-12,7,2025-06-19,21021.95,1,Home
A008844,P00647,67,0.063,General Surgery,2026-03-09,2,2026-03-11,3307.33,7,Home
A008984,P00647,67,0.063,ICU,2026-04-17,1,2026-04-18,2981.7,1,Skilled Nursing Facility
A009154,P00647,67,0.063,Orthopedics,2026-05-25,1,2026-05-26,1281.7,4,Home
A000548,P00648,68,0.175,Emergency,2024-12-02,25,2024-12-27,20758.38,1,Home
A001066,P00648,68,0.175,Neurology,2025-06-09,2,2025-06-11,2506.48,2,Against Medical Advice
A001523,P00648,68,0.175,Neurology,2025-10-19,6,2025-10-25,8432.49,4,Home Health Care
A002472,P00648,68,0.175,ICU,2025-10-27,1,2025-10-28,2316.8,3,Home
A004388,P00648,68,0.175,Orthopedics,2026-02-17,5,2026-02-22,6792.58,9,Home
A004713,P00648,68,0.175,General Surgery,2026-06-10,12,2026-06-22,22461.75,5,Home Health Care
A000094,P00649,26,0.607,Orthopedics,2025-02-08,1,2025-02-09,1450.7,3,Home
A001010,P00649,26,0.607,General Surgery,2025-04-10,8,2025-04-18,13915.22,5,Home
A001213,P00649,26,0.607,Neurology,2025-05-02,15,2025-05-17,21368.51,6,Against Medical Advice
A003612,P00649,26,0.607,Neurology,2025-07-15,1,2025-07-16,1306.77,5,Home
A003962,P00649,26,0.607,Cardiology,2025-10-13,1,2025-10-14,1927.71,4,Home
A005896,P00649,26,0.607,Emergency,2026-03-13,4,2026-03-17,3907.31,12,Home
A005978,P00649,26,0.607,Cardiology,2026-06-17,14,2026-07-01,22657.19,11,Against Medical Advice
A006864,P00649,26,0.607,ICU,2026-07-19,1,2026-07-20,2451.0,6,Skilled Nursing Facility
A000940,P00650,42,0.313,Emergency,2025-01-25,4,2025-01-29,3369.99,6,Home
A001868,P00650,42,0.313,Orthopedics,2025-05-25,4,2025-05-29,5101.83,8,Skilled Nursing Facility
A004453,P00650,42,0.313,Orthopedics,2025-08-01,2,2025-08-03,2967.63,3,Home
A004495,P00650,42,0.313,Emergency,2026-02-11,4,2026-02-15,4147.61,4,Home
A005793,P00650,42,0.313,Cardiology,2026-09-24,1,2026-09-25,1804.83,7,Home
A001778,P00651,32,0.264,ICU,2025-01-21,2,2025-01-23,5045.46,5,Home
A002767,P00651,32,0.264,General Surgery,2025-01-30,1,2025-01-31,1563.63,5,Home
A003616,P00651,32,0.264,Orthopedics,2025-02-19,1,2025-02-20,1183.48,2,Home
A004338,P00651,32,0.264,ICU,2025-05-08,2,2025-05-10,5698.5,5,Home Health Care
A006364,P00651,32,0.264,Emergency,2025-05-28,4,2025-06-01,3640.28,5,Home Health Care
A006588,P00651,32,0.264,ICU,2026-01-18,1,2026-01-19,3087.23,3,Skilled Nursing Facility
A007458,P00651,32,0.264,Neurology,2026-02-22,2,2026-02-24,3382.46,8,Home
A001386,P00652,49,0.035,Neurology,2025-01-13,3,2025-01-16,4991.67,3,Home
A002349,P00652,49,0.035,Orthopedics,2025-04-06,2,2025-04-08,3229.51,5,Home
A003045,P00652,49,0.035,Emergency,2025-09-27,1,2025-09-28,871.32,4,Home
A001944,P00653,38,0.317,ICU,2024-12-01,12,2024-12-13,31646.74,3,Home
A005025,P00653,38,0.317,General Surgery,2024-12-26,2,2024-12-28,2699.01,5,Skilled Nursing Facility
A007146,P00653,38,0.317,Cardiology,2025-01-06,10,2025-01-16,19745.87,1,Home
A008005,P00653,38,0.317,Emergency,2025-07-09,5,2025-07-14,4938.76,6,Skilled Nursing Facility
A008689,P00653,38,0.317,Emergency,2025-09-25,9,2025-10-04,7982.02,4,Skilled Nursing Facility
A009320,P00653,38,0.317,Neurology,2026-02-24,5,2026-03-01,6387.52,5,Home
A009514,P00653,38,0.317,General Surgery,2026-04-19,8,2026-04-27,10258.31,4,Home
A009530,P00653,38,0.317,Emergency,2026-05-03,1,2026-05-04,947.3,3,Home
A009624,P00653,38,0.317,ICU,2026-05-26,2,2026-05-28,4556.15,5,Home
A009671,P00653,38,0.317,Emergency,2026-09-21,15,2026-10-06,12733.05,11,Home
A000083,P00654,7,0.305,Orthopedics,2024-12-15,2,2024-12-17,2697.82,2,Home Health Care
A001365,P00654,7,0.305,Cardiology,2024-12-21,1,2024-12-22,2228.01,7,Home
A001454,P00654,7,0.305,General Surgery,2025-03-09,1,2025-03-10,1280.21,5,Home Health Care
A004675,P00654,7,0.305,General Surgery,2025-05-24,4,2025-05-28,5865.93,3,Home
A006337,P00654,7,0.305,Orthopedics,2025-08-25,7,2025-09-01,10212.28,3,Home
A006694,P00654,7,0.305,Emergency,2026-04-17,13,2026-04-30,14403.38,5,Home
A000357,P00655,43,0.024,General Surgery,2024-11-25,1,2024-11-26,1791.36,4,Home Health Care
A000388,P00655,43,0.024,ICU,2024-11-27,5,2024-12-02,15116.15,2,Home
A001685,P00655,43,0.024,Orthopedics,2024-12-12,8,2024-12-20,10189.71,8,Home
A002838,P00655,43,0.024,ICU,2025-02-13,2,2025-02-15,5892.74,5,Home
A003722,P00655,43,0.024,ICU,2025-07-05,4,2025-07-09,8814.43,4,Home
A005598,P00655,43,0.024,Emergency,2026-09-05,2,2026-09-07,1594.24,2,Home
A000584,P00656,66,0.309,Orthopedics,2024-10-16,2,2024-10-18,3164.34,9,Home
A002081,P00656,66,0.309,Emergency,2024-10-30,12,2024-11-11,9659.63,3,Home
A002834,P00656,66,0.309,Cardiology,2025-02-04,6,2025-02-10,9897.12,5,Home
A002857,P00656,66,0.309,Neurology,2025-09-03,15,2025-09-18,20049.09,6,Against Medical Advice
A006341,P00656,66,0.309,Neurology,2025-12-04,1,2025-12-05,1229.92,4,Home
A007172,P00656,66,0.309,Orthopedics,2026-01-08,4,2026-01-12,5225.97,11,Home
A007493,P00656,66,0.309,Emergency,2026-01-17,6,2026-01-23,5474.37,3,Home
A000663,P00657,60,0.305,Emergency,2024-12-04,6,2024-12-10,6068.62,6,Skilled Nursing Facility
A001687,P00657,60,0.305,Emergency,2025-01-27,13,2025-02-09,12691.09,4,Home
A003751,P00657,60,0.305,General Surgery,2025-03-02,1,2025-03-03,1672.37,6,Home
A005427,P00657,60,0.305,General Surgery,2025-10-09,2,2025-10-11,3433.88,2,Skilled Nursing Facility
A007051,P00657,60,0.305,General Surgery,2025-10-29,2,2025-10-31,3417.03,7,Home Health Care
A007668,P00657,60,0.305,Emergency,2026-07-05,4,2026-07-09,4283.79,4,Skilled Nursing Facility
A009489,P00657,60,0.305,Orthopedics,2026-08-19,19,2026-09-07,29646.94,5,Home Health Care
A000355,P00658,61,0.407,Orthopedics,2025-01-17,6,2025-01-23,9226.54,10,Home Health Care
A006803,P00658,61,0.407,Emergency,2025-08-22,8,2025-08-30,6314.81,6,Home Health Care
A008318,P00658,61,0.407,Cardiology,2026-01-12,9,2026-01-21,19775.97,9,Home Health Care
A008372,P00658,61,0.407,Orthopedics,2026-08-27,6,2026-09-02,7630.08,8,Skilled Nursing Facility
A004253,P00659,54,0.113,ICU,2024-11-25,1,2024-11-26,2764.29,3,Home Health Care
A005492,P00659,54,0.113,ICU,2024-12-11,15,2024-12-26,41756.67,4,Home Health Care
A005595,P00659,54,0.113,Cardiology,2025-01-04,2,2025-01-06,4193.49,7,Home
A006062,P00659,54,0.113,Emergency,2025-01-09,3,2025-01-12,3068.92,6,Home
A006612,P00659,54,0.113,ICU,2025-02-16,8,2025-02-24,24099.62,3,Home
A007384,P00659,54,0.113,Neurology,2025-10-29,10,2025-11-08,15904.78,2,Skilled Nursing Facility
A007746,P00659,54,0.113,General Surgery,2025-11-27,1,2025-11-28,1383.73,3,Home
A007752,P00659,54,0.113,Emergency,2026-05-04,3,2026-05-07,2887.34,6,Home
A008082,P00659,54,0.113,Neurology,2026-09-16,6,2026-09-22,8971.65,2,Home
A000894,P00660,51,0.041,General Surgery,2025-01-20,6,2025-01-26,9425.86,4,Home Health Care
A002528,P00660,51,0.041,Emergency,2025-03-20,8,2025-03-28,7340.6,7,Home
A003138,P00660,51,0.041,Emergency,2025-10-04,3,2025-10-07,2526.46,4,Skilled Nursing Facility
A004549,P00660,51,0.041,General Surgery,2025-10-23,1,2025-10-24,1505.68,6,Home
A005305,P00660,51,0.041,Emergency,2026-04-01,4,2026-04-05,3897.0,2,Home
A005315,P00660,51,0.041,Neurology,2026-04-13,2,2026-04-15,2673.41,5,Home
A000583,P00661,38,0.068,General Surgery,2025-02-16,5,2025-02-21,7663.03,3,Home
A005162,P00661,38,0.068,Neurology,2025-04-01,11,2025-04-12,18697.58,3,Home
A006332,P00661,38,0.068,Emergency,2025-10-26,1,2025-10-27,965.66,9,Home
A006638,P00661,38,0.068,Neurology,2025-12-07,2,2025-12-09,2683.43,4,Home Health Care
A006698,P00661,38,0.068,ICU,2025-12-10,1,2025-12-11,2932.81,5,Home Health Care
A007380,P00661,38,0.068,Emergency,2026-06-22,2,2026-06-24,1665.62,4,Skilled Nursing Facility
A007714,P00661,38,0.068,Neurology,2026-08-03,4,2026-08-07,4845.96,2,Skilled Nursing Facility
A002219,P00662,61,0.237,ICU,2024-12-30,4,2025-01-03,9677.52,4,Home
A004103,P00662,61,0.237,ICU,2025-02-11,20,2025-03-03,49029.21,6,Home
A004860,P00662,61,0.237,Neurology,2025-04-11,1,2025-04-12,1327.57,7,Home Health Care
A005419,P00662,61,0.237,ICU,2026-05-24,6,2026-05-30,18057.62,2,Home
A000854,P00663,36,0.385,Emergency,2024-12-19,4,2024-12-23,4004.84,6,Home Health Care
A001691,P00663,36,0.385,Cardiology,2025-01-09,2,2025-01-11,4263.76,6,Against Medical Advice
A005667,P00663,36,0.385,Emergency,2025-01-20,4,2025-01-24,4033.58,5,Home
A007214,P00663,36,0.385,Emergency,2025-08-27,1,2025-08-28,874.32,5,Home Health Care
A001159,P00664,63,0.344,Cardiology,2024-10-01,2,2024-10-03,3664.08,4,Home Health Care
A003039,P00664,63,0.344,Emergency,2024-11-17,9,2024-11-26,7806.09,2,Home
A004041,P00664,63,0.344,General Surgery,2025-11-06,4,2025-11-10,7358.44,6,Home
A004297,P00664,63,0.344,Emergency,2025-12-31,4,2026-01-04,3305.36,6,Home Health Care
A005284,P00664,63,0.344,ICU,2026-05-30,5,2026-06-04,14998.96,8,Home
A000601,P00665,82,0.455,ICU,2025-01-28,9,2025-02-06,21795.36,6,Home
A002868,P00665,82,0.455,General Surgery,2025-05-11,5,2025-05-16,9207.61,7,Home Health Care
A002964,P00665,82,0.455,Orthopedics,2025-07-22,6,2025-07-28,8724.03,11,Home
A003120,P00665,82,0.455,Neurology,2026-03-24,5,2026-03-29,6368.94,6,Home Health Care
A005774,P00665,82,0.455,Cardiology,2026-04-23,11,2026-05-04,20404.6,5,Against Medical Advice
A005893,P00665,82,0.455,ICU,2026-05-16,7,2026-05-23,14893.46,4,Home
A005968,P00665,82,0.455,Emergency,2026-06-02,1,2026-06-03,1096.92,8,Home Health Care
A002181,P00666,87,0.566,Emergency,2024-12-16,2,2024-12-18,1987.85,8,Skilled Nursing Facility
A003523,P00666,87,0.566,ICU,2024-12-30,1,2024-12-31,2779.79,3,Home Health Care
A003753,P00666,87,0.566,Neurology,2025-01-15,1,2025-01-16,1244.37,7,Home
A004900,P00666,87,0.566,Neurology,2025-07-28,5,2025-08-02,7107.2,15,Against Medical Advice
A006615,P00666,87,0.566,Orthopedics,2025-08-27,2,2025-08-29,2892.9,13,Skilled Nursing Facility
A006868,P00666,87,0.566,Orthopedics,2025-10-20,7,2025-10-27,10848.03,5,Home
A007721,P00666,87,0.566,Emergency,2025-11-02,6,2025-11-08,6063.48,3,Home Health Care
A008104,P00666,87,0.566,Emergency,2025-11-15,3,2025-11-18,3222.12,3,Home
A008319,P00666,87,0.566,Cardiology,2026-03-14,2,2026-03-16,3278.82,6,Against Medical Advice
A008688,P00666,87,0.566,General Surgery,2026-04-12,6,2026-04-18,10148.46,3,Home Health Care
A008721,P00666,87,0.566,Emergency,2026-05-30,12,2026-06-11,9423.48,9,Home Health Care
A008798,P00666,87,0.566,Emergency,2026-06-23,11,2026-07-04,9815.29,5,Home Health Care
A002840,P00667,60,0.71,Emergency,2024-11-09,4,2024-11-13,4158.51,6,Home Health Care
A003707,P00667,60,0.71,Cardiology,2024-11-16,2,2024-11-18,3171.68,3,Home
A005450,P00667,60,0.71,Emergency,2025-01-25,5,2025-01-30,4758.94,8,Home Health Care
A005971,P00667,60,0.71,General Surgery,2025-03-13,14,2025-03-27,25335.35,10,Home
A008073,P00667,60,0.71,Cardiology,2025-09-18,9,2025-09-27,19366.87,2,Home
A008996,P00667,60,0.71,Emergency,2025-12-19,14,2026-01-02,11919.42,10,Home
A009341,P00667,60,0.71,Emergency,2026-08-03,5,2026-08-08,4712.62,6,Skilled Nursing Facility
A009527,P00667,60,0.71,Emergency,2026-08-22,3,2026-08-25,2305.83,12,Home
A009543,P00667,60,0.71,Emergency,2026-09-16,3,2026-09-19,3250.22,11,Skilled Nursing Facility
A003736,P00668,37,0.417,Orthopedics,2025-01-26,1,2025-01-27,1196.24,7,Home
A004971,P00668,37,0.417,General Surgery,2025-11-05,5,2025-11-10,9019.51,5,Home
A007776,P00668,37,0.417,General Surgery,2026-02-19,2,2026-02-21,3434.33,5,Home Health Care
A008173,P00668,37,0.417,General Surgery,2026-09-20,1,2026-09-21,1395.6,7,Home
A000359,P00669,70,0.057,General Surgery,2024-11-17,1,2024-11-18,1368.35,3,Skilled Nursing Facility
A001119,P00669,70,0.057,Emergency,2025-04-20,1,2025-04-21,1013.99,5,Home
A001537,P00669,70,0.057,Cardiology,2026-02-15,3,2026-02-18,5644.21,2,Home Health Care
A001311,P00670,65,0.61,Emergency,2024-12-23,28,2025-01-20,22769.99,3,Skilled Nursing Facility
A004036,P00670,65,0.61,Neurology,2025-02-11,1,2025-02-12,1338.06,8,Home Health Care
A004160,P00670,65,0.61,General Surgery,2025-05-25,6,2025-05-31,8600.37,7,Skilled Nursing Facility
A006410,P00670,65,0.61,ICU,2025-06-12,2,2025-06-14,4774.13,9,Against Medical Advice
A006616,P00670,65,0.61,General Surgery,2025-07-28,2,2025-07-30,3517.94,8,Home
A006722,P00670,65,0.61,Emergency,2026-02-07,10,2026-02-17,8940.9,7,Home
A006797,P00670,65,0.61,General Surgery,2026-04-17,1,2026-04-18,1781.83,5,Home
A007018,P00670,65,0.61,Neurology,2026-09-03,3,2026-09-06,3923.98,4,Skilled Nursing Facility
A007433,P00670,65,0.61,ICU,2026-09-15,10,2026-09-25,25336.94,5,Home
A000549,P00671,82,0.109,General Surgery,2024-11-29,4,2024-12-03,7135.02,6,Home
A001431,P00671,82,0.109,Neurology,2025-04-11,2,2025-04-13,2989.89,3,Home
A002900,P00671,82,0.109,ICU,2025-04-25,8,2025-05-03,20521.52,2,Skilled Nursing Facility
A003275,P00671,82,0.109,Emergency,2025-05-09,3,2025-05-12,3146.11,4,Home
A003315,P00671,82,0.109,ICU,2025-06-12,2,2025-06-14,5061.7,1,Home
A003437,P00671,82,0.109,Emergency,2026-02-24,4,2026-02-28,3484.89,4,Home
A001445,P00672,77,0.471,Neurology,2024-12-20,7,2024-12-27,10527.54,5,Skilled Nursing Facility
A003822,P00672,77,0.471,Emergency,2025-01-17,3,2025-01-20,3253.52,7,Home
A004961,P00672,77,0.471,Emergency,2025-05-16,1,2025-05-17,958.0,2,Home
A005832,P00672,77,0.471,Orthopedics,2025-06-17,5,2025-06-22,7897.05,3,Home
A006827,P00672,77,0.471,General Surgery,2025-11-23,8,2025-12-01,13009.17,6,Home Health Care
A007791,P00672,77,0.471,ICU,2025-12-14,16,2025-12-30,43249.8,15,Home
A008405,P00672,77,0.471,General Surgery,2026-07-01,5,2026-07-06,8990.42,6,Home Health Care
A008518,P00672,77,0.471,ICU,2026-07-29,16,2026-08-14,43921.16,7,Home Health Care
A002184,P00673,17,0.49,General Surgery,2024-12-04,2,2024-12-06,2586.51,10,Home
A002531,P00673,17,0.49,Emergency,2025-07-11,4,2025-07-15,3086.32,1,Home Health Care
A005264,P00673,17,0.49,Cardiology,2025-10-13,2,2025-10-15,3102.48,6,Home
A005288,P00673,17,0.49,Neurology,2026-03-14,9,2026-03-23,11599.73,2,Skilled Nursing Facility
A006484,P00673,17,0.49,General Surgery,2026-04-10,13,2026-04-23,21932.83,7,Home
A007664,P00673,17,0.49,Neurology,2026-05-12,6,2026-05-18,7144.66,3,Home Health Care
A001611,P00674,36,0.16,General Surgery,2024-12-03,1,2024-12-04,1803.55,3,Home Health Care
A001612,P00674,36,0.16,Cardiology,2025-05-30,3,2025-06-02,6157.42,8,Home
A001931,P00674,36,0.16,Emergency,2025-06-16,1,2025-06-17,1061.36,4,Home
A004897,P00674,36,0.16,Cardiology,2025-07-20,1,2025-07-21,1662.97,1,Skilled Nursing Facility
A005416,P00674,36,0.16,Emergency,2025-07-25,7,2025-08-01,5549.72,4,Home
A006033,P00674,36,0.16,Emergency,2025-08-19,10,2025-08-29,11132.17,1,Home
A008091,P00674,36,0.16,General Surgery,2025-08-31,3,2025-09-03,5390.4,6,Home
A008148,P00674,36,0.16,General Surgery,2025-11-09,4,2025-11-13,7241.61,6,Skilled Nursing Facility
A008302,P00674,36,0.16,Emergency,2025-11-15,4,2025-11-19,3886.7,5,Home
A009045,P00674,36,0.16,Emergency,2025-12-20,2,2025-12-22,2237.74,2,Skilled Nursing Facility
A009314,P00674,36,0.16,ICU,2026-04-05,1,2026-04-06,2350.16,4,Skilled Nursing Facility
A009349,P00674,36,0.16,Emergency,2026-04-19,1,2026-04-20,896.27,3,Home
A009561,P00674,36,0.16,General Surgery,2026-05-06,8,2026-05-14,12606.74,3,Skilled Nursing Facility
A009636,P00674,36,0.16,ICU,2026-08-03,3,2026-08-06,7093.81,3,Home
A002994,P00675,37,0.27,Emergency,2025-02-13,2,2025-02-15,2246.6,9,Home Health Care
A004813,P00675,37,0.27,Neurology,2025-12-10,3,2025-12-13,4395.07,5,Home Health Care
A005811,P00675,37,0.27,General Surgery,2025-12-21,6,2025-12-27,8098.58,9,Home
A008358,P00675,37,0.27,Emergency,2026-01-02,1,2026-01-03,1102.28,6,Skilled Nursing Facility
A008693,P00675,37,0.27,Emergency,2026-04-21,10,2026-05-01,8319.76,1,Home
A003027,P00676,51,0.186,Emergency,2024-09-26,1,2024-09-27,802.94,1,Home Health Care
A004309,P00676,51,0.186,Neurology,2025-02-03,1,2025-02-04,1665.08,7,Home Health Care
A005645,P00676,51,0.186,Emergency,2025-04-19,7,2025-04-26,7050.99,6,Home
A005966,P00676,51,0.186,Emergency,2025-07-05,5,2025-07-10,4166.09,3,Skilled Nursing Facility
A006080,P00676,51,0.186,Orthopedics,2026-02-14,4,2026-02-18,6255.97,5,Skilled Nursing Facility
A007028,P00676,51,0.186,Orthopedics,2026-03-14,3,2026-03-17,4681.19,6,Against Medical Advice
A007690,P00676,51,0.186,Emergency,2026-03-24,2,2026-03-26,1561.83,3,Home
A001971,P00677,51,0.259,Emergency,2025-02-03,1,2025-02-04,1007.46,6,Against Medical Advice
A002157,P00677,51,0.259,Cardiology,2025-03-02,3,2025-03-05,5639.36,6,Skilled Nursing Facility
A003281,P00677,51,0.259,ICU,2026-08-03,1,2026-08-04,2647.17,9,Home Health Care
A000148,P00678,57,0.323,Emergency,2024-11-11,6,2024-11-17,4747.61,9,Against Medical Advice
A002502,P00678,57,0.323,ICU,2024-11-18,2,2024-11-20,4935.47,6,Home
A003001,P00678,57,0.323,Cardiology,2025-02-24,12,2025-03-08,26259.31,1,Home
A003891,P00678,57,0.323,Cardiology,2025-07-04,1,2025-07-05,1583.93,3,Home Health Care
A004886,P00678,57,0.323,Emergency,2025-09-21,2,2025-09-23,1891.3,3,Home
A004944,P00678,57,0.323,ICU,2025-11-06,3,2025-11-09,6410.99,3,Home
A005133,P00678,57,0.323,Emergency,2025-12-22,11,2026-01-02,11113.79,8,Home
A007817,P00678,57,0.323,Emergency,2026-01-04,7,2026-01-11,7600.05,5,Skilled Nursing Facility
A007888,P00678,57,0.323,Cardiology,2026-04-14,4,2026-04-18,8294.54,3,Home Health Care
A008683,P00678,57,0.323,Emergency,2026-08-01,1,2026-08-02,836.07,1,Skilled Nursing Facility
A008987,P00678,57,0.323,General Surgery,2026-09-05,8,2026-09-13,14029.05,1,Skilled Nursing Facility
A000392,P00679,39,0.321,Neurology,2024-10-15,1,2024-10-16,1710.8,7,Against Medical Advice
A000978,P00679,39,0.321,Emergency,2025-05-21,8,2025-05-29,7295.08,7,Home
A001781,P00679,39,0.321,Neurology,2025-12-09,4,2025-12-13,5862.38,9,Home
A002700,P00679,39,0.321,Cardiology,2026-03-26,2,2026-03-28,3344.3,7,Home
A003949,P00679,39,0.321,Emergency,2026-04-23,10,2026-05-03,9199.92,2,Home Health Care
A000044,P00680,19,0.478,ICU,2024-11-24,7,2024-12-01,20418.35,5,Home
A000313,P00680,19,0.478,Neurology,2025-01-17,3,2025-01-20,4064.46,6,Skilled Nursing Facility
A000812,P00680,19,0.478,Emergency,2025-04-26,12,2025-05-08,9290.36,3,Home
A000935,P00680,19,0.478,General Surgery,2025-06-12,1,2025-06-13,1501.5,8,Home Health Care
A002133,P00680,19,0.478,ICU,2026-01-10,1,2026-01-11,2495.6,6,Home Health Care
A002155,P00680,19,0.478,Cardiology,2026-02-06,7,2026-02-13,14297.73,10,Home Health Care
A003507,P00680,19,0.478,Emergency,2026-07-24,2,2026-07-26,1807.38,7,Home
A000377,P00681,69,0.192,Emergency,2025-01-06,2,2025-01-08,1839.28,4,Home
A001911,P00681,69,0.192,Emergency,2025-01-11,4,2025-01-15,3865.56,3,Home
A005814,P00681,69,0.192,Emergency,2025-12-17,2,2025-12-19,1622.98,3,Skilled Nursing Facility
A006181,P00681,69,0.192,Neurology,2025-12-21,13,2026-01-03,18895.51,6,Home Health Care
A007536,P00681,69,0.192,Emergency,2026-01-26,4,2026-01-30,3541.17,2,Home
A008156,P00681,69,0.192,Cardiology,2026-04-21,1,2026-04-22,2160.89,3,Skilled Nursing Facility
A009080,P00681,69,0.192,Orthopedics,2026-05-02,2,2026-05-04,2946.37,3,Home
A009119,P00681,69,0.192,General Surgery,2026-06-17,6,2026-06-23,10257.81,4,Home
A000570,P00682,41,0.459,ICU,2025-01-27,20,2025-02-16,50443.05,4,Skilled Nursing Facility
A000599,P00682,41,0.459,Emergency,2025-03-22,5,2025-03-27,4161.92,6,Home
A000907,P00682,41,0.459,ICU,2025-03-30,4,2025-04-03,10523.47,5,Home
A001549,P00682,41,0.459,Emergency,2025-07-02,2,2025-07-04,2165.34,6,Home
A005090,P00682,41,0.459,Orthopedics,2025-08-28,18,2025-09-15,25578.03,3,Home
A005813,P00682,41,0.459,Neurology,2026-03-25,6,2026-03-31,8618.7,7,Home Health Care
A006747,P00682,41,0.459,ICU,2026-05-27,4,2026-05-31,11129.71,11,Home
A007367,P00682,41,0.459,Emergency,2026-08-26,1,2026-08-27,840.92,6,Home
A001261,P00683,23,0.275,Cardiology,2025-02-13,1,2025-02-14,1957.21,7,Home
A002946,P00683,23,0.275,Cardiology,2025-09-25,6,2025-10-01,9378.35,3,Home
A003115,P00684,59,0.288,Emergency,2024-11-24,12,2024-12-06,12750.99,8,Home
A005165,P00684,59,0.288,Cardiology,2025-05-20,6,2025-05-26,11375.08,7,Home
A006909,P00684,59,0.288,ICU,2025-08-19,5,2025-08-24,11333.22,3,Home
A006929,P00684,59,0.288,Emergency,2025-09-30,10,2025-10-10,10970.59,8,Home
A007160,P00684,59,0.288,ICU,2026-05-01,2,2026-05-03,4697.61,7,Home
A007983,P00684,59,0.288,ICU,2026-06-20,6,2026-06-26,14703.63,2,Home
A008224,P00684,59,0.288,Orthopedics,2026-07-11,16,2026-07-27,19553.63,1,Against Medical Advice
A008888,P00684,59,0.288,ICU,2026-08-12,3,2026-08-15,8691.65,6,Home
A002105,P00685,43,0.107,Neurology,2025-01-23,9,2025-02-01,13525.94,1,Home
A002675,P00685,43,0.107,Emergency,2025-04-07,1,2025-04-08,937.54,2,Home Health Care
A002738,P00685,43,0.107,ICU,2025-08-18,4,2025-08-22,10937.87,2,Home Health Care
A004712,P00685,43,0.107,General Surgery,2026-02-06,11,2026-02-17,14305.59,2,Home
A005292,P00685,43,0.107,ICU,2026-03-17,3,2026-03-20,8379.77,6,Home
A004056,P00686,60,0.603,Cardiology,2025-01-27,2,2025-01-29,3786.31,4,Skilled Nursing Facility
A006096,P00686,60,0.603,Orthopedics,2025-02-14,13,2025-02-27,19614.46,8,Home
A006729,P00686,60,0.603,ICU,2025-07-23,3,2025-07-26,6490.75,16,Skilled Nursing Facility
A008753,P00686,60,0.603,Emergency,2025-11-09,6,2025-11-15,6723.99,5,Home
A009392,P00686,60,0.603,General Surgery,2025-11-29,31,2025-12-30,40652.61,8,Home
A009406,P00686,60,0.603,Orthopedics,2026-01-29,26,2026-02-24,33340.52,5,Home
A000194,P00687,67,0.312,General Surgery,2025-01-16,3,2025-01-19,4013.2,8,Against Medical Advice
A002242,P00687,67,0.312,Orthopedics,2025-02-16,2,2025-02-18,3099.11,4,Home
A004223,P00687,67,0.312,Orthopedics,2025-06-05,4,2025-06-09,5311.67,5,Home
A005817,P00687,67,0.312,General Surgery,2025-12-16,3,2025-12-19,5306.37,4,Skilled Nursing Facility
A008364,P00687,67,0.312,ICU,2026-04-05,12,2026-04-17,34050.11,2,Home
A008433,P00687,67,0.312,General Surgery,2026-04-22,7,2026-04-29,13026.72,1,Home
A008609,P00687,67,0.312,Orthopedics,2026-05-20,23,2026-06-12,31576.94,3,Skilled Nursing Facility
A008676,P00687,67,0.312,Orthopedics,2026-08-28,1,2026-08-29,1222.13,6,Home Health Care
A001092,P00688,44,0.523,Cardiology,2024-09-28,10,2024-10-08,15368.84,5,Home
A001233,P00688,44,0.523,General Surgery,2025-06-06,4,2025-06-10,6084.49,3,Skilled Nursing Facility
A001539,P00688,44,0.523,Emergency,2025-06-13,2,2025-06-15,1746.84,6,Home
A002336,P00688,44,0.523,Neurology,2026-02-18,3,2026-02-21,3690.02,5,Home
A003817,P00688,44,0.523,General Surgery,2026-04-08,4,2026-04-12,5267.03,5,Home
A004816,P00688,44,0.523,Emergency,2026-04-23,11,2026-05-04,10134.63,4,Home
A006013,P00688,44,0.523,Cardiology,2026-08-18,7,2026-08-25,14715.01,5,Home
A001555,P00689,51,0.539,Emergency,2024-10-17,1,2024-10-18,922.52,7,Home
A002223,P00689,51,0.539,General Surgery,2024-12-28,5,2025-01-02,9271.19,9,Home Health Care
A003648,P00689,51,0.539,Emergency,2025-06-10,7,2025-06-17,7363.19,4,Home Health Care
A005560,P00689,51,0.539,Emergency,2025-08-01,1,2025-08-02,953.76,6,Against Medical Advice
A006474,P00689,51,0.539,ICU,2025-10-15,2,2025-10-17,4526.51,7,Home
A007124,P00689,51,0.539,Cardiology,2026-05-11,1,2026-05-12,2071.51,5,Home
A008344,P00689,51,0.539,Orthopedics,2026-06-04,5,2026-06-09,6287.19,4,Skilled Nursing Facility
A008424,P00689,51,0.539,Emergency,2026-06-15,10,2026-06-25,7725.91,10,Home
A000620,P00690,81,0.225,Neurology,2024-12-08,7,2024-12-15,9291.3,1,Home
A005608,P00690,81,0.225,Emergency,2025-01-20,3,2025-01-23,2699.44,4,Home
A007735,P00690,81,0.225,Cardiology,2025-01-27,2,2025-01-29,4487.95,4,Home
A008640,P00690,81,0.225,General Surgery,2025-06-02,1,2025-06-03,1536.37,4,Home
A009246,P00690,81,0.225,Emergency,2025-11-17,3,2025-11-20,3266.88,2,Home
A009299,P00690,81,0.225,Orthopedics,2025-11-27,5,2025-12-02,7453.52,6,Home
A009476,P00690,81,0.225,ICU,2026-02-04,5,2026-02-09,11529.68,3,Home
A009521,P00690,81,0.225,Orthopedics,2026-06-29,7,2026-07-06,10161.53,5,Home
A009531,P00690,81,0.225,Emergency,2026-09-16,3,2026-09-19,2681.38,7,Skilled Nursing Facility
A000107,P00691,68,0.481,Emergency,2024-11-19,7,2024-11-26,7351.99,4,Home
A000714,P00691,68,0.481,Emergency,2025-02-14,3,2025-02-17,2539.06,8,Home Health Care
A001336,P00691,68,0.481,Neurology,2025-04-17,1,2025-04-18,1197.29,10,Home Health Care
A001898,P00691,68,0.481,Emergency,2025-06-14,5,2025-06-19,5592.75,4,Skilled Nursing Facility
A002332,P00691,68,0.481,Neurology,2025-07-06,1,2025-07-07,1406.48,6,Home Health Care
A002418,P00691,68,0.481,ICU,2026-03-20,2,2026-03-22,5757.62,3,Home
A002658,P00691,68,0.481,General Surgery,2026-04-26,6,2026-05-02,10261.8,3,Home
A005314,P00691,68,0.481,General Surgery,2026-06-21,12,2026-07-03,16134.18,8,Home
A001243,P00692,70,0.048,ICU,2025-01-05,12,2025-01-17,36263.56,2,Home
A003339,P00692,70,0.048,General Surgery,2025-04-10,8,2025-04-18,11081.2,4,Home Health Care
A004483,P00692,70,0.048,Neurology,2025-07-03,1,2025-07-04,1719.01,2,Skilled Nursing Facility
A006815,P00692,70,0.048,Cardiology,2025-08-30,2,2025-09-01,3088.85,3,Home
A007242,P00692,70,0.048,Emergency,2026-08-28,2,2026-08-30,2229.63,6,Home
A000045,P00693,78,0.278,Emergency,2024-11-25,4,2024-11-29,4371.54,3,Home
A000287,P00693,78,0.278,Cardiology,2025-03-15,3,2025-03-18,6571.85,4,Skilled Nursing Facility
A002265,P00693,78,0.278,Emergency,2025-04-22,1,2025-04-23,933.39,11,Home
A002612,P00693,78,0.278,Orthopedics,2025-04-27,1,2025-04-28,1449.43,6,Home
A004224,P00693,78,0.278,Emergency,2026-04-14,5,2026-04-19,3979.43,5,Home
A004964,P00693,78,0.278,Cardiology,2026-08-01,4,2026-08-05,8484.28,7,Skilled Nursing Facility
A008679,P00693,78,0.278,General Surgery,2026-08-10,3,2026-08-13,5309.92,8,Home Health Care
A000138,P00694,65,0.451,Neurology,2024-12-11,5,2024-12-16,8089.46,2,Home
A001584,P00694,65,0.451,ICU,2025-06-05,1,2025-06-06,2860.62,3,Home
A001674,P00694,65,0.451,General Surgery,2026-08-10,6,2026-08-16,10179.89,8,Home
A005611,P00695,69,0.115,ICU,2024-12-27,9,2025-01-05,19905.01,3,Home
A007551,P00695,69,0.115,Emergency,2025-04-03,3,2025-04-06,2334.51,10,Home
A008764,P00695,69,0.115,General Surgery,2025-07-20,1,2025-07-21,1545.88,4,Home
A009025,P00695,69,0.115,Orthopedics,2026-02-10,12,2026-02-22,16594.42,2,Home Health Care
A009052,P00695,69,0.115,Neurology,2026-04-07,7,2026-04-14,11084.87,2,Against Medical Advice
A009309,P00695,69,0.115,General Surgery,2026-04-15,3,2026-04-18,4928.89,3,Home
A001021,P00696,66,0.25,Emergency,2025-01-23,2,2025-01-25,2064.83,3,Home Health Care
A002495,P00696,66,0.25,Emergency,2025-02-25,4,2025-03-01,4090.17,4,Home
A006793,P00696,66,0.25,Orthopedics,2025-08-30,4,2025-09-03,5372.03,5,Home
A007443,P00696,66,0.25,Neurology,2025-09-17,3,2025-09-20,4245.33,3,Home
A007583,P00696,66,0.25,ICU,2026-01-21,1,2026-01-22,2483.38,5,Home Health Care
A001834,P00697,27,0.62,Neurology,2025-02-12,3,2025-02-15,4431.27,4,Skilled Nursing Facility
A002879,P00697,27,0.62,ICU,2025-03-25,6,2025-03-31,17270.99,9,Home
A004554,P00697,27,0.62,Emergency,2025-05-04,17,2025-05-21,13649.79,2,Home
A006210,P00697,27,0.62,Emergency,2026-04-08,5,2026-04-13,5201.26,6,Home
A006418,P00697,27,0.62,General Surgery,2026-07-14,6,2026-07-20,7889.3,2,Skilled Nursing Facility
A006805,P00697,27,0.62,Cardiology,2026-07-23,2,2026-07-25,4103.49,4,Home
A007275,P00697,27,0.62,General Surgery,2026-08-16,11,2026-08-27,14833.59,4,Skilled Nursing Facility
A007887,P00697,27,0.62,ICU,2026-09-14,16,2026-09-30,40434.85,9,Home
A001048,P00698,70,0.524,Emergency,2025-02-06,5,2025-02-11,5425.72,4,Home
A001380,P00698,70,0.524,Emergency,2026-01-31,5,2026-02-05,5529.76,2,Home
A001522,P00698,70,0.524,Emergency,2026-05-31,12,2026-06-12,9303.69,4,Against Medical Advice
A001842,P00698,70,0.524,General Surgery,2026-06-14,17,2026-07-01,27396.26,5,Home
A002671,P00699,77,0.409,Emergency,2024-12-21,4,2024-12-25,3899.84,8,Home
A003024,P00699,77,0.409,Emergency,2025-03-26,5,2025-03-31,5180.09,5,Home Health Care
A004203,P00699,77,0.409,Neurology,2025-11-05,1,2025-11-06,1729.29,7,Home Health Care
A008138,P00699,77,0.409,General Surgery,2026-02-01,5,2026-02-06,6721.21,6,Home Health Care
A008698,P00699,77,0.409,Emergency,2026-04-23,2,2026-04-25,1726.38,5,Skilled Nursing Facility
A009023,P00699,77,0.409,ICU,2026-06-08,4,2026-06-12,8537.71,4,Skilled Nursing Facility
A002226,P00700,80,0.193,Emergency,2025-01-10,3,2025-01-13,2388.55,0,Home
A004230,P00700,80,0.193,Orthopedics,2025-12-20,12,2026-01-01,13455.63,3,Skilled Nursing Facility
A004608,P00700,80,0.193,General Surgery,2026-04-10,2,2026-04-12,2785.17,5,Home
A005364,P00700,80,0.193,Emergency,2026-05-20,1,2026-05-21,969.15,3,Home
A007820,P00700,80,0.193,Cardiology,2026-06-22,3,2026-06-25,4935.89,3,Home
A007846,P00700,80,0.193,Emergency,2026-09-03,5,2026-09-08,5236.15,6,Home Health Care
A008478,P00700,80,0.193,Emergency,2026-09-15,3,2026-09-18,2413.02,1,Against Medical Advice
A000822,P00701,54,0.321,General Surgery,2025-02-11,3,2025-02-14,3905.39,9,Home
A001568,P00701,54,0.321,ICU,2025-07-25,7,2025-08-01,20992.7,5,Home Health Care
A002521,P00701,54,0.321,Emergency,2025-08-25,1,2025-08-26,890.42,6,Skilled Nursing Facility
A004621,P00701,54,0.321,Orthopedics,2025-10-14,4,2025-10-18,4853.29,6,Home
A005494,P00701,54,0.321,Orthopedics,2026-02-24,1,2026-02-25,1561.18,8,Home
A005498,P00701,54,0.321,Emergency,2026-04-20,8,2026-04-28,7918.95,2,Home Health Care
A006346,P00701,54,0.321,ICU,2026-06-28,1,2026-06-29,2635.12,5,Home Health Care
A006394,P00701,54,0.321,Emergency,2026-09-09,3,2026-09-12,3013.74,2,Home
A001791,P00702,92,0.259,Cardiology,2024-12-17,2,2024-12-19,3711.38,6,Skilled Nursing Facility
A003609,P00702,92,0.259,General Surgery,2025-03-03,16,2025-03-19,29778.98,3,Home
A003746,P00702,92,0.259,Cardiology,2025-06-02,4,2025-06-06,6742.47,2,Home Health Care
A006759,P00702,92,0.259,Emergency,2026-01-30,1,2026-01-31,1056.92,2,Home
A007694,P00702,92,0.259,Emergency,2026-02-14,2,2026-02-16,1625.2,6,Home
A008544,P00702,92,0.259,Cardiology,2026-08-08,6,2026-08-14,12926.68,6,Home
A008783,P00702,92,0.259,Emergency,2026-09-11,2,2026-09-13,1998.59,7,Skilled Nursing Facility
A002613,P00703,87,0.748,Emergency,2024-12-23,2,2024-12-25,2202.31,7,Home
A003093,P00703,87,0.748,General Surgery,2025-01-03,10,2025-01-13,18100.17,12,Home
A003209,P00703,87,0.748,Emergency,2025-03-19,1,2025-03-20,783.9,15,Home Health Care
A006486,P00703,87,0.748,General Surgery,2025-04-05,1,2025-04-06,1580.71,8,Skilled Nursing Facility
A006600,P00703,87,0.748,Orthopedics,2025-04-12,6,2025-04-18,8821.21,8,Against Medical Advice
A006715,P00703,87,0.748,Orthopedics,2025-04-19,7,2025-04-26,10030.23,12,Home
A006985,P00703,87,0.748,Emergency,2025-07-04,1,2025-07-05,774.23,10,Home
A007801,P00703,87,0.748,Orthopedics,2025-07-20,7,2025-07-27,8617.62,8,Home
A007958,P00703,87,0.748,Neurology,2026-03-09,6,2026-03-15,10493.7,10,Home Health Care
A008556,P00703,87,0.748,Emergency,2026-04-10,15,2026-04-25,14508.04,4,Home
A008826,P00703,87,0.748,Orthopedics,2026-07-29,5,2026-08-03,7516.32,4,Home
A000755,P00704,77,0.134,Emergency,2025-01-18,3,2025-01-21,2478.12,7,Home
A002303,P00704,77,0.134,Neurology,2025-10-29,1,2025-10-30,1709.08,6,Home
A005912,P00704,77,0.134,Emergency,2026-02-14,7,2026-02-21,6715.66,2,Home
A007332,P00704,77,0.134,Cardiology,2026-04-25,10,2026-05-05,22213.46,2,Home Health Care
A008512,P00704,77,0.134,General Surgery,2026-09-21,6,2026-09-27,10031.07,2,Home
A000846,P00705,92,0.245,Emergency,2024-12-02,6,2024-12-08,5195.37,6,Home
A004494,P00705,92,0.245,General Surgery,2025-04-20,4,2025-04-24,7161.31,4,Home
A008180,P00705,92,0.245,Orthopedics,2025-09-05,3,2025-09-08,4120.19,5,Skilled Nursing Facility
A008201,P00705,92,0.245,Orthopedics,2026-01-04,3,2026-01-07,4747.29,6,Home
A008310,P00705,92,0.245,Emergency,2026-08-31,6,2026-09-06,6698.6,4,Home Health Care
A000230,P00706,77,0.225,Emergency,2024-12-11,1,2024-12-12,1114.03,3,Home
A002129,P00706,77,0.225,Emergency,2024-12-22,2,2024-12-24,1830.95,1,Home
A003939,P00706,77,0.225,Emergency,2025-02-09,3,2025-02-12,2592.17,3,Home Health Care
A004210,P00706,77,0.225,General Surgery,2025-04-08,8,2025-04-16,12177.6,4,Skilled Nursing Facility
A006160,P00706,77,0.225,Cardiology,2025-05-31,2,2025-06-02,3967.33,6,Home
A006189,P00706,77,0.225,General Surgery,2026-04-28,1,2026-04-29,1564.15,2,Home
A007158,P00706,77,0.225,Cardiology,2026-08-04,2,2026-08-06,3794.03,3,Home Health Care
A000117,P00707,69,0.123,Emergency,2024-11-27,3,2024-11-30,2992.63,4,Home
A000650,P00707,69,0.123,Emergency,2024-12-13,6,2024-12-19,4916.51,4,Home
A000672,P00707,69,0.123,Emergency,2025-05-11,8,2025-05-19,7148.94,4,Home
A000927,P00707,69,0.123,Cardiology,2025-08-16,3,2025-08-19,5306.02,6,Skilled Nursing Facility
A001129,P00707,69,0.123,General Surgery,2026-02-18,1,2026-02-19,1493.54,2,Home
A001823,P00707,69,0.123,General Surgery,2026-06-26,2,2026-06-28,3365.34,2,Home
A003395,P00707,69,0.123,ICU,2026-08-24,8,2026-09-01,23242.71,4,Home
A000382,P00708,58,0.599,Emergency,2024-11-22,6,2024-11-28,5692.17,8,Home
A000750,P00708,58,0.599,General Surgery,2025-01-03,13,2025-01-16,18972.51,7,Home
A001017,P00708,58,0.599,Emergency,2025-02-11,12,2025-02-23,10711.99,4,Home
A002780,P00708,58,0.599,Orthopedics,2025-07-13,7,2025-07-20,11081.87,7,Home Health Care
A003052,P00708,58,0.599,ICU,2025-07-21,4,2025-07-25,9650.58,4,Home
A003452,P00708,58,0.599,Emergency,2026-01-12,13,2026-01-25,10059.04,5,Home Health Care
A004887,P00708,58,0.599,General Surgery,2026-03-10,8,2026-03-18,13327.11,1,Home
A005686,P00708,58,0.599,ICU,2026-04-01,18,2026-04-19,46068.88,7,Home
A006300,P00708,58,0.599,Emergency,2026-06-20,1,2026-06-21,1017.71,6,Skilled Nursing Facility
A006693,P00708,58,0.599,Emergency,2026-07-28,2,2026-07-30,1856.83,5,Home
A000972,P00709,44,0.232,Neurology,2024-10-24,1,2024-10-25,1337.55,1,Home
A001753,P00709,44,0.232,Cardiology,2025-05-04,2,2025-05-06,4169.28,6,Home
A002051,P00709,44,0.232,Emergency,2025-06-03,1,2025-06-04,1015.92,4,Home Health Care
A003948,P00709,44,0.232,ICU,2025-10-21,3,2025-10-24,6879.07,2,Home
A004035,P00709,44,0.232,Neurology,2026-02-17,3,2026-02-20,4949.63,3,Home Health Care
A004899,P00709,44,0.232,General Surgery,2026-03-12,11,2026-03-23,19119.53,4,Home
A005844,P00709,44,0.232,Emergency,2026-08-23,4,2026-08-27,3587.52,4,Home
A000326,P00710,70,0.132,ICU,2024-11-12,10,2024-11-22,30263.87,1,Home
A002491,P00710,70,0.132,Orthopedics,2025-03-09,6,2025-03-15,7202.65,2,Home
A004154,P00710,70,0.132,Emergency,2025-04-14,9,2025-04-23,9796.95,4,Home
A007526,P00710,70,0.132,Neurology,2025-08-13,1,2025-08-14,1709.08,6,Home
A007886,P00710,70,0.132,General Surgery,2025-11-26,5,2025-12-01,8014.66,3,Skilled Nursing Facility
A007964,P00710,70,0.132,Orthopedics,2025-12-03,1,2025-12-04,1404.87,5,Skilled Nursing Facility
A008211,P00710,70,0.132,General Surgery,2025-12-12,10,2025-12-22,14177.07,2,Skilled Nursing Facility
A008225,P00710,70,0.132,General Surgery,2026-02-28,3,2026-03-03,4308.89,4,Home
A002328,P00711,68,0.858,Cardiology,2024-12-13,4,2024-12-17,6669.26,6,Home
A002548,P00711,68,0.858,Neurology,2024-12-28,1,2024-12-29,1246.68,9,Home
A003785,P00711,68,0.858,Emergency,2025-03-10,8,2025-03-18,8563.18,7,Home
A003957,P00711,68,0.858,Emergency,2025-04-08,3,2025-04-11,2669.16,4,Home
A005550,P00711,68,0.858,ICU,2025-06-15,6,2025-06-21,18059.23,7,Home Health Care
A007326,P00711,68,0.858,Emergency,2025-07-05,4,2025-07-09,3878.33,8,Against Medical Advice
A008663,P00711,68,0.858,Emergency,2025-09-09,20,2025-09-29,16577.94,9,Home
A008794,P00711,68,0.858,Emergency,2025-10-06,3,2025-10-09,2523.41,9,Home Health Care
A008993,P00711,68,0.858,Emergency,2025-10-17,1,2025-10-18,883.51,9,Skilled Nursing Facility
A009011,P00711,68,0.858,Orthopedics,2025-11-13,8,2025-11-21,11289.41,8,Home
A009307,P00711,68,0.858,Emergency,2026-08-29,12,2026-09-10,10843.59,5,Home
A003078,P00712,73,0.112,Neurology,2024-10-24,10,2024-11-03,12037.0,3,Home Health Care
A003805,P00712,73,0.112,Emergency,2024-11-09,11,2024-11-20,9894.49,3,Skilled Nursing Facility
A004201,P00712,73,0.112,Neurology,2025-01-01,1,2025-01-02,1273.12,1,Home Health Care
A005551,P00712,73,0.112,Emergency,2025-05-05,3,2025-05-08,2492.86,8,Home Health Care
A005804,P00712,73,0.112,Emergency,2025-11-20,8,2025-11-28,7060.17,2,Against Medical Advice
A005843,P00712,73,0.112,General Surgery,2025-12-03,2,2025-12-05,2834.17,5,Home
A000238,P00713,57,0.204,ICU,2025-02-08,1,2025-02-09,2150.81,1,Against Medical Advice
A002563,P00713,57,0.204,Orthopedics,2025-04-06,3,2025-04-09,3930.09,5,Against Medical Advice
A007388,P00713,57,0.204,Neurology,2025-05-15,3,2025-05-18,3755.9,5,Home
A007459,P00713,57,0.204,General Surgery,2025-05-22,14,2025-06-05,20347.78,2,Against Medical Advice
A007523,P00713,57,0.204,General Surgery,2025-07-21,1,2025-07-22,1519.13,3,Home
A007606,P00713,57,0.204,ICU,2026-07-24,11,2026-08-04,27424.49,4,Home
A000170,P00714,64,0.295,Neurology,2024-11-10,1,2024-11-11,1301.85,5,Skilled Nursing Facility
A001125,P00714,64,0.295,Neurology,2025-01-04,2,2025-01-06,3294.68,8,Home
A002815,P00714,64,0.295,Neurology,2025-01-09,5,2025-01-14,7197.66,5,Home Health Care
A003397,P00714,64,0.295,Emergency,2025-04-04,4,2025-04-08,4408.16,5,Home Health Care
A003901,P00714,64,0.295,ICU,2025-07-13,2,2025-07-15,4300.01,7,Home
A004088,P00714,64,0.295,General Surgery,2026-09-05,5,2026-09-10,8973.65,7,Home
A000385,P00715,43,0.189,General Surgery,2024-11-12,2,2024-11-14,2640.33,1,Home
A001040,P00715,43,0.189,General Surgery,2025-02-22,4,2025-02-26,6046.18,4,Skilled Nursing Facility
A003506,P00715,43,0.189,Emergency,2025-06-03,2,2025-06-05,2140.57,4,Skilled Nursing Facility
A003671,P00715,43,0.189,Emergency,2025-06-10,1,2025-06-11,790.22,2,Skilled Nursing Facility
A007984,P00715,43,0.189,General Surgery,2025-07-23,1,2025-07-24,1674.76,5,Skilled Nursing Facility
A008530,P00715,43,0.189,Neurology,2025-09-22,7,2025-09-29,8517.25,4,Home Health Care
A008825,P00715,43,0.189,Emergency,2026-03-05,8,2026-03-13,8571.21,6,Skilled Nursing Facility
A008883,P00715,43,0.189,ICU,2026-03-15,1,2026-03-16,2954.92,4,Home
A008944,P00715,43,0.189,General Surgery,2026-05-11,1,2026-05-12,1295.39,3,Home
A002526,P00716,39,0.337,Emergency,2024-11-18,8,2024-11-26,7494.36,11,Skilled Nursing Facility
A005681,P00716,39,0.337,Emergency,2025-02-21,5,2025-02-26,5459.06,6,Home Health Care
A007354,P00716,39,0.337,General Surgery,2025-04-22,1,2025-04-23,1388.68,4,Home
A008345,P00716,39,0.337,ICU,2025-04-27,16,2025-05-13,37359.06,7,Home
A009432,P00716,39,0.337,Cardiology,2025-12-16,7,2025-12-23,13602.57,7,Home
A009538,P00716,39,0.337,Emergency,2026-01-14,19,2026-02-02,15904.27,4,Home
A009551,P00716,39,0.337,Neurology,2026-04-03,1,2026-04-04,1365.33,9,Home
A000708,P00717,71,0.285,Neurology,2025-01-25,5,2025-01-30,7957.54,4,Home
A001671,P00717,71,0.285,Neurology,2025-11-09,4,2025-11-13,5418.21,6,Home Health Care
A006301,P00717,71,0.285,Emergency,2026-01-15,3,2026-01-18,3165.63,9,Home
A006734,P00717,71,0.285,Emergency,2026-08-22,14,2026-09-05,13291.64,4,Home
A007205,P00717,71,0.285,General Surgery,2026-09-06,3,2026-09-09,5118.73,5,Home
A002251,P00718,39,0.24,General Surgery,2024-12-03,1,2024-12-04,1598.0,4,Against Medical Advice
A003255,P00718,39,0.24,Emergency,2025-01-08,10,2025-01-18,10378.9,8,Skilled Nursing Facility
A007100,P00718,39,0.24,Emergency,2025-01-29,2,2025-01-31,2246.05,3,Home Health Care
A008446,P00718,39,0.24,General Surgery,2025-06-23,1,2025-06-24,1296.19,5,Home
A008734,P00718,39,0.24,Neurology,2026-02-19,15,2026-03-06,18941.69,4,Against Medical Advice
A008807,P00718,39,0.24,Orthopedics,2026-03-07,2,2026-03-09,2835.9,5,Skilled Nursing Facility
A008926,P00718,39,0.24,Emergency,2026-05-22,2,2026-05-24,2027.68,5,Skilled Nursing Facility
A009236,P00718,39,0.24,Emergency,2026-05-28,3,2026-05-31,3339.18,3,Against Medical Advice
A001598,P00719,100,0.159,General Surgery,2025-02-05,2,2025-02-07,3704.2,3,Home
A005238,P00719,100,0.159,Cardiology,2025-10-22,4,2025-10-26,7652.4,6,Home
A006944,P00719,100,0.159,General Surgery,2025-11-30,4,2025-12-04,5485.34,6,Home
A003326,P00720,41,0.524,Orthopedics,2024-12-05,5,2024-12-10,6118.83,8,Home Health Care
A003590,P00720,41,0.524,Emergency,2025-08-18,3,2025-08-21,3344.52,5,Against Medical Advice
A003932,P00720,41,0.524,ICU,2025-09-18,4,2025-09-22,8946.44,4,Skilled Nursing Facility
A005263,P00720,41,0.524,Emergency,2025-11-16,6,2025-11-22,5199.19,9,Home
A006719,P00720,41,0.524,General Surgery,2025-12-22,2,2025-12-24,3172.95,6,Home
A007316,P00720,41,0.524,ICU,2025-12-25,9,2026-01-03,27803.01,4,Home Health Care
A007416,P00720,41,0.524,Emergency,2026-04-02,1,2026-04-03,1108.59,11,Home
A008189,P00720,41,0.524,ICU,2026-05-15,6,2026-05-21,16844.56,8,Home
A008430,P00720,41,0.524,Emergency,2026-09-13,1,2026-09-14,1018.4,9,Home Health Care
A009185,P00720,41,0.524,Orthopedics,2026-09-20,4,2026-09-24,4680.59,1,Home Health Care
A007728,P00721,93,0.191,ICU,2024-10-19,9,2024-10-28,24177.99,5,Home
A008074,P00721,93,0.191,Emergency,2024-12-02,1,2024-12-03,1100.36,7,Home
A008644,P00721,93,0.191,Neurology,2025-10-17,1,2025-10-18,1442.35,4,Skilled Nursing Facility
A009126,P00721,93,0.191,Orthopedics,2025-11-17,2,2025-11-19,2965.6,6,Home
A009403,P00721,93,0.191,General Surgery,2026-01-01,4,2026-01-05,6476.71,8,Home
A004220,P00722,30,0.211,Emergency,2024-11-12,1,2024-11-13,771.51,2,Home Health Care
A006173,P00722,30,0.211,Emergency,2025-03-09,13,2025-03-22,10671.4,4,Home Health Care
A006243,P00722,30,0.211,Neurology,2025-08-31,30,2025-09-30,52076.22,9,Home
A006646,P00722,30,0.211,ICU,2026-02-16,3,2026-02-19,7766.91,4,Home
A006726,P00722,30,0.211,Cardiology,2026-05-22,3,2026-05-25,5472.72,6,Home
A003191,P00723,48,0.519,Cardiology,2024-12-08,14,2024-12-22,30410.19,5,Home Health Care
A003433,P00723,48,0.519,Emergency,2025-03-08,15,2025-03-23,13131.06,10,Home
A003542,P00723,48,0.519,Orthopedics,2025-04-08,16,2025-04-24,18383.94,8,Home
A004861,P00723,48,0.519,General Surgery,2025-08-26,2,2025-08-28,3614.89,7,Home
A005831,P00723,48,0.519,ICU,2025-11-24,17,2025-12-11,46890.01,5,Home Health Care
A006927,P00723,48,0.519,ICU,2026-01-01,1,2026-01-02,2966.29,3,Home
A007413,P00723,48,0.519,Neurology,2026-01-07,12,2026-01-19,15525.15,2,Home
A007454,P00723,48,0.519,Emergency,2026-08-02,6,2026-08-08,5470.13,6,Home Health Care
A002470,P00724,90,0.221,Emergency,2024-11-21,11,2024-12-02,11545.25,3,Home
A002893,P00724,90,0.221,Emergency,2025-05-11,8,2025-05-19,7175.69,2,Home
A004206,P00724,90,0.221,Emergency,2025-08-08,2,2025-08-10,1942.98,7,Skilled Nursing Facility
A005600,P00724,90,0.221,General Surgery,2025-11-07,1,2025-11-08,1310.25,6,Skilled Nursing Facility
A005629,P00724,90,0.221,Cardiology,2026-04-12,1,2026-04-13,1667.96,1,Home Health Care
A002316,P00725,80,0.121,Emergency,2024-12-25,2,2024-12-27,2183.49,1,Home
A003548,P00725,80,0.121,Neurology,2026-04-08,1,2026-04-09,1198.26,2,Home
A001036,P00726,86,0.408,Orthopedics,2024-11-08,14,2024-11-22,18344.44,4,Home
A001053,P00726,86,0.408,Neurology,2025-03-20,5,2025-03-25,7015.24,4,Home
A002644,P00726,86,0.408,Cardiology,2026-01-23,1,2026-01-24,1583.95,4,Home Health Care
A004626,P00726,86,0.408,Orthopedics,2026-04-17,2,2026-04-19,3019.26,7,Home Health Care
A004828,P00726,86,0.408,Cardiology,2026-05-13,2,2026-05-15,3854.76,3,Home
A005406,P00726,86,0.408,ICU,2026-08-07,1,2026-08-08,2935.33,6,Against Medical Advice
A000305,P00727,54,0.162,Cardiology,2024-12-10,1,2024-12-11,1685.69,3,Home
A001057,P00727,54,0.162,Cardiology,2025-09-15,1,2025-09-16,1755.6,3,Home
A003391,P00727,54,0.162,Orthopedics,2025-09-24,2,2025-09-26,3073.8,3,Home
A004444,P00727,54,0.162,Emergency,2025-12-02,11,2025-12-13,9299.2,3,Home
A005140,P00727,54,0.162,ICU,2026-03-10,13,2026-03-23,36728.45,5,Home
A005169,P00727,54,0.162,General Surgery,2026-09-02,2,2026-09-04,3695.56,4,Home
A001489,P00728,40,0.048,Emergency,2024-09-27,7,2024-10-04,5627.63,4,Home Health Care
A005877,P00728,40,0.048,General Surgery,2025-09-23,4,2025-09-27,6648.56,3,Home
A006482,P00728,40,0.048,Emergency,2026-02-20,2,2026-02-22,1828.43,2,Home Health Care
A007903,P00728,40,0.048,Orthopedics,2026-04-06,5,2026-04-11,7804.94,6,Home Health Care
A008660,P00728,40,0.048,General Surgery,2026-04-14,1,2026-04-15,1777.1,5,Home
A009632,P00728,40,0.048,General Surgery,2026-04-27,9,2026-05-06,12123.27,6,Home
A009641,P00728,40,0.048,ICU,2026-08-17,2,2026-08-19,5627.93,1,Skilled Nursing Facility
A000591,P00729,54,0.496,Emergency,2025-02-07,10,2025-02-17,10932.26,5,Against Medical Advice
A005910,P00729,54,0.496,Orthopedics,2025-07-03,3,2025-07-06,3778.26,6,Home
A006009,P00729,54,0.496,General Surgery,2025-12-17,20,2026-01-06,31804.53,5,Home
A007590,P00729,54,0.496,Emergency,2026-01-16,8,2026-01-24,8715.75,5,Home
A008110,P00729,54,0.496,Cardiology,2026-02-16,12,2026-02-28,23281.94,7,Home Health Care
A008330,P00729,54,0.496,Emergency,2026-03-26,12,2026-04-07,11415.48,6,Against Medical Advice
A008450,P00729,54,0.496,Emergency,2026-06-13,11,2026-06-24,9740.59,11,Home Health Care
A001388,P00730,93,0.245,ICU,2024-10-26,1,2024-10-27,2197.61,1,Home
A007324,P00730,93,0.245,Neurology,2024-12-07,2,2024-12-09,2414.18,6,Home Health Care
A007558,P00730,93,0.245,Emergency,2025-02-04,3,2025-02-07,2539.0,2,Home Health Care
A008169,P00730,93,0.245,Neurology,2025-08-24,4,2025-08-28,6320.38,6,Home Health Care
A008649,P00730,93,0.245,ICU,2025-12-09,6,2025-12-15,16192.48,3,Home
A009149,P00730,93,0.245,Orthopedics,2025-12-17,5,2025-12-22,6291.53,2,Home
A009369,P00730,93,0.245,Orthopedics,2026-01-06,6,2026-01-12,8979.42,1,Home Health Care
A000559,P00731,100,0.359,General Surgery,2024-12-03,16,2024-12-19,27975.11,6,Home
A001279,P00731,100,0.359,Orthopedics,2024-12-30,8,2025-01-07,9190.33,3,Home
A004051,P00731,100,0.359,Emergency,2025-04-08,2,2025-04-10,1556.05,4,Against Medical Advice
A004229,P00731,100,0.359,Emergency,2025-06-03,2,2025-06-05,2233.72,3,Skilled Nursing Facility
A005007,P00731,100,0.359,Orthopedics,2025-09-12,6,2025-09-18,8269.82,8,Against Medical Advice
A005215,P00731,100,0.359,Cardiology,2025-09-30,5,2025-10-05,10304.31,6,Home
A006126,P00731,100,0.359,Orthopedics,2026-01-28,2,2026-01-30,3231.77,6,Home
A006522,P00731,100,0.359,Cardiology,2026-08-19,7,2026-08-26,11684.33,3,Home
A001062,P00732,39,0.132,Cardiology,2024-10-05,3,2024-10-08,6132.01,0,Home
A002453,P00732,39,0.132,Neurology,2024-12-06,3,2024-12-09,4794.23,2,Home
A003941,P00732,39,0.132,General Surgery,2025-02-23,11,2025-03-06,15807.44,4,Home
A004696,P00732,39,0.132,Orthopedics,2025-08-17,2,2025-08-19,2751.22,8,Home
A005447,P00732,39,0.132,Emergency,2025-10-30,9,2025-11-08,8788.1,2,Home
A005591,P00732,39,0.132,General Surgery,2026-03-05,2,2026-03-07,3696.97,4,Home
A006385,P00732,39,0.132,Emergency,2026-06-14,4,2026-06-18,3629.02,3,Home
A007010,P00732,39,0.132,ICU,2026-08-18,3,2026-08-21,8973.91,5,Home
A008234,P00732,39,0.132,General Surgery,2026-09-05,1,2026-09-06,1432.42,4,Against Medical Advice
A000610,P00733,59,0.154,Cardiology,2024-10-07,3,2024-10-10,4722.08,3,Home
A002506,P00733,59,0.154,Neurology,2024-11-05,1,2024-11-06,1560.92,3,Skilled Nursing Facility
A002549,P00733,59,0.154,Emergency,2025-01-30,3,2025-02-02,3199.95,7,Home
A002737,P00733,59,0.154,Orthopedics,2025-02-13,9,2025-02-22,10826.69,10,Against Medical Advice
A004244,P00733,59,0.154,General Surgery,2025-04-01,1,2025-04-02,1568.97,3,Home Health Care
A004435,P00733,59,0.154,Emergency,2025-04-04,4,2025-04-08,3471.09,1,Skilled Nursing Facility
A004634,P00733,59,0.154,Neurology,2025-08-30,1,2025-08-31,1344.64,1,Skilled Nursing Facility
A006051,P00733,59,0.154,Emergency,2025-10-13,5,2025-10-18,4416.6,6,Skilled Nursing Facility
A007211,P00733,59,0.154,Neurology,2026-04-13,2,2026-04-15,3458.24,4,Home
A007271,P00733,59,0.154,Cardiology,2026-07-17,1,2026-07-18,1973.42,5,Home
A002968,P00734,76,0.186,Neurology,2025-02-12,3,2025-02-15,4269.74,7,Home Health Care
A006992,P00734,76,0.186,Emergency,2025-03-18,7,2025-03-25,5360.91,3,Home
A007619,P00734,76,0.186,ICU,2025-08-20,14,2025-09-03,40743.59,0,Home
A008262,P00734,76,0.186,General Surgery,2025-10-12,2,2025-10-14,2575.52,4,Home
A008311,P00734,76,0.186,ICU,2025-12-16,2,2025-12-18,6157.37,2,Home
A008855,P00734,76,0.186,General Surgery,2026-02-18,6,2026-02-24,8822.81,6,Against Medical Advice
A008958,P00734,76,0.186,General Surgery,2026-03-06,1,2026-03-07,1711.49,5,Home
A009533,P00734,76,0.186,General Surgery,2026-07-10,10,2026-07-20,14035.13,4,Home
A001776,P00735,54,0.394,Emergency,2024-12-07,8,2024-12-15,7981.61,3,Home
A003097,P00735,54,0.394,General Surgery,2025-02-23,2,2025-02-25,2565.1,5,Against Medical Advice
A006606,P00735,54,0.394,Emergency,2025-02-26,4,2025-03-02,3578.38,5,Home
A007176,P00735,54,0.394,General Surgery,2025-07-17,3,2025-07-20,4028.21,5,Against Medical Advice
A008007,P00735,54,0.394,Emergency,2025-08-21,1,2025-08-22,894.48,8,Home
A008796,P00735,54,0.394,Emergency,2025-11-12,12,2025-11-24,12959.56,2,Home
A009268,P00735,54,0.394,Emergency,2025-12-01,5,2025-12-06,4159.66,6,Home
A009358,P00735,54,0.394,ICU,2026-06-21,8,2026-06-29,24496.31,5,Home Health Care
A000278,P00736,56,0.147,General Surgery,2024-10-26,1,2024-10-27,1673.61,2,Home
A002659,P00736,56,0.147,Emergency,2025-02-27,4,2025-03-03,3773.95,1,Home
A005296,P00736,56,0.147,Orthopedics,2025-10-23,3,2025-10-26,4372.18,4,Home
A005651,P00736,56,0.147,General Surgery,2026-01-18,7,2026-01-25,11691.19,4,Home
A006356,P00736,56,0.147,Neurology,2026-06-22,7,2026-06-29,10808.27,5,Home
A006369,P00736,56,0.147,Emergency,2026-07-12,13,2026-07-25,10880.56,3,Home Health Care
A000208,P00737,79,0.155,Emergency,2025-01-27,6,2025-02-02,6480.07,3,Home
A007538,P00737,79,0.155,Emergency,2026-05-20,1,2026-05-21,1113.54,5,Home
A000372,P00738,50,0.117,Emergency,2024-10-20,1,2024-10-21,804.98,4,Skilled Nursing Facility
A001735,P00738,50,0.117,ICU,2024-12-06,1,2024-12-07,3020.14,6,Home
A006426,P00738,50,0.117,Emergency,2025-05-15,2,2025-05-17,1869.13,2,Home
A006507,P00738,50,0.117,Neurology,2025-06-03,3,2025-06-06,3614.52,4,Home
A006824,P00738,50,0.117,Orthopedics,2025-09-01,6,2025-09-07,8709.9,7,Home
A006896,P00738,50,0.117,ICU,2025-12-22,1,2025-12-23,2656.92,6,Home
A000089,P00739,68,0.126,Neurology,2024-09-27,3,2024-09-30,3784.79,4,Home
A005648,P00739,68,0.126,Emergency,2024-12-05,4,2024-12-09,3639.57,7,Home
A006626,P00739,68,0.126,Cardiology,2025-02-05,2,2025-02-07,3397.49,1,Skilled Nursing Facility
A006745,P00739,68,0.126,General Surgery,2025-02-28,3,2025-03-03,4993.95,3,Skilled Nursing Facility
A007066,P00739,68,0.126,ICU,2025-05-15,31,2025-06-15,91479.73,7,Home
A007102,P00739,68,0.126,Emergency,2025-07-12,6,2025-07-18,6594.2,4,Home
A007131,P00739,68,0.126,Emergency,2026-03-05,4,2026-03-09,3468.19,2,Home
A007225,P00739,68,0.126,Neurology,2026-08-05,2,2026-08-07,3162.87,4,Home
A007259,P00739,68,0.126,Neurology,2026-09-02,1,2026-09-03,1257.79,0,Home
A008589,P00739,68,0.126,Orthopedics,2026-09-07,7,2026-09-14,10533.79,2,Home
A000336,P00740,12,0.25,ICU,2025-02-17,4,2025-02-21,11931.83,9,Home
A000784,P00740,12,0.25,Emergency,2025-07-18,1,2025-07-19,1072.74,0,Home
A001824,P00740,12,0.25,General Surgery,2026-05-20,2,2026-05-22,2609.6,3,Home
A003162,P00740,12,0.25,Emergency,2026-06-01,10,2026-06-11,10344.87,5,Home
A005044,P00740,12,0.25,ICU,2026-06-17,1,2026-06-18,2270.39,1,Home
A000639,P00741,47,0.224,ICU,2024-12-05,3,2024-12-08,8340.7,3,Home
A001461,P00741,47,0.224,ICU,2025-08-24,4,2025-08-28,12084.23,5,Home
A002595,P00741,47,0.224,Orthopedics,2026-04-02,4,2026-04-06,6475.49,2,Home
A003486,P00741,47,0.224,Emergency,2026-06-06,3,2026-06-09,2913.31,8,Home
A000964,P00742,43,0.345,General Surgery,2025-01-22,4,2025-01-26,5866.11,6,Skilled Nursing Facility
A001199,P00742,43,0.345,Neurology,2025-03-11,2,2025-03-13,3188.81,7,Skilled Nursing Facility
A003254,P00742,43,0.345,Emergency,2025-07-29,4,2025-08-02,3678.99,5,Skilled Nursing Facility
A004917,P00742,43,0.345,Emergency,2025-11-07,2,2025-11-09,1610.73,3,Home
A005064,P00742,43,0.345,General Surgery,2026-08-04,11,2026-08-15,19289.48,3,Home
A003383,P00743,52,0.067,Emergency,2025-01-24,9,2025-02-02,7542.48,3,Home Health Care
A004579,P00743,52,0.067,Orthopedics,2025-04-18,2,2025-04-20,2778.64,1,Home
A007359,P00743,52,0.067,Neurology,2025-07-03,4,2025-07-07,6437.66,3,Home
A008153,P00743,52,0.067,General Surgery,2026-04-24,7,2026-05-01,10953.87,5,Home
A000067,P00744,65,0.504,Neurology,2025-01-14,2,2025-01-16,2978.98,5,Home Health Care
A004591,P00744,65,0.504,General Surgery,2025-03-15,2,2025-03-17,3623.73,8,Home
A004787,P00744,65,0.504,ICU,2025-03-19,10,2025-03-29,25580.79,5,Home
A007572,P00744,65,0.504,Neurology,2025-04-11,4,2025-04-15,4857.77,2,Home
A008739,P00744,65,0.504,ICU,2025-09-21,15,2025-10-06,34105.49,8,Home
A008934,P00744,65,0.504,Emergency,2025-11-01,9,2025-11-10,8467.14,5,Home
A008985,P00744,65,0.504,ICU,2025-11-28,3,2025-12-01,6938.02,11,Home
A009039,P00744,65,0.504,ICU,2026-05-10,2,2026-05-12,4264.62,4,Home
A003217,P00745,80,0.3,Neurology,2024-12-20,2,2024-12-22,3091.57,9,Home
A003954,P00745,80,0.3,Neurology,2025-04-05,1,2025-04-06,1659.23,5,Home
A009116,P00745,80,0.3,Emergency,2025-06-11,19,2025-06-30,16348.97,4,Home Health Care
A009328,P00745,80,0.3,Emergency,2025-12-28,9,2026-01-06,8247.01,4,Home
A009518,P00745,80,0.3,ICU,2026-02-12,2,2026-02-14,4711.87,4,Home Health Care
A009607,P00745,80,0.3,General Surgery,2026-02-27,7,2026-03-06,11918.06,5,Home Health Care
A009625,P00745,80,0.3,Neurology,2026-03-20,1,2026-03-21,1727.38,6,Home
A009629,P00745,80,0.3,Neurology,2026-04-04,9,2026-04-13,11791.86,5,Home
A002660,P00746,56,0.074,ICU,2024-11-10,1,2024-11-11,2297.09,7,Home
A002773,P00746,56,0.074,Orthopedics,2024-12-21,5,2024-12-26,6527.86,4,Home
A003164,P00746,56,0.074,Orthopedics,2025-05-21,7,2025-05-28,7973.79,2,Home
A004302,P00746,56,0.074,Cardiology,2026-08-12,2,2026-08-14,3202.62,5,Skilled Nursing Facility
A006121,P00746,56,0.074,Cardiology,2026-08-17,1,2026-08-18,2186.31,4,Home
A006453,P00746,56,0.074,Neurology,2026-09-13,1,2026-09-14,1749.3,2,Against Medical Advice
A000825,P00747,83,0.282,Emergency,2024-10-07,1,2024-10-08,1075.75,7,Home
A003194,P00747,83,0.282,General Surgery,2025-02-22,2,2025-02-24,2876.87,1,Skilled Nursing Facility
A003905,P00747,83,0.282,Emergency,2025-09-30,2,2025-10-02,1697.42,3,Skilled Nursing Facility
A005021,P00747,83,0.282,ICU,2025-10-23,5,2025-10-28,10961.6,6,Home
A005457,P00747,83,0.282,Emergency,2026-03-24,1,2026-03-25,868.93,5,Against Medical Advice
A006839,P00747,83,0.282,Emergency,2026-03-26,3,2026-03-29,2828.66,6,Home Health Care
A007556,P00747,83,0.282,General Surgery,2026-04-25,9,2026-05-04,12049.73,6,Home
A007574,P00747,83,0.282,Emergency,2026-05-25,1,2026-05-26,798.69,4,Home
A009333,P00747,83,0.282,Neurology,2026-06-26,1,2026-06-27,1694.57,4,Home Health Care
A001981,P00748,37,0.113,Orthopedics,2024-11-27,3,2024-11-30,4588.91,7,Skilled Nursing Facility
A002249,P00748,37,0.113,General Surgery,2024-12-22,13,2025-01-04,18148.24,2,Skilled Nursing Facility
A004117,P00748,37,0.113,Neurology,2025-04-17,11,2025-04-28,15578.14,1,Home
A004351,P00748,37,0.113,Neurology,2025-05-15,1,2025-05-16,1701.4,4,Home
A005145,P00748,37,0.113,ICU,2025-09-30,5,2025-10-05,12956.58,4,Against Medical Advice
A005164,P00748,37,0.113,Emergency,2025-10-14,3,2025-10-17,2733.44,4,Skilled Nursing Facility
A006656,P00748,37,0.113,ICU,2025-12-16,4,2025-12-20,11413.81,4,Home Health Care
A007783,P00748,37,0.113,Orthopedics,2025-12-30,9,2026-01-08,12054.45,4,Home
A008829,P00748,37,0.113,Orthopedics,2026-02-06,2,2026-02-08,2587.13,2,Skilled Nursing Facility
A009575,P00748,37,0.113,Orthopedics,2026-02-23,1,2026-02-24,1306.29,5,Home Health Care
A009660,P00748,37,0.113,Orthopedics,2026-03-28,2,2026-03-30,3199.24,3,Home
A009675,P00748,37,0.113,Neurology,2026-04-16,5,2026-04-21,8498.32,1,Home
A000132,P00749,48,0.661,ICU,2025-01-24,6,2025-01-30,14622.01,7,Home
A001728,P00749,48,0.661,Orthopedics,2025-03-10,3,2025-03-13,4481.01,2,Home
A004596,P00749,48,0.661,Emergency,2025-06-20,2,2025-06-22,1817.0,6,Home
A004780,P00749,48,0.661,Emergency,2025-08-22,13,2025-09-04,12987.48,5,Home Health Care
A005967,P00749,48,0.661,Emergency,2025-09-22,9,2025-10-01,9855.41,7,Home
A007350,P00749,48,0.661,Orthopedics,2025-12-02,3,2025-12-05,4032.32,8,Skilled Nursing Facility
A007392,P00749,48,0.661,Cardiology,2026-01-16,2,2026-01-18,3710.49,9,Home
A008043,P00749,48,0.661,Emergency,2026-08-29,8,2026-09-06,8632.84,6,Home
A000071,P00750,94,0.219,General Surgery,2024-10-23,2,2024-10-25,3121.09,3,Skilled Nursing Facility
A004446,P00750,94,0.219,Neurology,2024-11-20,3,2024-11-23,4985.32,8,Home
A006182,P00750,94,0.219,General Surgery,2024-12-01,3,2024-12-04,4893.97,4,Home
A006666,P00750,94,0.219,ICU,2024-12-28,1,2024-12-29,2245.64,6,Home
A007466,P00750,94,0.219,Emergency,2025-05-16,8,2025-05-24,7024.11,4,Home
A008099,P00750,94,0.219,Orthopedics,2025-08-17,1,2025-08-18,1593.01,4,Against Medical Advice
A008316,P00750,94,0.219,General Surgery,2025-08-22,1,2025-08-23,1331.15,4,Home
A008633,P00750,94,0.219,Orthopedics,2025-09-20,8,2025-09-28,12560.53,10,Home Health Care
A008657,P00750,94,0.219,Orthopedics,2026-01-24,7,2026-01-31,9477.16,1,Home
A008696,P00750,94,0.219,Cardiology,2026-02-02,20,2026-02-22,38055.91,5,Skilled Nursing Facility
A008952,P00750,94,0.219,Emergency,2026-04-27,4,2026-05-01,3762.45,5,Skilled Nursing Facility
A009002,P00750,94,0.219,Neurology,2026-05-22,4,2026-05-26,5459.45,3,Home
A009043,P00750,94,0.219,Neurology,2026-07-04,1,2026-07-05,1293.27,5,Home Health Care
A009461,P00750,94,0.219,Cardiology,2026-08-24,2,2026-08-26,3100.59,7,Home
A000400,P00751,60,0.15,General Surgery,2024-10-10,1,2024-10-11,1748.97,1,Home
A005682,P00751,60,0.15,Emergency,2025-03-24,1,2025-03-25,940.59,4,Home
A008015,P00751,60,0.15,Orthopedics,2025-07-01,1,2025-07-02,1381.09,1,Home Health Care
A008553,P00751,60,0.15,Orthopedics,2025-07-09,5,2025-07-14,7615.94,2,Home
A009026,P00751,60,0.15,General Surgery,2026-04-08,1,2026-04-09,1683.06,4,Home
A001078,P00752,76,0.502,Cardiology,2025-01-04,17,2025-01-21,29242.71,4,Home
A001252,P00752,76,0.502,General Surgery,2026-03-17,3,2026-03-20,4112.24,7,Home
A001650,P00752,76,0.502,Emergency,2026-03-29,3,2026-04-01,3276.96,9,Home
A000055,P00753,49,0.399,Neurology,2025-01-27,4,2025-01-31,6435.6,3,Home
A000425,P00753,49,0.399,Neurology,2025-03-27,15,2025-04-11,19678.92,6,Home Health Care
A001836,P00753,49,0.399,Emergency,2025-04-26,3,2025-04-29,3359.51,12,Home
A002060,P00753,49,0.399,Cardiology,2025-08-12,2,2025-08-14,3540.94,3,Home
A001182,P00754,56,0.061,Neurology,2024-10-12,16,2024-10-28,25787.65,3,Home Health Care
A002106,P00754,56,0.061,Neurology,2025-01-26,3,2025-01-29,3641.59,3,Home
A003284,P00754,56,0.061,Neurology,2025-10-04,5,2025-10-09,6431.8,4,Home
A004145,P00754,56,0.061,Emergency,2026-01-21,12,2026-02-02,9586.15,5,Skilled Nursing Facility
A005454,P00754,56,0.061,General Surgery,2026-04-21,2,2026-04-23,3747.88,2,Skilled Nursing Facility
A007104,P00754,56,0.061,Emergency,2026-06-06,6,2026-06-12,5742.34,2,Against Medical Advice
A007256,P00754,56,0.061,Emergency,2026-07-06,6,2026-07-12,6364.59,1,Home Health Care
A001557,P00755,63,0.206,Neurology,2024-10-07,2,2024-10-09,3476.82,5,Against Medical Advice
A001651,P00755,63,0.206,Neurology,2025-02-08,7,2025-02-15,11828.12,2,Home
A002777,P00755,63,0.206,ICU,2025-03-21,2,2025-03-23,4984.16,3,Home
A004378,P00755,63,0.206,Cardiology,2025-06-07,6,2025-06-13,9606.03,7,Against Medical Advice
A006060,P00755,63,0.206,Emergency,2025-09-06,2,2025-09-08,1918.23,6,Home Health Care
A007506,P00755,63,0.206,Neurology,2025-11-16,1,2025-11-17,1443.52,4,Home
A007877,P00755,63,0.206,ICU,2025-11-25,6,2025-12-01,16552.27,2,Home Health Care
A004078,P00756,20,0.059,Emergency,2024-11-01,9,2024-11-10,7604.75,5,Home
A007500,P00756,20,0.059,Neurology,2025-12-22,1,2025-12-23,1368.36,5,Home
A000448,P00757,59,0.451,Neurology,2024-11-01,1,2024-11-02,1220.47,6,Home
A000533,P00757,59,0.451,Orthopedics,2025-02-27,1,2025-02-28,1588.59,8,Home
A001652,P00757,59,0.451,Cardiology,2025-06-04,13,2025-06-17,24539.97,4,Home
A003324,P00757,59,0.451,ICU,2025-08-04,2,2025-08-06,5145.8,4,Home Health Care
A003357,P00757,59,0.451,Emergency,2025-08-16,2,2025-08-18,2236.07,4,Home Health Care
A003874,P00757,59,0.451,General Surgery,2025-11-13,5,2025-11-18,9362.45,3,Home
A006653,P00757,59,0.451,Neurology,2026-04-18,2,2026-04-20,3152.23,2,Skilled Nursing Facility
A007950,P00757,59,0.451,Cardiology,2026-05-01,5,2026-05-06,9678.87,8,Skilled Nursing Facility
A008022,P00757,59,0.451,ICU,2026-07-14,3,2026-07-17,6511.82,3,Home Health Care
A008123,P00757,59,0.451,Emergency,2026-07-24,3,2026-07-27,2464.31,4,Home
A000118,P00758,29,0.263,Neurology,2025-02-15,4,2025-02-19,5503.85,6,Home
A002951,P00758,29,0.263,Cardiology,2025-05-09,5,2025-05-14,11240.84,5,Home Health Care
A003841,P00758,29,0.263,Emergency,2025-07-07,2,2025-07-09,1716.56,9,Home
A005555,P00758,29,0.263,General Surgery,2026-01-22,8,2026-01-30,11792.96,7,Against Medical Advice
A006973,P00758,29,0.263,Cardiology,2026-03-03,1,2026-03-04,1775.4,6,Home
A008286,P00758,29,0.263,Emergency,2026-04-22,1,2026-04-23,892.44,6,Skilled Nursing Facility
A008608,P00758,29,0.263,General Surgery,2026-05-07,4,2026-05-11,5734.46,7,Home
A008638,P00758,29,0.263,Emergency,2026-09-14,2,2026-09-16,1672.86,3,Skilled Nursing Facility
A000073,P00759,41,0.092,General Surgery,2024-12-10,8,2024-12-18,13383.11,2,Home Health Care
A002201,P00759,41,0.092,ICU,2025-06-07,2,2025-06-09,5160.02,2,Home
A002267,P00759,41,0.092,ICU,2026-05-28,1,2026-05-29,2702.61,4,Home
A003121,P00759,41,0.092,Neurology,2026-07-08,1,2026-07-09,1256.63,5,Home
A005435,P00759,41,0.092,Emergency,2026-09-15,14,2026-09-29,14156.39,3,Home
A000015,P00760,58,0.078,Neurology,2024-10-15,2,2024-10-17,3347.21,6,Home
A001356,P00760,58,0.078,Emergency,2024-12-08,1,2024-12-09,986.87,4,Skilled Nursing Facility
A002457,P00760,58,0.078,Orthopedics,2025-03-10,1,2025-03-11,1497.95,5,Home Health Care
A004226,P00760,58,0.078,Emergency,2025-05-12,1,2025-05-13,810.48,4,Skilled Nursing Facility
A006487,P00760,58,0.078,Emergency,2025-07-26,2,2025-07-28,1619.33,4,Home
A007745,P00760,58,0.078,Orthopedics,2025-10-28,1,2025-10-29,1207.73,7,Home
A008163,P00760,58,0.078,Emergency,2026-06-09,6,2026-06-15,5870.92,5,Skilled Nursing Facility
A009426,P00760,58,0.078,Cardiology,2026-06-25,3,2026-06-28,6746.87,2,Home
A009593,P00760,58,0.078,Emergency,2026-07-04,5,2026-07-09,5236.43,2,Home Health Care
A009642,P00760,58,0.078,ICU,2026-09-03,5,2026-09-08,13970.07,1,Skilled Nursing Facility
A009648,P00760,58,0.078,ICU,2026-09-18,1,2026-09-19,2401.04,6,Skilled Nursing Facility
A001001,P00761,77,0.733,Emergency,2024-11-26,4,2024-11-30,3125.28,9,Home Health Care
A005443,P00761,77,0.733,Cardiology,2025-02-05,20,2025-02-25,31637.23,13,Against Medical Advice
A005659,P00761,77,0.733,Emergency,2025-03-29,6,2025-04-04,4970.73,13,Home Health Care
A006185,P00761,77,0.733,Emergency,2025-06-16,8,2025-06-24,7469.76,7,Home
A006236,P00761,77,0.733,General Surgery,2026-08-08,6,2026-08-14,9454.45,7,Home
A006419,P00761,77,0.733,Emergency,2026-09-08,2,2026-09-10,2185.18,7,Home Health Care
A002778,P00762,43,0.63,Emergency,2024-10-24,1,2024-10-25,1012.54,11,Skilled Nursing Facility
A002852,P00762,43,0.63,Orthopedics,2025-01-26,3,2025-01-29,3917.96,9,Skilled Nursing Facility
A003088,P00762,43,0.63,Cardiology,2025-02-14,12,2025-02-26,22994.89,13,Home
A003236,P00762,43,0.63,Emergency,2025-03-28,6,2025-04-03,6291.84,10,Skilled Nursing Facility
A004730,P00762,43,0.63,Cardiology,2025-04-12,2,2025-04-14,4314.4,8,Home Health Care
A006539,P00762,43,0.63,Emergency,2025-11-11,8,2025-11-19,8820.04,8,Home
A007185,P00762,43,0.63,Cardiology,2025-12-28,4,2026-01-01,7098.31,8,Home Health Care
A007410,P00762,43,0.63,Orthopedics,2026-01-19,2,2026-01-21,3202.93,4,Home
A007624,P00762,43,0.63,Emergency,2026-05-09,1,2026-05-10,785.1,3,Home
A002705,P00763,77,0.072,Emergency,2025-02-13,3,2025-02-16,3039.83,3,Home
A003897,P00763,77,0.072,ICU,2025-07-28,3,2025-07-31,6991.48,6,Against Medical Advice
A004839,P00763,77,0.072,Neurology,2025-08-18,3,2025-08-21,3818.7,6,Skilled Nursing Facility
A005074,P00763,77,0.072,Emergency,2025-09-15,4,2025-09-19,3467.7,5,Home
A006894,P00763,77,0.072,Emergency,2026-02-01,2,2026-02-03,2167.57,2,Home
A007382,P00763,77,0.072,Orthopedics,2026-03-20,9,2026-03-29,13266.66,2,Home
A007612,P00763,77,0.072,Emergency,2026-07-14,2,2026-07-16,2149.42,5,Home Health Care
A000041,P00764,47,0.365,Cardiology,2025-01-08,3,2025-01-11,4836.12,4,Home
A000732,P00764,47,0.365,Cardiology,2026-02-15,2,2026-02-17,4210.89,2,Home
A001500,P00764,47,0.365,Emergency,2026-03-18,11,2026-03-29,8716.09,6,Home
A000021,P00765,48,0.309,Cardiology,2024-11-20,4,2024-11-24,6596.27,8,Against Medical Advice
A000566,P00765,48,0.309,Emergency,2024-12-12,6,2024-12-18,5131.74,10,Skilled Nursing Facility
A001214,P00765,48,0.309,General Surgery,2025-07-13,11,2025-07-24,20423.46,8,Home Health Care
A001643,P00765,48,0.309,Orthopedics,2025-08-21,3,2025-08-24,4189.69,4,Home Health Care
A004097,P00765,48,0.309,Emergency,2025-08-25,1,2025-08-26,1033.35,9,Home Health Care
A004434,P00765,48,0.309,General Surgery,2026-02-28,7,2026-03-07,12201.22,1,Home
A006289,P00765,48,0.309,Cardiology,2026-03-16,3,2026-03-19,6617.63,4,Home
A007117,P00765,48,0.309,Emergency,2026-04-02,5,2026-04-07,3884.27,7,Skilled Nursing Facility
A000306,P00766,95,0.376,Emergency,2025-02-04,4,2025-02-08,4053.56,4,Home
A000408,P00766,95,0.376,Emergency,2025-10-11,18,2025-10-29,20115.46,5,Home
A002885,P00766,95,0.376,Emergency,2025-11-14,2,2025-11-16,2248.92,5,Against Medical Advice
A002960,P00766,95,0.376,Emergency,2026-02-02,5,2026-02-07,4425.24,3,Home
A003272,P00766,95,0.376,Neurology,2026-05-07,6,2026-05-13,9184.7,7,Skilled Nursing Facility
A000022,P00767,46,0.532,Cardiology,2024-12-30,5,2025-01-04,9443.27,4,Home
A000747,P00767,46,0.532,Emergency,2025-02-06,17,2025-02-23,17017.02,6,Skilled Nursing Facility
A001919,P00767,46,0.532,Cardiology,2025-05-17,5,2025-05-22,9151.34,9,Home
A002801,P00767,46,0.532,Neurology,2025-10-07,18,2025-10-25,22821.08,4,Against Medical Advice
A003752,P00767,46,0.532,Emergency,2025-11-17,1,2025-11-18,793.9,8,Home
A005470,P00767,46,0.532,Orthopedics,2025-12-15,1,2025-12-16,1455.79,9,Home
A006452,P00767,46,0.532,Neurology,2026-02-07,8,2026-02-15,12184.9,7,Home
A008102,P00767,46,0.532,ICU,2026-03-24,7,2026-03-31,15132.68,1,Home
A000604,P00768,70,0.531,Emergency,2025-01-17,2,2025-01-19,1550.74,6,Home Health Care
A000686,P00768,70,0.531,Emergency,2025-05-03,8,2025-05-11,6243.37,5,Home
A001985,P00768,70,0.531,Orthopedics,2025-07-05,10,2025-07-15,11462.92,5,Home
A002697,P00768,70,0.531,General Surgery,2026-02-05,1,2026-02-06,1858.34,4,Home
A002831,P00768,70,0.531,Orthopedics,2026-02-07,10,2026-02-17,12388.41,8,Skilled Nursing Facility
A004366,P00768,70,0.531,General Surgery,2026-03-03,5,2026-03-08,6836.85,5,Home
A003290,P00769,46,0.147,General Surgery,2025-01-15,2,2025-01-17,2927.03,6,Home
A003543,P00769,46,0.147,General Surgery,2025-07-24,1,2025-07-25,1472.37,6,Home
A003946,P00769,46,0.147,General Surgery,2025-09-26,3,2025-09-29,5006.77,2,Home
A004192,P00769,46,0.147,Emergency,2026-01-25,10,2026-02-04,9873.5,5,Home
A004576,P00769,46,0.147,Orthopedics,2026-03-09,5,2026-03-14,5525.27,4,Against Medical Advice
A005212,P00769,46,0.147,Orthopedics,2026-03-19,1,2026-03-20,1523.84,2,Home Health Care
A005628,P00769,46,0.147,Neurology,2026-06-02,1,2026-06-03,1515.06,2,Home
A000331,P00770,24,0.253,Neurology,2024-12-09,3,2024-12-12,4760.41,6,Home Health Care
A000897,P00770,24,0.253,Neurology,2026-04-03,5,2026-04-08,8472.34,7,Home
A002865,P00770,24,0.253,Emergency,2026-08-23,4,2026-08-27,4410.06,8,Home
A000261,P00771,51,0.39,Cardiology,2025-01-11,4,2025-01-15,7118.67,4,Home
A000630,P00771,51,0.39,Cardiology,2025-03-25,10,2025-04-04,22154.82,11,Home
A001929,P00771,51,0.39,Orthopedics,2025-07-07,22,2025-07-29,27574.05,4,Home Health Care
A002910,P00771,51,0.39,ICU,2026-02-21,1,2026-02-22,2717.73,9,Skilled Nursing Facility
A003042,P00771,51,0.39,General Surgery,2026-04-10,13,2026-04-23,16707.77,6,Home
A004165,P00771,51,0.39,Emergency,2026-05-31,2,2026-06-02,2135.67,5,Home
A005087,P00771,51,0.39,Emergency,2026-08-19,4,2026-08-23,4183.78,7,Against Medical Advice
A005123,P00771,51,0.39,Cardiology,2026-08-25,5,2026-08-30,7898.03,7,Home Health Care
A003267,P00772,18,0.449,Cardiology,2024-12-11,9,2024-12-20,20027.16,10,Home
A003879,P00772,18,0.449,Neurology,2025-02-04,2,2025-02-06,3376.61,7,Home Health Care
A003935,P00772,18,0.449,Emergency,2025-03-15,14,2025-03-29,14978.36,6,Home
A005823,P00772,18,0.449,Neurology,2026-05-09,6,2026-05-15,9797.51,7,Skilled Nursing Facility
A005996,P00772,18,0.449,Cardiology,2026-06-22,4,2026-06-26,8861.8,9,Home Health Care
A007047,P00772,18,0.449,Neurology,2026-07-15,9,2026-07-24,14501.98,6,Home
A000269,P00773,58,0.211,Emergency,2025-02-16,5,2025-02-21,4597.95,2,Home Health Care
A001939,P00773,58,0.211,ICU,2025-08-10,7,2025-08-17,20446.05,6,Skilled Nursing Facility
A002648,P00773,58,0.211,Emergency,2025-09-05,1,2025-09-06,884.58,1,Home
A002811,P00773,58,0.211,ICU,2026-02-11,1,2026-02-12,2846.22,5,Home
A003080,P00773,58,0.211,Neurology,2026-06-13,1,2026-06-14,1577.65,4,Skilled Nursing Facility
A008118,P00773,58,0.211,General Surgery,2026-06-26,2,2026-06-28,2768.76,5,Home
A008329,P00773,58,0.211,General Surgery,2026-08-13,6,2026-08-19,7707.15,10,Home Health Care
A000236,P00774,52,0.445,General Surgery,2024-10-09,5,2024-10-14,7199.73,4,Home Health Care
A005747,P00774,52,0.445,Emergency,2024-11-07,5,2024-11-12,5350.54,9,Home Health Care
A006925,P00774,52,0.445,ICU,2025-02-11,7,2025-02-18,16483.97,2,Home
A008404,P00774,52,0.445,Emergency,2025-03-29,2,2025-03-31,2243.03,4,Home
A008467,P00774,52,0.445,Emergency,2025-07-22,4,2025-07-26,4454.35,1,Skilled Nursing Facility
A008714,P00774,52,0.445,ICU,2025-10-03,5,2025-10-08,14078.24,7,Home Health Care
A008811,P00774,52,0.445,Emergency,2025-10-16,3,2025-10-19,3369.23,6,Home
A009360,P00774,52,0.445,Emergency,2026-01-13,4,2026-01-17,3164.26,10,Against Medical Advice
A009537,P00774,52,0.445,Orthopedics,2026-01-30,1,2026-01-31,1269.24,6,Home
A009588,P00774,52,0.445,Emergency,2026-03-10,5,2026-03-15,5555.88,6,Home Health Care
A009598,P00774,52,0.445,Emergency,2026-05-22,1,2026-05-23,856.37,5,Home
A009618,P00774,52,0.445,Emergency,2026-07-05,6,2026-07-11,6094.71,2,Home
A009628,P00774,52,0.445,General Surgery,2026-08-04,2,2026-08-06,3052.05,4,Skilled Nursing Facility
A009652,P00774,52,0.445,Emergency,2026-08-11,5,2026-08-16,3939.28,6,Home
A001047,P00775,72,0.191,Neurology,2024-10-19,11,2024-10-30,16653.63,5,Home Health Care
A001265,P00775,72,0.191,Orthopedics,2025-07-06,1,2025-07-07,1463.53,2,Home Health Care
A005227,P00775,72,0.191,ICU,2025-12-14,3,2025-12-17,6824.11,4,Against Medical Advice
A005556,P00775,72,0.191,Emergency,2026-09-01,1,2026-09-02,993.09,4,Home Health Care
A001175,P00776,96,0.553,General Surgery,2024-11-16,13,2024-11-29,17924.16,7,Home
A001531,P00776,96,0.553,Orthopedics,2024-12-23,4,2024-12-27,5784.85,2,Skilled Nursing Facility
A004846,P00776,96,0.553,ICU,2025-01-25,2,2025-01-27,4579.17,15,Home Health Care
A005621,P00776,96,0.553,Cardiology,2025-06-28,11,2025-07-09,17437.75,9,Home
A005723,P00776,96,0.553,Cardiology,2025-11-19,1,2025-11-20,2088.76,6,Home
A008112,P00776,96,0.553,Orthopedics,2026-02-01,1,2026-02-02,1399.15,7,Home
A009020,P00776,96,0.553,Orthopedics,2026-04-22,14,2026-05-06,21895.42,5,Home
A000993,P00777,61,0.424,General Surgery,2024-11-17,2,2024-11-19,3215.81,10,Home
A001136,P00777,61,0.424,Cardiology,2025-07-11,1,2025-07-12,1718.49,2,Home
A002867,P00777,61,0.424,Neurology,2026-07-26,16,2026-08-11,23515.77,5,Home Health Care
A000310,P00778,80,0.128,General Surgery,2024-11-30,1,2024-12-01,1727.63,2,Home
A000969,P00778,80,0.128,General Surgery,2025-01-23,4,2025-01-27,6529.08,7,Home Health Care
A004559,P00778,80,0.128,Orthopedics,2025-03-29,6,2025-04-04,7487.09,6,Home
A005981,P00778,80,0.128,Emergency,2025-05-13,1,2025-05-14,952.49,2,Home
A006094,P00778,80,0.128,Orthopedics,2025-06-25,1,2025-06-26,1442.97,6,Against Medical Advice
A006103,P00778,80,0.128,Neurology,2025-08-08,4,2025-08-12,5427.23,2,Skilled Nursing Facility
A006546,P00778,80,0.128,Emergency,2025-10-22,2,2025-10-24,2164.58,6,Home Health Care
A006930,P00778,80,0.128,Orthopedics,2025-11-07,2,2025-11-09,3038.68,3,Home
A007573,P00778,80,0.128,Cardiology,2026-07-15,1,2026-07-16,2238.22,2,Home
A001715,P00779,79,0.759,ICU,2024-10-14,7,2024-10-21,19673.7,8,Home
A004946,P00779,79,0.759,Cardiology,2024-12-13,5,2024-12-18,8606.22,6,Skilled Nursing Facility
A006554,P00779,79,0.759,Orthopedics,2024-12-28,17,2025-01-14,27412.88,11,Home
A006789,P00779,79,0.759,Emergency,2025-01-25,4,2025-01-29,3108.98,10,Skilled Nursing Facility
A006816,P00779,79,0.759,General Surgery,2025-02-25,1,2025-02-26,1746.38,8,Against Medical Advice
A006971,P00779,79,0.759,Neurology,2025-03-09,2,2025-03-11,3487.34,7,Home
A007183,P00779,79,0.759,Cardiology,2025-04-05,5,2025-04-10,10447.64,6,Home
A007826,P00779,79,0.759,General Surgery,2025-08-23,11,2025-09-03,15891.09,7,Home Health Care
A008630,P00779,79,0.759,Neurology,2025-10-26,9,2025-11-04,12755.25,8,Home
A008672,P00779,79,0.759,Orthopedics,2026-01-17,9,2026-01-26,13049.27,5,Home
A008956,P00779,79,0.759,Emergency,2026-06-24,16,2026-07-10,13631.71,8,Home
A000797,P00780,40,0.449,Emergency,2024-11-03,7,2024-11-10,6294.48,5,Home Health Care
A002628,P00780,40,0.449,Emergency,2025-05-25,5,2025-05-30,5335.71,3,Home
A002784,P00780,40,0.449,Emergency,2025-05-31,1,2025-06-01,936.42,5,Skilled Nursing Facility
A004445,P00780,40,0.449,Emergency,2025-07-01,4,2025-07-05,3912.68,10,Home
A000345,P00781,66,0.561,Cardiology,2024-11-24,6,2024-11-30,13443.47,10,Home
A002168,P00781,66,0.561,Neurology,2024-12-21,6,2024-12-27,8511.52,13,Home
A005835,P00781,66,0.561,Cardiology,2025-06-15,2,2025-06-17,4199.11,7,Skilled Nursing Facility
A005985,P00781,66,0.561,General Surgery,2025-06-24,16,2025-07-10,28352.35,3,Home
A006212,P00781,66,0.561,Neurology,2026-07-16,15,2026-07-31,25400.87,4,Home
A007148,P00781,66,0.561,Orthopedics,2026-08-07,9,2026-08-16,13301.42,5,Home
A001448,P00782,43,0.368,General Surgery,2024-11-07,6,2024-11-13,7842.59,7,Home Health Care
A002122,P00782,43,0.368,General Surgery,2024-12-05,10,2024-12-15,15036.65,6,Home
A003020,P00782,43,0.368,Emergency,2025-01-17,13,2025-01-30,14389.52,9,Home
A005156,P00782,43,0.368,Neurology,2025-03-02,1,2025-03-03,1410.36,4,Skilled Nursing Facility
A006275,P00782,43,0.368,General Surgery,2025-05-25,1,2025-05-26,1576.5,2,Home
A008533,P00782,43,0.368,General Surgery,2026-02-19,2,2026-02-21,3335.48,3,Skilled Nursing Facility
A008740,P00782,43,0.368,Emergency,2026-04-11,1,2026-04-12,872.65,4,Home
A008961,P00782,43,0.368,General Surgery,2026-04-15,5,2026-04-20,6745.56,3,Home
A009120,P00782,43,0.368,General Surgery,2026-06-17,1,2026-06-18,1630.62,7,Home
A009186,P00782,43,0.368,General Surgery,2026-08-27,6,2026-09-02,10335.83,6,Home
A001003,P00783,61,0.298,General Surgery,2025-02-12,5,2025-02-17,7742.12,1,Skilled Nursing Facility
A001819,P00783,61,0.298,Orthopedics,2025-03-01,7,2025-03-08,8705.1,6,Home
A002293,P00783,61,0.298,Neurology,2025-03-26,5,2025-03-31,6060.74,5,Home
A003485,P00783,61,0.298,Emergency,2025-07-24,4,2025-07-28,3079.39,3,Home Health Care
A004906,P00783,61,0.298,ICU,2026-07-29,4,2026-08-02,11551.53,4,Home Health Care
A000235,P00784,40,0.183,Neurology,2024-10-13,1,2024-10-14,1688.46,2,Skilled Nursing Facility
A000646,P00784,40,0.183,General Surgery,2024-11-30,2,2024-12-02,3469.3,5,Home
A000868,P00784,40,0.183,General Surgery,2025-03-24,10,2025-04-03,14684.13,8,Against Medical Advice
A001313,P00784,40,0.183,Emergency,2025-06-01,4,2025-06-05,3492.76,3,Home
A001335,P00784,40,0.183,ICU,2026-06-19,1,2026-06-20,2666.33,6,Home
A001913,P00785,87,0.039,Emergency,2024-11-03,4,2024-11-07,3593.17,3,Skilled Nursing Facility
A003776,P00785,87,0.039,Emergency,2024-12-21,1,2024-12-22,1085.06,3,Home
A006229,P00785,87,0.039,Neurology,2025-02-23,2,2025-02-25,2973.82,4,Home
A006439,P00785,87,0.039,Emergency,2025-05-27,1,2025-05-28,1068.88,4,Skilled Nursing Facility
A007545,P00785,87,0.039,Emergency,2025-07-26,9,2025-08-04,9459.66,7,Home Health Care
A007678,P00785,87,0.039,Emergency,2025-12-01,6,2025-12-07,6461.18,2,Home
A007948,P00785,87,0.039,Neurology,2026-08-23,2,2026-08-25,3334.01,3,Home
A000121,P00786,42,0.481,Emergency,2024-09-24,12,2024-10-06,12652.78,4,Home
A002650,P00786,42,0.481,Emergency,2025-03-04,3,2025-03-07,2795.19,6,Home
A003712,P00786,42,0.481,Orthopedics,2025-05-08,5,2025-05-13,6846.97,5,Home
A004354,P00786,42,0.481,Emergency,2025-07-07,12,2025-07-19,9799.88,6,Home Health Care
A004373,P00786,42,0.481,Emergency,2025-07-29,3,2025-08-01,2798.12,5,Home Health Care
A005521,P00786,42,0.481,Cardiology,2026-01-27,3,2026-01-30,6499.97,4,Home
A005969,P00786,42,0.481,Orthopedics,2026-02-28,1,2026-03-01,1541.86,11,Home
A008447,P00786,42,0.481,Neurology,2026-09-24,4,2026-09-28,5417.38,3,Home
A002193,P00787,46,0.176,Emergency,2025-01-06,19,2025-01-25,15139.97,6,Home
A002447,P00787,46,0.176,Neurology,2025-05-15,7,2025-05-22,11431.46,3,Skilled Nursing Facility
A004205,P00787,46,0.176,General Surgery,2025-07-26,13,2025-08-08,16789.44,0,Skilled Nursing Facility
A005986,P00787,46,0.176,General Surgery,2025-09-04,3,2025-09-07,4841.47,7,Home
A006618,P00787,46,0.176,Emergency,2025-09-15,1,2025-09-16,1122.6,5,Home
A007175,P00787,46,0.176,Cardiology,2025-09-25,5,2025-09-30,11221.0,2,Home Health Care
A007473,P00787,46,0.176,General Surgery,2026-01-15,8,2026-01-23,14742.17,6,Home
A007952,P00787,46,0.176,Emergency,2026-09-04,2,2026-09-06,1957.57,3,Home
A000324,P00788,51,0.51,Emergency,2025-01-17,6,2025-01-23,5743.66,4,Home
A000416,P00788,51,0.51,Emergency,2025-12-25,5,2025-12-30,4914.72,7,Home
A000746,P00788,51,0.51,ICU,2026-02-05,11,2026-02-16,31298.57,4,Home
A002415,P00788,51,0.51,Neurology,2026-09-15,1,2026-09-16,1299.59,4,Home
A002104,P00789,37,0.13,Neurology,2025-01-22,1,2025-01-23,1718.05,5,Home
A004219,P00789,37,0.13,Emergency,2025-05-11,2,2025-05-13,2071.45,4,Home
A006072,P00789,37,0.13,Neurology,2026-04-23,1,2026-04-24,1671.28,2,Skilled Nursing Facility
A006738,P00789,37,0.13,Orthopedics,2026-08-25,1,2026-08-26,1620.59,4,Home
A000342,P00790,62,0.355,ICU,2024-12-07,1,2024-12-08,2718.65,8,Home
A000844,P00790,62,0.355,General Surgery,2025-09-22,1,2025-09-23,1705.0,6,Home Health Care
A002416,P00790,62,0.355,Cardiology,2026-07-25,1,2026-07-26,2149.52,5,Home
A004026,P00790,62,0.355,ICU,2026-08-02,2,2026-08-04,4474.44,5,Against Medical Advice
A004956,P00790,62,0.355,General Surgery,2026-09-10,13,2026-09-23,17210.46,3,Skilled Nursing Facility
A001155,P00791,65,0.253,Emergency,2024-10-02,1,2024-10-03,905.25,2,Home
A001333,P00791,65,0.253,Emergency,2025-06-30,7,2025-07-07,7340.5,4,Against Medical Advice
A002567,P00791,65,0.253,Emergency,2025-07-10,4,2025-07-14,4031.84,5,Against Medical Advice
A002916,P00791,65,0.253,Cardiology,2025-08-12,2,2025-08-14,3511.66,9,Home
A006256,P00791,65,0.253,ICU,2026-01-28,2,2026-01-30,5061.38,4,Home Health Care
A007647,P00791,65,0.253,Cardiology,2026-02-24,8,2026-03-04,16542.24,3,Home
A002282,P00792,60,0.475,Emergency,2024-11-22,2,2024-11-24,1629.28,9,Home
A004129,P00792,60,0.475,Cardiology,2025-11-27,1,2025-11-28,2087.58,5,Home
A005672,P00792,60,0.475,ICU,2026-05-29,7,2026-06-05,15254.39,6,Home
A006165,P00792,60,0.475,General Surgery,2026-09-09,6,2026-09-15,9256.94,4,Home
A006335,P00792,60,0.475,Neurology,2026-09-24,4,2026-09-28,5158.43,5,Home
A002935,P00793,46,0.604,Emergency,2024-12-06,5,2024-12-11,4095.22,5,Home
A003016,P00793,46,0.604,Emergency,2024-12-27,2,2024-12-29,1873.69,7,Home
A003126,P00793,46,0.604,ICU,2025-04-03,2,2025-04-05,4791.96,8,Home
A005936,P00793,46,0.604,Cardiology,2025-05-30,3,2025-06-02,5695.02,6,Home Health Care
A007260,P00793,46,0.604,ICU,2025-10-02,36,2025-11-07,92660.01,8,Home Health Care
A008185,P00793,46,0.604,General Surgery,2026-02-08,1,2026-02-09,1576.27,5,Home
A008558,P00793,46,0.604,General Surgery,2026-04-21,1,2026-04-22,1764.46,10,Home
A009449,P00793,46,0.604,Neurology,2026-06-11,5,2026-06-16,6615.26,2,Home
A001938,P00794,55,0.277,General Surgery,2024-12-05,3,2024-12-08,5532.81,6,Home
A002931,P00794,55,0.277,Emergency,2025-12-27,16,2026-01-12,17198.19,7,Home
A003947,P00794,55,0.277,Emergency,2026-02-09,2,2026-02-11,2071.62,3,Against Medical Advice
A004474,P00794,55,0.277,Emergency,2026-03-10,4,2026-03-14,4102.05,4,Home
A004533,P00794,55,0.277,Emergency,2026-06-17,4,2026-06-21,3921.96,8,Home
A005313,P00794,55,0.277,ICU,2026-07-13,3,2026-07-16,6970.58,3,Home
A005491,P00794,55,0.277,Emergency,2026-08-14,10,2026-08-24,7788.02,5,Home
A000652,P00795,45,0.08,Emergency,2025-01-18,1,2025-01-19,1038.89,4,Home
A003181,P00795,45,0.08,Orthopedics,2025-07-12,1,2025-07-13,1468.48,3,Skilled Nursing Facility
A003911,P00795,45,0.08,Cardiology,2025-07-20,3,2025-07-23,5500.27,5,Skilled Nursing Facility
A002483,P00796,59,0.273,ICU,2024-10-12,3,2024-10-15,9327.84,2,Home
A003448,P00796,59,0.273,Neurology,2025-01-28,7,2025-02-04,8963.04,2,Home
A003637,P00796,59,0.273,General Surgery,2025-05-02,3,2025-05-05,4465.72,2,Home Health Care
A005434,P00796,59,0.273,General Surgery,2025-07-23,3,2025-07-26,5190.18,7,Home
A006730,P00796,59,0.273,ICU,2025-08-20,2,2025-08-22,6148.07,2,Skilled Nursing Facility
A006993,P00796,59,0.273,Neurology,2025-11-23,9,2025-12-02,11995.58,5,Home
A007541,P00796,59,0.273,Neurology,2026-03-26,2,2026-03-28,2774.23,3,Home
A001305,P00797,76,0.195,Neurology,2024-11-22,12,2024-12-04,16694.34,0,Home
A003665,P00797,76,0.195,Emergency,2025-07-18,8,2025-07-26,7360.79,6,Home
A003846,P00797,76,0.195,Emergency,2025-12-05,2,2025-12-07,1924.07,6,Home Health Care
A007900,P00797,76,0.195,Neurology,2026-02-20,20,2026-03-12,27841.26,3,Home Health Care
A008415,P00797,76,0.195,Emergency,2026-06-14,8,2026-06-22,8341.56,7,Home
A000323,P00798,100,0.269,Emergency,2024-11-30,1,2024-12-01,848.87,2,Home
A000721,P00798,100,0.269,Emergency,2025-01-22,9,2025-01-31,9977.19,5,Home
A002334,P00798,100,0.269,Cardiology,2025-03-29,8,2025-04-06,12810.47,3,Home
A002494,P00798,100,0.269,Orthopedics,2025-07-17,3,2025-07-20,4771.41,2,Against Medical Advice
A005445,P00798,100,0.269,General Surgery,2025-09-19,3,2025-09-22,4893.4,7,Home
A007733,P00798,100,0.269,Orthopedics,2025-11-09,1,2025-11-10,1550.42,2,Home
A008715,P00798,100,0.269,Orthopedics,2025-11-24,1,2025-11-25,1289.73,6,Home Health Care
A008898,P00798,100,0.269,ICU,2026-05-08,15,2026-05-23,41259.65,3,Home
A003539,P00799,64,0.34,Neurology,2024-11-13,1,2024-11-14,1254.1,4,Home Health Care
A003968,P00799,64,0.34,Emergency,2025-02-27,1,2025-02-28,1028.45,3,Home
A004270,P00799,64,0.34,General Surgery,2025-10-10,4,2025-10-14,5480.59,4,Home
A007086,P00799,64,0.34,Emergency,2025-11-16,1,2025-11-17,1071.06,5,Home Health Care
A008846,P00799,64,0.34,Emergency,2026-02-04,2,2026-02-06,1856.72,3,Home
A008857,P00799,64,0.34,Neurology,2026-05-19,1,2026-05-20,1404.69,7,Against Medical Advice
A009159,P00799,64,0.34,General Surgery,2026-07-23,14,2026-08-06,23915.36,4,Home
A009354,P00799,64,0.34,Emergency,2026-09-02,2,2026-09-04,1698.24,5,Home Health Care
A009407,P00799,64,0.34,Cardiology,2026-09-15,2,2026-09-17,4152.36,1,Home
A002370,P00800,47,0.307,General Surgery,2025-01-10,4,2025-01-14,5504.56,2,Home
A003402,P00800,47,0.307,General Surgery,2025-10-23,6,2025-10-29,10818.68,1,Home
A003662,P00800,47,0.307,ICU,2026-03-19,9,2026-03-28,27272.71,9,Home Health Care
A004807,P00800,47,0.307,Emergency,2026-09-02,3,2026-09-05,3326.8,3,Home Health Care
A002954,P00801,61,0.194,Emergency,2024-10-23,9,2024-11-01,8724.66,4,Home Health Care
A003089,P00801,61,0.194,Orthopedics,2025-07-07,2,2025-07-09,2524.94,5,Against Medical Advice
A004402,P00801,61,0.194,Neurology,2025-08-20,1,2025-08-21,1402.75,4,Home
A005122,P00801,61,0.194,General Surgery,2026-09-08,1,2026-09-09,1368.03,7,Home
A005658,P00801,61,0.194,ICU,2026-09-11,3,2026-09-14,7282.51,1,Home
A002425,P00802,48,0.464,Neurology,2025-02-10,1,2025-02-11,1246.26,5,Home
A003183,P00802,48,0.464,ICU,2025-05-01,2,2025-05-03,4252.48,4,Home Health Care
A006184,P00802,48,0.464,ICU,2025-05-11,7,2025-05-18,20377.36,2,Home
A007337,P00802,48,0.464,General Surgery,2025-10-18,8,2025-10-26,11628.78,3,Home
A007855,P00802,48,0.464,Neurology,2026-01-18,4,2026-01-22,5778.68,7,Home Health Care
A008299,P00802,48,0.464,Emergency,2026-02-14,7,2026-02-21,6365.98,2,Home Health Care
A008383,P00802,48,0.464,Emergency,2026-03-16,13,2026-03-29,13253.2,3,Home
A009069,P00802,48,0.464,Cardiology,2026-04-20,4,2026-04-24,6646.15,3,Home
A001391,P00803,53,0.15,Cardiology,2024-11-20,1,2024-11-21,1874.32,3,Home
A002693,P00803,53,0.15,General Surgery,2025-04-05,5,2025-04-10,6672.03,2,Home
A006833,P00803,53,0.15,General Surgery,2025-05-16,12,2025-05-28,21996.95,1,Home
A007989,P00803,53,0.15,Orthopedics,2026-01-14,7,2026-01-21,8344.48,7,Home Health Care
A009206,P00803,53,0.15,Emergency,2026-05-07,5,2026-05-12,5569.76,3,Home
A002523,P00804,76,0.36,Orthopedics,2024-11-01,3,2024-11-04,3562.82,8,Home Health Care
A004607,P00804,76,0.36,Orthopedics,2024-11-20,4,2024-11-24,5022.42,7,Home
A005030,P00804,76,0.36,ICU,2025-01-02,4,2025-01-06,11247.75,3,Home Health Care
A006002,P00804,76,0.36,Neurology,2025-05-10,7,2025-05-17,11619.69,3,Home
A007008,P00804,76,0.36,Emergency,2025-12-27,3,2025-12-30,3202.7,5,Home
A008282,P00804,76,0.36,Emergency,2026-01-30,8,2026-02-07,7951.8,3,Skilled Nursing Facility
A008443,P00804,76,0.36,Emergency,2026-03-14,1,2026-03-15,920.69,2,Home
A008503,P00804,76,0.36,General Surgery,2026-04-08,2,2026-04-10,3253.13,3,Home
A008585,P00804,76,0.36,Emergency,2026-05-06,2,2026-05-08,2014.56,5,Home
A008720,P00804,76,0.36,ICU,2026-08-07,10,2026-08-17,26998.75,6,Home
A000126,P00805,58,0.245,Neurology,2024-12-01,33,2025-01-03,54705.04,4,Against Medical Advice
A000239,P00805,58,0.245,Neurology,2025-01-22,2,2025-01-24,2738.41,4,Home Health Care
A000360,P00806,28,0.043,General Surgery,2024-10-30,2,2024-11-01,3676.31,2,Skilled Nursing Facility
A001512,P00806,28,0.043,Neurology,2024-11-22,1,2024-11-23,1419.17,2,Home
A003025,P00806,28,0.043,Cardiology,2025-03-15,4,2025-03-19,6330.49,5,Home
A004142,P00806,28,0.043,Emergency,2025-09-04,5,2025-09-09,4337.72,2,Home
A006575,P00806,28,0.043,Emergency,2026-06-23,1,2026-06-24,872.43,3,Home Health Care
A004108,P00807,49,0.307,General Surgery,2024-10-12,5,2024-10-17,8243.94,9,Home Health Care
A004199,P00807,49,0.307,Emergency,2024-11-19,10,2024-11-29,8859.86,5,Home Health Care
A006219,P00807,49,0.307,Emergency,2025-09-07,3,2025-09-10,2708.11,1,Home
A007414,P00807,49,0.307,Orthopedics,2025-12-01,4,2025-12-05,5260.56,6,Home
A008513,P00807,49,0.307,Emergency,2026-07-03,4,2026-07-07,3260.08,2,Skilled Nursing Facility
A008862,P00807,49,0.307,ICU,2026-08-15,7,2026-08-22,15530.78,9,Skilled Nursing Facility
A009048,P00807,49,0.307,Cardiology,2026-08-25,8,2026-09-02,15424.5,7,Home
A000173,P00808,21,0.285,Emergency,2024-10-09,4,2024-10-13,4052.49,3,Against Medical Advice
A000832,P00808,21,0.285,Cardiology,2024-12-27,2,2024-12-29,3739.69,2,Skilled Nursing Facility
A002745,P00808,21,0.285,Emergency,2025-01-30,12,2025-02-11,10166.2,5,Home
A004698,P00808,21,0.285,ICU,2025-06-28,19,2025-07-17,46996.28,4,Home Health Care
A006231,P00808,21,0.285,Neurology,2025-08-15,3,2025-08-18,3647.65,6,Home Health Care
A006493,P00808,21,0.285,Emergency,2025-11-09,2,2025-11-11,1767.47,3,Home
A008151,P00808,21,0.285,Emergency,2026-05-31,9,2026-06-09,8268.14,3,Home
A008729,P00808,21,0.285,Cardiology,2026-08-25,1,2026-08-26,2162.45,5,Home
A009336,P00808,21,0.285,General Surgery,2026-09-05,1,2026-09-06,1717.21,4,Skilled Nursing Facility
A001240,P00809,58,0.209,Emergency,2024-11-05,5,2024-11-10,5105.17,4,Home Health Care
A001983,P00809,58,0.209,Neurology,2025-07-28,1,2025-07-29,1257.43,1,Home
A002517,P00809,58,0.209,Emergency,2025-09-28,2,2025-09-30,1981.1,2,Home
A003409,P00809,58,0.209,Orthopedics,2026-07-12,3,2026-07-15,4513.8,10,Home
A005610,P00809,58,0.209,Emergency,2026-09-18,3,2026-09-21,2438.21,6,Skilled Nursing Facility
A001832,P00810,45,0.328,General Surgery,2024-12-11,9,2024-12-20,16657.58,2,Home
A003252,P00810,45,0.328,Cardiology,2024-12-31,2,2025-01-02,3969.02,4,Home
A003703,P00810,45,0.328,General Surgery,2025-03-25,2,2025-03-27,2904.48,2,Skilled Nursing Facility
A005127,P00810,45,0.328,Neurology,2025-04-24,2,2025-04-26,2490.58,5,Home Health Care
A005913,P00810,45,0.328,Cardiology,2025-06-25,12,2025-07-07,23912.43,4,Home
A008274,P00810,45,0.328,Cardiology,2025-08-31,7,2025-09-07,14768.73,0,Home Health Care
A000228,P00811,52,0.138,Cardiology,2025-02-16,8,2025-02-24,15623.51,4,Home
A002455,P00811,52,0.138,Emergency,2025-07-27,6,2025-08-02,6682.09,4,Home Health Care
A003642,P00811,52,0.138,Emergency,2026-03-26,1,2026-03-27,872.74,3,Home
A002508,P00812,83,0.082,General Surgery,2024-12-06,1,2024-12-07,1476.18,1,Home
A002725,P00812,83,0.082,Neurology,2025-12-12,12,2025-12-24,18804.08,1,Home
A003334,P00812,83,0.082,General Surgery,2026-04-11,11,2026-04-22,19306.6,3,Home
A005510,P00812,83,0.082,Emergency,2026-05-10,1,2026-05-11,815.24,0,Skilled Nursing Facility
A006692,P00812,83,0.082,Emergency,2026-06-04,1,2026-06-05,979.0,4,Home
A000276,P00813,49,0.37,Emergency,2025-01-14,1,2025-01-15,1081.7,6,Home
A003969,P00813,49,0.37,General Surgery,2025-04-30,4,2025-05-04,7410.8,6,Skilled Nursing Facility
A008459,P00813,49,0.37,General Surgery,2025-07-15,4,2025-07-19,5157.86,1,Home
A008912,P00813,49,0.37,General Surgery,2025-11-16,3,2025-11-19,4990.96,4,Skilled Nursing Facility
A009285,P00813,49,0.37,General Surgery,2025-11-27,1,2025-11-28,1874.35,2,Home Health Care
A009539,P00813,49,0.37,Cardiology,2026-01-05,1,2026-01-06,1739.29,6,Home
A009623,P00813,49,0.37,Neurology,2026-03-23,1,2026-03-24,1684.11,12,Skilled Nursing Facility
A009631,P00813,49,0.37,ICU,2026-04-30,6,2026-05-06,13598.88,5,Home
A009654,P00813,49,0.37,Emergency,2026-06-16,17,2026-07-03,18259.7,3,Home
A001463,P00814,62,0.239,Orthopedics,2024-10-25,1,2024-10-26,1511.66,4,Home Health Care
A003262,P00814,62,0.239,Neurology,2025-01-25,1,2025-01-26,1497.74,1,Against Medical Advice
A004854,P00814,62,0.239,General Surgery,2025-02-02,1,2025-02-03,1287.39,6,Home Health Care
A006008,P00814,62,0.239,Emergency,2025-02-13,2,2025-02-15,1769.26,6,Skilled Nursing Facility
A006246,P00814,62,0.239,Cardiology,2025-03-19,11,2025-03-30,24336.22,1,Skilled Nursing Facility
A006350,P00814,62,0.239,General Surgery,2025-03-31,5,2025-04-05,8228.28,5,Home
A006590,P00814,62,0.239,Neurology,2026-04-03,6,2026-04-09,7697.78,4,Home Health Care
A006690,P00814,62,0.239,General Surgery,2026-09-23,2,2026-09-25,2722.92,6,Home
A000051,P00815,28,0.079,Emergency,2025-01-21,2,2025-01-23,1753.03,5,Home
A002088,P00815,28,0.079,Emergency,2025-05-29,1,2025-05-30,779.56,3,Home Health Care
A002791,P00815,28,0.079,General Surgery,2025-11-24,2,2025-11-26,2945.36,3,Home
A005825,P00815,28,0.079,Emergency,2025-12-10,5,2025-12-15,5595.54,4,Home
A006396,P00815,28,0.079,Emergency,2026-02-16,1,2026-02-17,1026.05,3,Home
A007398,P00815,28,0.079,Orthopedics,2026-03-29,5,2026-04-03,5957.01,3,Home Health Care
A008915,P00815,28,0.079,Emergency,2026-08-28,1,2026-08-29,890.98,3,Home
A002346,P00816,69,0.278,Emergency,2024-12-10,2,2024-12-12,1672.56,4,Skilled Nursing Facility
A003178,P00816,69,0.278,Emergency,2025-03-25,6,2025-03-31,6274.75,5,Home
A004102,P00816,69,0.278,Emergency,2025-04-25,1,2025-04-26,1038.16,3,Home
A005396,P00816,69,0.278,ICU,2025-10-07,1,2025-10-08,2707.85,7,Home
A006270,P00816,69,0.278,General Surgery,2025-12-11,1,2025-12-12,1782.67,6,Skilled Nursing Facility
A007254,P00816,69,0.278,General Surgery,2025-12-27,15,2026-01-11,25882.41,4,Skilled Nursing Facility
A007816,P00816,69,0.278,General Surgery,2026-02-02,4,2026-02-06,6041.64,1,Home
A008507,P00816,69,0.278,General Surgery,2026-04-19,1,2026-04-20,1652.06,4,Home
A009109,P00816,69,0.278,Emergency,2026-04-22,11,2026-05-03,9283.94,3,Home Health Care
A009190,P00816,69,0.278,ICU,2026-07-22,6,2026-07-28,15516.88,5,Skilled Nursing Facility
A009375,P00816,69,0.278,Neurology,2026-08-18,7,2026-08-25,8442.16,5,Home
A000321,P00817,43,0.044,Emergency,2025-01-05,22,2025-01-27,19775.13,6,Home
A000710,P00817,43,0.044,Orthopedics,2025-06-18,1,2025-06-19,1183.84,1,Home
A001111,P00817,43,0.044,ICU,2025-07-07,1,2025-07-08,2827.11,3,Home
A001113,P00817,43,0.044,Neurology,2025-09-10,1,2025-09-11,1394.89,3,Against Medical Advice
A001891,P00817,43,0.044,Emergency,2025-09-12,1,2025-09-13,882.18,0,Skilled Nursing Facility
A002022,P00817,43,0.044,ICU,2025-09-22,1,2025-09-23,2567.44,1,Home
A002406,P00817,43,0.044,Emergency,2026-03-20,3,2026-03-23,2384.64,3,Against Medical Advice
A004506,P00817,43,0.044,ICU,2026-04-03,2,2026-04-05,4691.04,2,Home
A005310,P00817,43,0.044,Emergency,2026-09-11,1,2026-09-12,857.13,2,Home
A000496,P00818,20,0.363,Neurology,2024-12-02,7,2024-12-09,9973.26,3,Home Health Care
A001218,P00818,20,0.363,ICU,2024-12-22,3,2024-12-25,9169.73,5,Home
A001378,P00818,20,0.363,Emergency,2025-01-11,4,2025-01-15,4064.84,2,Home Health Care
A004909,P00818,20,0.363,Cardiology,2025-03-20,6,2025-03-26,12316.91,8,Home
A006029,P00818,20,0.363,Cardiology,2025-07-01,18,2025-07-19,38964.15,7,Home Health Care
A006736,P00818,20,0.363,Cardiology,2025-12-14,4,2025-12-18,8222.86,6,Skilled Nursing Facility
A006999,P00818,20,0.363,Emergency,2026-01-04,6,2026-01-10,6102.51,1,Against Medical Advice
A007419,P00818,20,0.363,Cardiology,2026-02-01,7,2026-02-08,10927.7,5,Home
A007804,P00818,20,0.363,Cardiology,2026-03-04,12,2026-03-16,20003.7,7,Home
A008265,P00818,20,0.363,Neurology,2026-03-25,1,2026-03-26,1734.35,3,Home
A008403,P00818,20,0.363,General Surgery,2026-06-28,4,2026-07-02,6656.98,6,Home
A008666,P00818,20,0.363,General Surgery,2026-07-25,5,2026-07-30,8637.48,8,Home Health Care
A002000,P00819,38,0.396,ICU,2025-01-30,10,2025-02-09,22084.24,4,Home
A005852,P00819,38,0.396,General Surgery,2025-06-03,3,2025-06-06,4050.12,2,Home
A007725,P00819,38,0.396,Neurology,2025-09-30,6,2025-10-06,7846.32,9,Home
A008919,P00819,38,0.396,Emergency,2025-11-21,3,2025-11-24,3021.22,7,Home
A009156,P00819,38,0.396,General Surgery,2026-07-08,7,2026-07-15,11612.13,4,Home
A003153,P00820,61,0.484,Emergency,2025-02-09,14,2025-02-23,14404.68,6,Home
A003250,P00820,61,0.484,Neurology,2025-04-16,4,2025-04-20,5640.21,10,Skilled Nursing Facility
A004397,P00820,61,0.484,Emergency,2025-07-16,5,2025-07-21,4095.91,10,Home
A007700,P00820,61,0.484,General Surgery,2025-08-02,22,2025-08-24,31936.1,5,Home Health Care
A007981,P00820,61,0.484,Orthopedics,2026-02-14,1,2026-02-15,1396.9,5,Home
A008479,P00820,61,0.484,Neurology,2026-08-01,9,2026-08-10,15026.98,11,Home
A008645,P00820,61,0.484,Orthopedics,2026-08-28,4,2026-09-01,5878.93,3,Home
A001245,P00821,61,0.295,Neurology,2025-01-28,6,2025-02-03,8888.52,4,Home Health Care
A002357,P00821,61,0.295,Orthopedics,2025-05-21,7,2025-05-28,8262.51,3,Skilled Nursing Facility
A002621,P00821,61,0.295,Cardiology,2025-09-26,1,2025-09-27,1923.7,4,Skilled Nursing Facility
A002677,P00821,61,0.295,ICU,2025-12-18,4,2025-12-22,10136.79,9,Against Medical Advice
A002854,P00821,61,0.295,Cardiology,2026-02-09,2,2026-02-11,3322.16,6,Against Medical Advice
A003251,P00821,61,0.295,Neurology,2026-03-08,1,2026-03-09,1705.52,2,Home
A004006,P00821,61,0.295,ICU,2026-06-30,3,2026-07-03,7807.83,5,Home
A000370,P00822,55,0.39,Neurology,2025-01-14,5,2025-01-19,7535.32,4,Skilled Nursing Facility
A004052,P00822,55,0.39,Emergency,2025-05-07,4,2025-05-11,3504.31,4,Home
A006252,P00822,55,0.39,Orthopedics,2025-09-27,3,2025-09-30,4635.19,3,Home
A007403,P00822,55,0.39,Emergency,2025-11-07,3,2025-11-10,3004.71,8,Home Health Care
A008041,P00822,55,0.39,General Surgery,2025-11-13,1,2025-11-14,1652.96,7,Home
A008147,P00822,55,0.39,Orthopedics,2026-01-19,5,2026-01-24,7511.04,5,Home
A008259,P00822,55,0.39,Neurology,2026-01-31,1,2026-02-01,1701.0,3,Home
A008384,P00822,55,0.39,Emergency,2026-02-19,8,2026-02-27,7201.22,4,Home
A009223,P00822,55,0.39,Emergency,2026-04-21,14,2026-05-05,15130.88,5,Home
A009286,P00822,55,0.39,ICU,2026-08-10,7,2026-08-17,16673.98,5,Home
A003921,P00823,31,0.097,Orthopedics,2024-10-14,7,2024-10-21,10864.53,6,Skilled Nursing Facility
A004525,P00823,31,0.097,Orthopedics,2025-01-24,5,2025-01-29,6463.86,4,Home
A005857,P00823,31,0.097,Orthopedics,2025-12-06,7,2025-12-13,10848.81,2,Home Health Care
A006534,P00823,31,0.097,Neurology,2026-01-30,5,2026-02-04,6760.2,3,Skilled Nursing Facility
A007897,P00823,31,0.097,Emergency,2026-06-06,1,2026-06-07,787.98,1,Home
A001027,P00824,58,0.029,Orthopedics,2024-10-04,3,2024-10-07,3983.69,1,Home
A001080,P00824,58,0.029,General Surgery,2025-01-09,1,2025-01-10,1722.34,2,Home
A004630,P00824,58,0.029,Cardiology,2025-12-17,3,2025-12-20,6687.47,4,Home
A006433,P00824,58,0.029,Emergency,2026-04-26,8,2026-05-04,6251.69,3,Home
A007603,P00824,58,0.029,Emergency,2026-06-12,2,2026-06-14,1546.12,3,Home
A002111,P00825,81,0.139,Emergency,2025-01-12,2,2025-01-14,1597.78,4,Home
A004009,P00825,81,0.139,Emergency,2025-07-01,1,2025-07-02,770.79,2,Against Medical Advice
A004202,P00825,81,0.139,Neurology,2025-07-28,3,2025-07-31,4645.89,5,Home Health Care
A004606,P00825,81,0.139,Emergency,2025-08-22,8,2025-08-30,6782.76,4,Skilled Nursing Facility
A007364,P00825,81,0.139,Orthopedics,2025-09-19,6,2025-09-25,8800.17,2,Home
A008767,P00825,81,0.139,Cardiology,2026-02-03,5,2026-02-08,8132.75,5,Home
A008879,P00825,81,0.139,General Surgery,2026-08-19,2,2026-08-21,3285.24,5,Home
A000498,P00826,51,0.202,ICU,2024-12-15,4,2024-12-19,11899.9,4,Home
A002135,P00826,51,0.202,General Surgery,2025-04-04,8,2025-04-12,13636.16,3,Home
A002361,P00826,51,0.202,Emergency,2025-07-01,4,2025-07-05,3326.66,5,Home
A003478,P00826,51,0.202,Emergency,2025-08-19,3,2025-08-22,2960.64,7,Home
A004519,P00826,51,0.202,Emergency,2025-10-02,2,2025-10-04,1592.62,4,Home
A003531,P00827,55,0.186,Cardiology,2024-11-27,2,2024-11-29,3607.65,5,Home
A005195,P00827,55,0.186,Neurology,2025-01-03,3,2025-01-06,4760.61,3,Home
A006083,P00827,55,0.186,General Surgery,2025-03-14,9,2025-03-23,14618.6,2,Home
A007698,P00827,55,0.186,Emergency,2026-06-15,4,2026-06-19,3137.92,7,Home
A000447,P00828,45,0.486,Neurology,2024-09-30,13,2024-10-13,17279.34,4,Home
A006614,P00828,45,0.486,General Surgery,2024-10-31,9,2024-11-09,14365.04,7,Home Health Care
A008001,P00828,45,0.486,Cardiology,2026-05-13,17,2026-05-30,30744.2,3,Skilled Nursing Facility
A008206,P00828,45,0.486,Emergency,2026-08-04,4,2026-08-08,3456.28,4,Home
A004711,P00829,52,0.39,ICU,2024-10-17,2,2024-10-19,5768.33,7,Home
A006279,P00829,52,0.39,Cardiology,2024-10-30,5,2024-11-04,10630.01,4,Skilled Nursing Facility
A007449,P00829,52,0.39,Emergency,2024-11-22,2,2024-11-24,1920.78,2,Home
A007946,P00829,52,0.39,Emergency,2025-01-14,4,2025-01-18,4346.23,7,Home
A008614,P00829,52,0.39,Orthopedics,2025-02-17,3,2025-02-20,4309.28,5,Home
A009162,P00829,52,0.39,Cardiology,2025-05-18,5,2025-05-23,7931.74,3,Home
A009261,P00829,52,0.39,ICU,2025-06-11,2,2025-06-13,5151.66,5,Home
A009466,P00829,52,0.39,Orthopedics,2026-04-30,4,2026-05-04,6232.53,8,Home
A000688,P00830,76,0.073,ICU,2024-11-21,4,2024-11-25,8636.78,4,Skilled Nursing Facility
A000757,P00830,76,0.073,ICU,2025-05-05,3,2025-05-08,9235.72,2,Home
A002448,P00830,76,0.073,Emergency,2025-10-10,6,2025-10-16,5847.21,4,Home
A002944,P00830,76,0.073,Emergency,2026-06-22,3,2026-06-25,3004.75,6,Home Health Care
A003697,P00830,76,0.073,Cardiology,2026-06-28,3,2026-07-01,4822.11,1,Home
A003759,P00830,76,0.073,General Surgery,2026-09-12,10,2026-09-22,14596.03,0,Home
A000202,P00831,38,0.149,Emergency,2024-09-29,10,2024-10-09,10797.47,2,Home
A001042,P00831,38,0.149,Orthopedics,2024-12-01,3,2024-12-04,3874.99,5,Home
A001789,P00831,38,0.149,Emergency,2024-12-12,15,2024-12-27,14563.54,6,Against Medical Advice
A001976,P00831,38,0.149,ICU,2024-12-29,5,2025-01-03,13437.56,3,Skilled Nursing Facility
A005318,P00831,38,0.149,Neurology,2025-02-16,1,2025-02-17,1347.37,6,Home
A007344,P00831,38,0.149,ICU,2025-03-19,8,2025-03-27,17993.44,3,Home Health Care
A007757,P00831,38,0.149,General Surgery,2025-04-26,9,2025-05-05,15929.45,0,Skilled Nursing Facility
A007790,P00831,38,0.149,Emergency,2025-05-17,5,2025-05-22,4673.64,6,Home Health Care
A008502,P00831,38,0.149,Cardiology,2025-09-20,6,2025-09-26,9555.96,3,Home
A008776,P00831,38,0.149,Cardiology,2026-01-18,1,2026-01-19,1655.86,3,Home
A009241,P00831,38,0.149,General Surgery,2026-01-24,15,2026-02-08,21376.35,0,Home Health Care
A009297,P00831,38,0.149,Emergency,2026-04-20,2,2026-04-22,2085.71,3,Home
A009331,P00831,38,0.149,Orthopedics,2026-04-26,6,2026-05-02,8289.44,6,Home
A009416,P00831,38,0.149,Emergency,2026-06-03,1,2026-06-04,974.76,3,Home
A003675,P00832,75,0.136,ICU,2024-12-01,2,2024-12-03,5948.52,3,Home
A004312,P00832,75,0.136,ICU,2024-12-30,4,2025-01-03,11380.13,1,Home
A005096,P00832,75,0.136,Emergency,2025-09-09,3,2025-09-12,3167.69,6,Home
A005688,P00832,75,0.136,Emergency,2025-09-15,3,2025-09-18,3325.62,6,Home Health Care
A006043,P00832,75,0.136,Emergency,2026-08-24,1,2026-08-25,995.79,7,Home
A006725,P00832,75,0.136,Emergency,2026-09-08,1,2026-09-09,1071.29,2,Home
A004334,P00833,83,0.402,Orthopedics,2024-10-04,4,2024-10-08,6054.99,7,Home
A004352,P00833,83,0.402,Neurology,2025-03-20,2,2025-03-22,2949.51,4,Home
A007836,P00833,83,0.402,Emergency,2025-05-15,11,2025-05-26,8601.96,6,Home
A008327,P00833,83,0.402,Cardiology,2025-07-30,1,2025-07-31,1826.0,3,Home
A008931,P00833,83,0.402,Orthopedics,2025-10-15,1,2025-10-16,1185.54,7,Home
A009024,P00833,83,0.402,Emergency,2026-01-03,1,2026-01-04,786.07,6,Home
A009122,P00833,83,0.402,Neurology,2026-03-15,3,2026-03-18,3781.24,11,Home
A009275,P00833,83,0.402,ICU,2026-05-24,1,2026-05-25,3060.56,5,Against Medical Advice
A009465,P00833,83,0.402,General Surgery,2026-06-02,2,2026-06-04,2620.26,7,Home
A009509,P00833,83,0.402,ICU,2026-08-04,14,2026-08-18,43435.82,3,Home Health Care
A003128,P00834,81,0.186,ICU,2024-11-07,1,2024-11-08,2549.37,7,Home Health Care
A006269,P00834,81,0.186,Cardiology,2024-12-04,5,2024-12-09,8281.87,4,Home
A007170,P00834,81,0.186,Orthopedics,2025-01-19,7,2025-01-26,8646.59,5,Home
A007581,P00834,81,0.186,ICU,2025-03-13,1,2025-03-14,2240.17,5,Home
A008023,P00834,81,0.186,Emergency,2025-09-30,10,2025-10-10,8012.72,5,Home Health Care
A008921,P00834,81,0.186,Cardiology,2025-12-09,3,2025-12-12,5770.09,3,Home Health Care
A009274,P00834,81,0.186,ICU,2026-01-30,6,2026-02-05,12874.28,5,Home
A009351,P00834,81,0.186,Orthopedics,2026-08-31,21,2026-09-21,28954.16,6,Home Health Care
A002749,P00835,78,0.067,Cardiology,2025-01-22,9,2025-01-31,14246.62,7,Home
A004425,P00835,78,0.067,General Surgery,2026-02-15,6,2026-02-21,8501.66,1,Home Health Care
A006068,P00835,78,0.067,Emergency,2026-03-15,3,2026-03-18,2579.81,0,Home
A007467,P00835,78,0.067,General Surgery,2026-04-14,1,2026-04-15,1547.29,4,Home Health Care
A008294,P00835,78,0.067,Cardiology,2026-08-16,4,2026-08-20,8285.14,1,Skilled Nursing Facility
A002463,P00836,49,0.236,Emergency,2025-02-03,7,2025-02-10,6804.64,3,Against Medical Advice
A003167,P00836,49,0.236,ICU,2025-02-22,6,2025-02-28,14453.32,5,Skilled Nursing Facility
A007048,P00836,49,0.236,General Surgery,2025-03-09,3,2025-03-12,4210.02,1,Home
A007732,P00836,49,0.236,General Surgery,2025-05-12,1,2025-05-13,1682.4,3,Skilled Nursing Facility
A008628,P00836,49,0.236,ICU,2025-07-27,3,2025-07-30,8789.2,8,Home
A008881,P00836,49,0.236,Orthopedics,2025-09-27,8,2025-10-05,10005.27,6,Home Health Care
A009446,P00836,49,0.236,ICU,2025-10-16,1,2025-10-17,2716.52,4,Home
A009507,P00836,49,0.236,Neurology,2026-03-27,11,2026-04-07,14144.56,10,Home
A000685,P00837,57,0.186,Emergency,2025-01-15,8,2025-01-23,7571.63,5,Home Health Care
A001043,P00837,57,0.186,Neurology,2025-06-13,5,2025-06-18,6130.43,4,Home
A002266,P00837,57,0.186,Cardiology,2025-09-13,7,2025-09-20,14948.35,5,Against Medical Advice
A002436,P00837,57,0.186,General Surgery,2026-01-27,1,2026-01-28,1590.8,6,Home
A004262,P00837,57,0.186,Neurology,2026-01-30,4,2026-02-03,5172.96,4,Home Health Care
A005675,P00837,57,0.186,ICU,2026-03-15,4,2026-03-19,12121.57,7,Home
A006518,P00837,57,0.186,General Surgery,2026-05-27,6,2026-06-02,8726.98,4,Against Medical Advice
A007078,P00837,57,0.186,Neurology,2026-08-16,8,2026-08-24,10765.66,5,Home
A000093,P00838,32,0.311,Emergency,2024-12-04,3,2024-12-07,2651.72,4,Home
A000910,P00838,32,0.311,General Surgery,2025-05-18,4,2025-05-22,6512.27,5,Home Health Care
A001464,P00838,32,0.311,General Surgery,2026-06-04,2,2026-06-06,2760.27,6,Home
A000366,P00839,68,0.102,Emergency,2024-11-09,6,2024-11-15,4935.47,5,Home
A005606,P00839,68,0.102,General Surgery,2025-08-07,4,2025-08-11,5890.84,4,Against Medical Advice
A007011,P00839,68,0.102,Neurology,2025-09-27,2,2025-09-29,3064.79,8,Home
A007835,P00839,68,0.102,Emergency,2026-03-20,1,2026-03-21,1054.16,3,Home Health Care
A008935,P00839,68,0.102,General Surgery,2026-08-16,1,2026-08-17,1285.51,1,Home
A001007,P00840,75,0.324,Cardiology,2025-01-13,4,2025-01-17,7601.61,3,Home
A007672,P00840,75,0.324,Cardiology,2025-02-03,3,2025-02-06,4750.01,5,Home
A007693,P00840,75,0.324,Orthopedics,2025-08-22,16,2025-09-07,24251.27,3,Home
A007829,P00840,75,0.324,Cardiology,2026-03-28,7,2026-04-04,13972.28,4,Home
A002878,P00841,27,0.292,Emergency,2025-01-27,1,2025-01-28,938.71,3,Home
A004539,P00841,27,0.292,General Surgery,2025-02-05,1,2025-02-06,1631.66,7,Home
A005325,P00841,27,0.292,Orthopedics,2025-03-03,1,2025-03-04,1437.37,5,Home
A005691,P00841,27,0.292,ICU,2025-04-24,7,2025-05-01,18518.91,5,Home
A006090,P00841,27,0.292,Emergency,2025-07-26,5,2025-07-31,3863.48,3,Against Medical Advice
A006390,P00841,27,0.292,ICU,2025-08-16,3,2025-08-19,8835.36,5,Home Health Care
A006862,P00841,27,0.292,General Surgery,2025-12-23,3,2025-12-26,4845.17,9,Home
A007873,P00841,27,0.292,General Surgery,2026-03-06,1,2026-03-07,1692.16,4,Home Health Care
A008434,P00841,27,0.292,Orthopedics,2026-07-26,16,2026-08-11,20343.47,3,Home
A008509,P00841,27,0.292,Emergency,2026-09-02,3,2026-09-05,2981.78,3,Home
A004322,P00842,56,0.279,ICU,2024-10-17,2,2024-10-19,4930.52,2,Home
A004753,P00842,56,0.279,General Surgery,2025-01-31,5,2025-02-05,7857.37,2,Home
A005111,P00842,56,0.279,Emergency,2025-04-23,2,2025-04-25,1626.51,5,Home
A005975,P00842,56,0.279,Neurology,2025-05-18,4,2025-05-22,5732.71,4,Home
A006313,P00842,56,0.279,Emergency,2025-12-17,21,2026-01-07,22517.27,4,Home
A007096,P00842,56,0.279,General Surgery,2026-03-20,15,2026-04-04,20839.83,3,Home
A007116,P00842,56,0.279,General Surgery,2026-06-19,2,2026-06-21,2635.1,5,Home
A000774,P00843,53,0.311,General Surgery,2025-01-22,44,2025-03-07,67591.69,9,Home
A001189,P00843,53,0.311,Orthopedics,2025-05-22,12,2025-06-03,16754.43,2,Home
A005815,P00843,53,0.311,Emergency,2026-09-03,1,2026-09-04,894.11,3,Home
A002505,P00844,50,0.398,Emergency,2024-12-22,10,2025-01-01,10651.76,7,Home Health Care
A002602,P00844,50,0.398,Neurology,2025-08-16,7,2025-08-23,9920.11,8,Skilled Nursing Facility
A002676,P00844,50,0.398,Neurology,2025-08-25,21,2025-09-15,32056.23,9,Skilled Nursing Facility
A002990,P00844,50,0.398,ICU,2025-12-14,2,2025-12-16,4903.23,7,Home
A003955,P00844,50,0.398,ICU,2026-02-11,22,2026-03-05,50292.6,6,Against Medical Advice
A004161,P00844,50,0.398,General Surgery,2026-03-16,5,2026-03-21,6896.85,5,Home Health Care
A006886,P00844,50,0.398,Neurology,2026-07-31,5,2026-08-05,8151.87,4,Home Health Care
A007069,P00844,50,0.398,General Surgery,2026-09-02,2,2026-09-04,2585.95,4,Home
A000158,P00845,68,0.292,Emergency,2025-01-06,6,2025-01-12,6674.47,1,Home
A000440,P00845,68,0.292,Emergency,2025-05-01,7,2025-05-08,5974.48,7,Against Medical Advice
A000989,P00845,68,0.292,Orthopedics,2025-07-03,2,2025-07-05,2682.24,4,Home Health Care
A001869,P00845,68,0.292,Emergency,2026-04-12,9,2026-04-21,8762.66,5,Home Health Care
A000478,P00846,88,0.182,Orthopedics,2024-12-18,4,2024-12-22,6223.1,3,Home
A000800,P00846,88,0.182,Neurology,2024-12-29,3,2025-01-01,5151.6,5,Home
A002329,P00846,88,0.182,Emergency,2025-05-15,1,2025-05-16,796.62,7,Home Health Care
A003570,P00846,88,0.182,Neurology,2026-04-26,1,2026-04-27,1731.59,5,Home
A000255,P00847,81,0.439,General Surgery,2024-12-15,7,2024-12-22,10571.52,7,Home
A002496,P00847,81,0.439,Emergency,2025-03-10,7,2025-03-17,7076.14,5,Skilled Nursing Facility
A003651,P00847,81,0.439,Cardiology,2025-04-13,1,2025-04-14,1659.99,8,Home
A004564,P00847,81,0.439,General Surgery,2025-08-28,7,2025-09-04,10171.02,6,Home Health Care
A004699,P00847,81,0.439,Orthopedics,2026-06-19,7,2026-06-26,10211.2,2,Home
A003967,P00848,76,0.21,Emergency,2024-10-20,2,2024-10-22,1929.18,4,Home Health Care
A005632,P00848,76,0.21,ICU,2024-11-07,2,2024-11-09,5511.49,2,Home
A006792,P00848,76,0.21,Orthopedics,2025-04-11,23,2025-05-04,28947.61,5,Home
A006835,P00848,76,0.21,ICU,2026-07-10,8,2026-07-18,22134.71,3,Home Health Care
A006945,P00848,76,0.21,ICU,2026-07-29,9,2026-08-07,24440.04,5,Home
A007557,P00848,76,0.21,Emergency,2026-09-12,5,2026-09-17,4019.37,7,Home
A003012,P00849,11,0.511,ICU,2024-11-04,2,2024-11-06,6037.23,9,Home Health Care
A003233,P00849,11,0.511,Neurology,2025-04-30,5,2025-05-05,7261.5,6,Home
A004896,P00849,11,0.511,General Surgery,2025-09-05,5,2025-09-10,7020.55,5,Home Health Care
A007022,P00849,11,0.511,Emergency,2025-10-03,2,2025-10-05,2158.47,7,Against Medical Advice
A008482,P00849,11,0.511,General Surgery,2025-11-05,15,2025-11-20,21363.85,10,Home Health Care
A008852,P00849,11,0.511,Emergency,2025-12-24,9,2026-01-02,9134.0,7,Home
A008983,P00849,11,0.511,Cardiology,2026-05-06,3,2026-05-09,6394.36,5,Home
A001879,P00850,53,0.164,Cardiology,2024-12-17,9,2024-12-26,14822.81,4,Home
A002317,P00850,53,0.164,Emergency,2025-07-31,13,2025-08-13,10074.83,4,Home Health Care
A004869,P00850,53,0.164,Orthopedics,2025-09-16,3,2025-09-19,4294.81,8,Home
A000624,P00851,36,0.1,Neurology,2025-01-07,4,2025-01-11,5741.19,3,Home
A003998,P00851,36,0.1,Emergency,2025-12-12,3,2025-12-15,2980.05,1,Home
A004118,P00851,36,0.1,Emergency,2026-05-06,2,2026-05-08,1994.48,3,Home
A004487,P00851,36,0.1,ICU,2026-06-19,1,2026-06-20,2494.09,2,Home Health Care
A000834,P00852,73,0.628,ICU,2025-01-28,7,2025-02-04,16528.2,10,Home Health Care
A001297,P00852,73,0.628,Emergency,2025-02-23,12,2025-03-07,10455.3,9,Home
A002166,P00852,73,0.628,Neurology,2025-09-04,3,2025-09-07,4447.86,7,Skilled Nursing Facility
A002215,P00852,73,0.628,General Surgery,2025-10-23,5,2025-10-28,7807.95,4,Home Health Care
A003896,P00852,73,0.628,Orthopedics,2025-11-30,1,2025-12-01,1155.24,3,Home
A005153,P00852,73,0.628,ICU,2026-04-22,7,2026-04-29,20220.36,8,Skilled Nursing Facility
A005803,P00852,73,0.628,Emergency,2026-05-06,5,2026-05-11,5130.59,6,Skilled Nursing Facility
A006674,P00852,73,0.628,Cardiology,2026-08-27,5,2026-09-01,7730.18,8,Skilled Nursing Facility
A001505,P00853,73,0.282,Emergency,2024-12-06,1,2024-12-07,900.11,3,Home
A003494,P00853,73,0.282,ICU,2025-02-10,3,2025-02-13,8932.29,3,Home Health Care
A006170,P00853,73,0.282,Neurology,2025-02-17,4,2025-02-21,6416.89,2,Home
A006245,P00853,73,0.282,Neurology,2025-02-23,7,2025-03-02,10476.88,0,Home
A006516,P00853,73,0.282,Orthopedics,2025-05-08,1,2025-05-09,1388.3,0,Skilled Nursing Facility
A006785,P00853,73,0.282,Neurology,2025-06-17,8,2025-06-25,13459.64,2,Home
A007234,P00853,73,0.282,Emergency,2025-07-04,2,2025-07-06,1998.41,2,Against Medical Advice
A009076,P00853,73,0.282,Emergency,2025-07-19,3,2025-07-22,2404.57,6,Home
A009284,P00853,73,0.282,Neurology,2026-01-21,6,2026-01-27,7335.69,8,Home
A009347,P00853,73,0.282,Orthopedics,2026-08-31,3,2026-09-03,3835.76,3,Home
A001373,P00854,47,0.436,ICU,2025-01-04,1,2025-01-05,2200.32,9,Home
A001384,P00854,47,0.436,Emergency,2025-02-16,2,2025-02-18,1667.56,10,Home
A003644,P00854,47,0.436,Cardiology,2025-08-08,2,2025-08-10,3309.74,6,Against Medical Advice
A004852,P00854,47,0.436,ICU,2025-08-26,21,2025-09-16,50344.5,3,Home Health Care
A005277,P00854,47,0.436,Neurology,2026-04-12,5,2026-04-17,6293.0,9,Home
A001200,P00855,52,0.27,Emergency,2025-02-11,4,2025-02-15,4310.82,7,Home Health Care
A002642,P00855,52,0.27,ICU,2025-06-01,5,2025-06-06,11502.24,7,Home
A005368,P00855,52,0.27,Neurology,2025-08-21,8,2025-08-29,11546.71,1,Home Health Care
A005900,P00855,52,0.27,Cardiology,2025-10-14,6,2025-10-20,11614.23,12,Home Health Care
A006409,P00855,52,0.27,ICU,2026-02-19,2,2026-02-21,6230.82,9,Home
A000525,P00856,42,0.088,Emergency,2024-10-03,1,2024-10-04,1101.63,4,Home
A002070,P00856,42,0.088,Emergency,2025-06-03,4,2025-06-07,3866.94,10,Against Medical Advice
A005397,P00856,42,0.088,Orthopedics,2025-10-20,5,2025-10-25,7308.86,5,Home
A005939,P00856,42,0.088,Cardiology,2026-01-07,5,2026-01-12,9062.27,2,Home
A006895,P00856,42,0.088,Emergency,2026-04-24,3,2026-04-27,2571.83,6,Skilled Nursing Facility
A007568,P00856,42,0.088,ICU,2026-09-09,19,2026-09-28,44821.8,5,Home Health Care
A002304,P00857,69,0.065,General Surgery,2025-01-18,2,2025-01-20,3663.55,4,Home
A003173,P00857,69,0.065,ICU,2025-06-14,2,2025-06-16,6217.86,3,Home
A004072,P00857,69,0.065,Cardiology,2025-08-17,2,2025-08-19,4243.1,5,Home Health Care
A004238,P00857,69,0.065,Emergency,2025-09-10,4,2025-09-14,3593.3,4,Home Health Care
A004371,P00857,69,0.065,Emergency,2025-11-06,1,2025-11-07,1085.72,3,Home Health Care
A005196,P00857,69,0.065,Neurology,2025-12-18,2,2025-12-20,2901.6,1,Home
A006768,P00857,69,0.065,Emergency,2026-02-08,3,2026-02-11,2784.36,4,Home
A001234,P00858,92,0.297,Emergency,2024-10-16,3,2024-10-19,3070.88,6,Home
A001472,P00858,92,0.297,Emergency,2024-12-15,9,2024-12-24,9813.15,4,Skilled Nursing Facility
A001585,P00858,92,0.297,Cardiology,2025-02-19,10,2025-03-01,19809.38,6,Home
A002889,P00858,92,0.297,ICU,2025-08-20,20,2025-09-09,55177.45,1,Skilled Nursing Facility
A003061,P00858,92,0.297,General Surgery,2025-10-20,4,2025-10-24,7393.17,2,Home
A003568,P00858,92,0.297,Emergency,2026-08-10,1,2026-08-11,1094.39,4,Skilled Nursing Facility
A004968,P00858,92,0.297,Neurology,2026-09-16,10,2026-09-26,15044.47,8,Home Health Care
A000031,P00859,51,0.08,Orthopedics,2024-12-13,3,2024-12-16,3831.04,3,Home Health Care
A000409,P00859,51,0.08,Orthopedics,2026-05-04,3,2026-05-07,4533.32,3,Home
A004101,P00859,51,0.08,Emergency,2026-08-17,3,2026-08-20,2960.35,1,Skilled Nursing Facility
A004818,P00860,81,0.672,ICU,2024-11-27,13,2024-12-10,39713.31,10,Home
A004894,P00860,81,0.672,Emergency,2025-08-28,13,2025-09-10,12598.11,8,Skilled Nursing Facility
A006481,P00860,81,0.672,Cardiology,2025-10-13,14,2025-10-27,27605.47,6,Home
A006610,P00860,81,0.672,Emergency,2025-11-17,7,2025-11-24,5515.18,6,Home Health Care
A007278,P00860,81,0.672,Emergency,2025-12-26,3,2025-12-29,2323.58,6,Home
A007710,P00860,81,0.672,General Surgery,2026-03-01,12,2026-03-13,17606.75,9,Skilled Nursing Facility
A007785,P00860,81,0.672,Emergency,2026-04-08,12,2026-04-20,12006.91,5,Skilled Nursing Facility
A007901,P00860,81,0.672,ICU,2026-07-05,1,2026-07-06,3007.79,9,Home
A001467,P00861,59,0.234,Cardiology,2024-12-15,1,2024-12-16,1932.85,3,Against Medical Advice
A002344,P00861,59,0.234,General Surgery,2025-03-19,3,2025-03-22,5298.56,5,Against Medical Advice
A002367,P00861,59,0.234,Neurology,2025-05-01,5,2025-05-06,7838.11,7,Home
A002481,P00861,59,0.234,Neurology,2025-09-24,3,2025-09-27,3836.69,5,Skilled Nursing Facility
A005849,P00861,59,0.234,Emergency,2025-12-04,14,2025-12-18,12837.05,5,Skilled Nursing Facility
A006645,P00861,59,0.234,Emergency,2026-05-17,5,2026-05-22,5074.72,8,Home
A001079,P00862,39,0.099,Emergency,2024-10-23,7,2024-10-30,5686.62,6,Home
A005766,P00862,39,0.099,Emergency,2026-03-17,4,2026-03-21,3611.22,6,Home
A000668,P00863,32,0.149,ICU,2025-01-05,4,2025-01-09,12156.84,4,Home
A001632,P00863,32,0.149,Emergency,2025-03-31,2,2025-04-02,2226.72,3,Home
A001912,P00863,32,0.149,General Surgery,2026-02-21,4,2026-02-25,7346.24,2,Home
A000492,P00864,44,0.552,General Surgery,2025-02-02,8,2025-02-10,14732.79,5,Home Health Care
A002842,P00864,44,0.552,Emergency,2025-03-20,12,2025-04-01,9776.91,7,Home
A005617,P00864,44,0.552,Emergency,2025-12-06,6,2025-12-12,5262.71,7,Home Health Care
A005789,P00864,44,0.552,ICU,2025-12-18,6,2025-12-24,12978.18,5,Home Health Care
A006551,P00864,44,0.552,Cardiology,2026-07-03,9,2026-07-12,19609.77,7,Home Health Care
A006884,P00864,44,0.552,ICU,2026-09-01,1,2026-09-02,2718.47,6,Skilled Nursing Facility
A005182,P00865,58,0.67,Emergency,2024-09-24,11,2024-10-05,8570.52,3,Against Medical Advice
A006540,P00865,58,0.67,Emergency,2025-01-05,9,2025-01-14,7690.36,8,Skilled Nursing Facility
A006640,P00865,58,0.67,Neurology,2025-03-23,1,2025-03-24,1424.16,7,Home
A007046,P00865,58,0.67,Orthopedics,2025-05-25,9,2025-06-03,12454.03,7,Home Health Care
A007730,P00865,58,0.67,Emergency,2025-10-23,10,2025-11-02,10040.82,4,Home
A007811,P00865,58,0.67,General Surgery,2025-11-18,2,2025-11-20,3154.03,10,Home Health Care
A007909,P00865,58,0.67,General Surgery,2026-02-11,3,2026-02-14,5163.95,12,Home Health Care
A008220,P00865,58,0.67,General Surgery,2026-04-24,10,2026-05-04,18427.56,8,Home
A008742,P00865,58,0.67,Cardiology,2026-07-09,19,2026-07-28,36642.02,6,Home
A002067,P00866,52,0.293,General Surgery,2025-02-09,5,2025-02-14,6461.63,6,Home Health Care
A002468,P00866,52,0.293,Emergency,2025-03-17,1,2025-03-18,769.34,12,Skilled Nursing Facility
A003646,P00866,52,0.293,Neurology,2025-04-04,2,2025-04-06,2624.06,5,Home
A004484,P00866,52,0.293,Neurology,2026-02-03,2,2026-02-05,2413.6,2,Home
A004709,P00866,52,0.293,Emergency,2026-03-21,4,2026-03-25,3861.65,6,Home
A000470,P00867,100,0.705,Emergency,2025-01-20,15,2025-02-04,13324.14,2,Home
A002024,P00867,100,0.705,Emergency,2025-07-14,5,2025-07-19,4675.63,8,Home Health Care
A002044,P00867,100,0.705,Emergency,2025-08-11,6,2025-08-17,5743.63,6,Home
A003190,P00867,100,0.705,Neurology,2025-08-25,5,2025-08-30,6590.52,4,Skilled Nursing Facility
A003812,P00867,100,0.705,Cardiology,2025-10-04,6,2025-10-10,12476.16,8,Home Health Care
A004550,P00867,100,0.705,Emergency,2025-12-31,2,2026-01-02,1625.38,8,Skilled Nursing Facility
A006232,P00867,100,0.705,General Surgery,2026-01-29,1,2026-01-30,1741.72,8,Home
A001962,P00868,46,0.207,Emergency,2025-01-07,1,2025-01-08,1014.71,6,Home
A002064,P00868,46,0.207,Emergency,2025-05-23,10,2025-06-02,9817.92,2,Home
A004289,P00868,46,0.207,Cardiology,2025-12-23,7,2025-12-30,13550.84,5,Home
A004303,P00868,46,0.207,Emergency,2026-04-14,1,2026-04-15,1094.15,3,Home
A004928,P00868,46,0.207,General Surgery,2026-04-29,7,2026-05-06,11101.39,2,Home Health Care
A000059,P00869,60,0.173,ICU,2024-10-07,15,2024-10-22,36534.01,5,Home Health Care
A000410,P00870,47,0.349,Cardiology,2024-11-11,6,2024-11-17,12775.22,5,Home Health Care
A002988,P00870,47,0.349,General Surgery,2025-07-04,7,2025-07-11,10354.85,8,Skilled Nursing Facility
A003821,P00870,47,0.349,Emergency,2025-08-23,5,2025-08-28,3951.41,5,Home
A004114,P00870,47,0.349,ICU,2025-09-09,4,2025-09-13,11131.74,6,Home
A005917,P00870,47,0.349,General Surgery,2025-11-02,1,2025-11-03,1384.51,4,Home
A006431,P00870,47,0.349,ICU,2026-03-28,6,2026-04-03,16064.07,7,Skilled Nursing Facility
A001070,P00871,88,0.615,Neurology,2025-02-03,8,2025-02-11,10981.15,4,Home
A002913,P00871,88,0.615,General Surgery,2025-06-05,6,2025-06-11,8492.99,5,Skilled Nursing Facility
A005130,P00871,88,0.615,General Surgery,2025-08-02,5,2025-08-07,8408.53,9,Against Medical Advice
A006702,P00871,88,0.615,Emergency,2025-11-03,4,2025-11-07,4064.15,3,Home
A007786,P00871,88,0.615,ICU,2026-03-18,14,2026-04-01,41489.64,6,Home Health Care
A009053,P00871,88,0.615,General Surgery,2026-04-08,5,2026-04-13,7877.69,6,Home Health Care
A009135,P00871,88,0.615,ICU,2026-06-24,7,2026-07-01,19110.67,10,Home
A009344,P00871,88,0.615,Emergency,2026-07-20,9,2026-07-29,7408.88,6,Skilled Nursing Facility
A009394,P00871,88,0.615,Cardiology,2026-08-07,15,2026-08-22,33304.41,9,Home
A009463,P00871,88,0.615,Emergency,2026-09-22,2,2026-09-24,2154.85,7,Home
A003085,P00872,52,0.329,Emergency,2024-12-25,14,2025-01-08,14795.46,9,Home Health Care
A003313,P00872,52,0.329,Emergency,2025-09-18,2,2025-09-20,1778.79,10,Home Health Care
A004068,P00872,52,0.329,Emergency,2025-10-08,2,2025-10-10,1981.94,5,Skilled Nursing Facility
A005128,P00872,52,0.329,ICU,2025-10-27,2,2025-10-29,5768.07,5,Skilled Nursing Facility
A007401,P00872,52,0.329,Neurology,2025-11-10,2,2025-11-12,2850.84,8,Home
A007662,P00872,52,0.329,Orthopedics,2026-05-04,2,2026-05-06,2389.21,4,Home
A008133,P00872,52,0.329,Cardiology,2026-08-07,10,2026-08-17,19228.9,1,Home
A002922,P00873,63,0.331,ICU,2025-01-29,23,2025-02-21,71403.95,3,Home Health Care
A003929,P00873,63,0.331,Emergency,2025-04-12,2,2025-04-14,2102.01,6,Home Health Care
A004976,P00873,63,0.331,Emergency,2025-07-23,2,2025-07-25,1753.18,5,Home Health Care
A005308,P00873,63,0.331,Neurology,2025-08-23,1,2025-08-24,1541.73,8,Home
A005992,P00873,63,0.331,Orthopedics,2025-11-06,1,2025-11-07,1176.64,3,Skilled Nursing Facility
A006363,P00873,63,0.331,Emergency,2025-11-08,15,2025-11-23,11702.27,8,Home
A007180,P00873,63,0.331,Cardiology,2025-12-06,2,2025-12-08,4222.69,6,Skilled Nursing Facility
A007253,P00873,63,0.331,Emergency,2026-01-24,5,2026-01-29,4630.6,5,Home
A007798,P00873,63,0.331,ICU,2026-05-17,2,2026-05-19,5294.93,5,Home Health Care
A000427,P00874,32,0.518,ICU,2025-01-15,8,2025-01-23,17476.21,5,Skilled Nursing Facility
A003887,P00874,32,0.518,General Surgery,2025-03-10,5,2025-03-15,6847.39,3,Skilled Nursing Facility
A004147,P00874,32,0.518,Emergency,2025-04-06,2,2025-04-08,2063.15,5,Home
A004304,P00874,32,0.518,Orthopedics,2025-12-29,7,2026-01-05,8398.81,6,Home
A005270,P00874,32,0.518,Emergency,2026-04-02,3,2026-04-05,2822.94,7,Home
A005868,P00874,32,0.518,General Surgery,2026-04-28,3,2026-05-01,5010.76,4,Home
A004410,P00875,73,0.452,ICU,2024-10-07,4,2024-10-11,9151.98,4,Home
A006515,P00875,73,0.452,General Surgery,2025-01-11,5,2025-01-16,8979.3,6,Home
A008093,P00875,73,0.452,Neurology,2025-03-22,4,2025-03-26,6242.46,4,Home Health Care
A008281,P00875,73,0.452,Neurology,2025-03-31,5,2025-04-05,7867.06,8,Home
A008352,P00875,73,0.452,Emergency,2025-06-18,6,2025-06-24,5160.06,6,Home
A008867,P00875,73,0.452,Neurology,2025-07-30,4,2025-08-03,5669.89,3,Skilled Nursing Facility
A009231,P00875,73,0.452,General Surgery,2025-08-07,7,2025-08-14,12097.23,6,Home
A009368,P00875,73,0.452,Emergency,2025-10-30,1,2025-10-31,877.11,9,Skilled Nursing Facility
A009600,P00875,73,0.452,Emergency,2026-03-03,6,2026-03-09,5817.18,7,Skilled Nursing Facility
A009612,P00875,73,0.452,Emergency,2026-05-21,1,2026-05-22,947.2,8,Against Medical Advice
A009617,P00875,73,0.452,Cardiology,2026-05-27,3,2026-05-30,4777.93,3,Home
A009645,P00875,73,0.452,Orthopedics,2026-06-17,8,2026-06-25,10141.35,7,Home
A009647,P00875,73,0.452,Neurology,2026-06-26,7,2026-07-03,8496.95,5,Home Health Care
A009670,P00875,73,0.452,ICU,2026-08-07,3,2026-08-10,8221.14,8,Home
A009690,P00875,73,0.452,Emergency,2026-08-15,1,2026-08-16,1031.92,5,Home
A003387,P00876,63,0.202,ICU,2024-11-15,6,2024-11-21,14581.02,2,Home Health Care
A005438,P00876,63,0.202,Cardiology,2024-11-29,9,2024-12-08,17949.14,5,Skilled Nursing Facility
A006018,P00876,63,0.202,Cardiology,2025-01-02,2,2025-01-04,3526.97,3,Home Health Care
A007059,P00876,63,0.202,Emergency,2025-01-27,2,2025-01-29,1644.29,5,Home
A008590,P00876,63,0.202,ICU,2025-10-14,2,2025-10-16,5191.61,5,Home
A008835,P00876,63,0.202,Emergency,2025-10-21,1,2025-10-22,868.71,5,Home Health Care
A001011,P00877,82,0.053,Orthopedics,2024-12-01,6,2024-12-07,8632.25,3,Home
A001476,P00877,82,0.053,Orthopedics,2025-08-09,2,2025-08-11,2276.2,3,Home
A002324,P00877,82,0.053,Cardiology,2026-03-26,4,2026-03-30,8578.84,4,Home
A003308,P00877,82,0.053,General Surgery,2026-09-15,7,2026-09-22,9658.9,6,Home
A001829,P00878,61,0.412,Neurology,2025-02-11,3,2025-02-14,3643.25,4,Skilled Nursing Facility
A003028,P00878,61,0.412,Orthopedics,2025-04-05,5,2025-04-10,7248.3,9,Home Health Care
A003241,P00878,61,0.412,Emergency,2025-07-02,6,2025-07-08,5264.98,5,Home Health Care
A003674,P00878,61,0.412,Emergency,2025-12-01,12,2025-12-13,9553.59,5,Against Medical Advice
A006893,P00878,61,0.412,Orthopedics,2026-01-20,1,2026-01-21,1582.02,9,Home Health Care
A008059,P00878,61,0.412,Orthopedics,2026-04-29,7,2026-05-06,10050.96,4,Skilled Nursing Facility
A008634,P00878,61,0.412,Cardiology,2026-06-01,2,2026-06-03,4307.9,7,Home Health Care
A000035,P00879,63,0.509,ICU,2024-10-27,4,2024-10-31,10911.23,14,Home
A001711,P00879,63,0.509,Emergency,2025-01-23,4,2025-01-27,3383.97,5,Home
A004066,P00879,63,0.509,General Surgery,2025-05-29,2,2025-05-31,3230.54,5,Home
A005115,P00879,63,0.509,Cardiology,2025-08-13,5,2025-08-18,8810.16,8,Home
A008557,P00879,63,0.509,Emergency,2025-12-23,3,2025-12-26,2774.31,9,Home
A008907,P00879,63,0.509,Cardiology,2026-01-07,12,2026-01-19,26834.54,7,Skilled Nursing Facility
A008953,P00879,63,0.509,Emergency,2026-04-02,2,2026-04-04,1586.07,9,Home Health Care
A009172,P00879,63,0.509,Emergency,2026-05-13,3,2026-05-16,2679.87,8,Against Medical Advice
A009396,P00879,63,0.509,Emergency,2026-08-26,3,2026-08-29,2321.6,12,Home
A001634,P00880,63,0.275,Neurology,2024-12-06,6,2024-12-12,7536.68,5,Home
A002771,P00880,63,0.275,ICU,2025-04-07,2,2025-04-09,4335.93,4,Skilled Nursing Facility
A002933,P00880,63,0.275,Emergency,2025-04-10,2,2025-04-12,1638.0,5,Home
A002934,P00880,63,0.275,ICU,2025-04-21,4,2025-04-25,8504.11,6,Home
A003851,P00880,63,0.275,General Surgery,2025-05-08,10,2025-05-18,14169.95,5,Home Health Care
A005516,P00880,63,0.275,Cardiology,2025-09-21,7,2025-09-28,15661.66,4,Home
A005583,P00880,63,0.275,Neurology,2025-10-18,7,2025-10-25,10228.22,3,Against Medical Advice
A006293,P00880,63,0.275,Orthopedics,2025-11-15,2,2025-11-17,2770.48,4,Home
A006348,P00880,63,0.275,Orthopedics,2026-01-03,3,2026-01-06,3917.8,3,Home
A007502,P00880,63,0.275,ICU,2026-01-14,14,2026-01-28,32361.37,6,Home
A007841,P00880,63,0.275,Emergency,2026-04-10,2,2026-04-12,1690.79,4,Home Health Care
A008070,P00880,63,0.275,Emergency,2026-05-16,3,2026-05-19,2311.94,5,Skilled Nursing Facility
A008376,P00880,63,0.275,General Surgery,2026-05-20,2,2026-05-22,2601.54,4,Home Health Care
A008534,P00880,63,0.275,Emergency,2026-07-27,14,2026-08-10,15375.87,6,Home
A001580,P00881,55,0.558,General Surgery,2025-01-14,2,2025-01-16,3315.25,10,Skilled Nursing Facility
A001646,P00881,55,0.558,Emergency,2025-04-03,1,2025-04-04,1122.71,4,Home Health Care
A002018,P00881,55,0.558,ICU,2025-08-09,7,2025-08-16,18354.01,1,Home
A006921,P00881,55,0.558,Emergency,2025-08-31,1,2025-09-01,1035.51,7,Home Health Care
A007586,P00881,55,0.558,Emergency,2025-09-03,6,2025-09-09,5947.58,8,Skilled Nursing Facility
A007871,P00881,55,0.558,Emergency,2025-10-20,4,2025-10-24,4110.81,3,Home
A007988,P00881,55,0.558,Emergency,2026-07-15,3,2026-07-18,3147.4,9,Skilled Nursing Facility
A008000,P00881,55,0.558,Neurology,2026-08-03,6,2026-08-09,9422.21,8,Home
A001312,P00882,60,0.113,General Surgery,2025-01-26,1,2025-01-27,1524.71,6,Home
A004002,P00882,60,0.113,Cardiology,2025-10-26,4,2025-10-30,7898.65,7,Home
A006299,P00882,60,0.113,Emergency,2026-05-06,1,2026-05-07,845.03,1,Home
A000481,P00883,52,0.118,General Surgery,2024-10-25,3,2024-10-28,5591.39,5,Home
A001002,P00883,52,0.118,Cardiology,2025-03-16,11,2025-03-27,24668.61,7,Skilled Nursing Facility
A001357,P00883,52,0.118,Emergency,2025-05-10,10,2025-05-20,10868.74,1,Home
A001536,P00883,52,0.118,Emergency,2025-12-27,1,2025-12-28,833.74,3,Home Health Care
A001984,P00883,52,0.118,ICU,2025-12-29,3,2026-01-01,7884.93,5,Home
A004424,P00883,52,0.118,ICU,2026-03-02,5,2026-03-07,14512.81,1,Home Health Care
A005234,P00883,52,0.118,Orthopedics,2026-08-19,1,2026-08-20,1476.97,5,Home
A000302,P00884,23,0.303,Emergency,2024-10-01,13,2024-10-14,11319.41,4,Skilled Nursing Facility
A000745,P00884,23,0.303,General Surgery,2024-11-15,3,2024-11-18,3832.25,5,Against Medical Advice
A004523,P00884,23,0.303,ICU,2025-01-08,1,2025-01-09,2665.32,3,Home
A004668,P00884,23,0.303,Neurology,2025-02-20,9,2025-03-01,11960.75,3,Home
A005518,P00884,23,0.303,Emergency,2025-03-03,7,2025-03-10,6219.47,5,Home
A006706,P00884,23,0.303,General Surgery,2025-06-12,15,2025-06-27,27016.58,4,Home
A008226,P00884,23,0.303,Cardiology,2025-08-28,14,2025-09-11,31228.84,10,Home
A008321,P00884,23,0.303,ICU,2025-11-29,3,2025-12-02,7969.23,3,Home Health Care
A008746,P00884,23,0.303,Orthopedics,2025-12-17,9,2025-12-26,13656.15,6,Home
A008772,P00884,23,0.303,Cardiology,2026-04-04,6,2026-04-10,9789.59,2,Home Health Care
A002698,P00885,59,0.094,Cardiology,2024-11-24,1,2024-11-25,1885.59,4,Skilled Nursing Facility
A005298,P00885,59,0.094,General Surgery,2025-03-21,1,2025-03-22,1311.84,1,Skilled Nursing Facility
A005642,P00885,59,0.094,Neurology,2025-06-01,3,2025-06-04,4854.66,4,Home
A007975,P00885,59,0.094,General Surgery,2026-06-25,1,2026-06-26,1654.09,5,Home Health Care
A001250,P00886,51,0.252,General Surgery,2024-11-03,12,2024-11-15,17883.57,7,Skilled Nursing Facility
A001706,P00886,51,0.252,General Surgery,2024-12-11,10,2024-12-21,15871.91,3,Home
A002608,P00886,51,0.252,Emergency,2025-08-20,7,2025-08-27,5816.66,6,Home
A003154,P00886,51,0.252,Emergency,2026-02-26,3,2026-03-01,3322.94,5,Home
A003213,P00887,41,0.081,Orthopedics,2024-12-12,3,2024-12-15,4241.74,5,Home Health Care
A003997,P00887,41,0.081,Orthopedics,2024-12-18,1,2024-12-19,1350.3,6,Skilled Nursing Facility
A004690,P00887,41,0.081,Emergency,2025-03-19,1,2025-03-20,861.4,2,Home
A006902,P00887,41,0.081,General Surgery,2025-06-02,1,2025-06-03,1837.35,4,Home
A007021,P00887,41,0.081,Emergency,2026-02-19,6,2026-02-25,5009.63,1,Skilled Nursing Facility
A008543,P00887,41,0.081,Neurology,2026-02-27,2,2026-03-01,2956.63,4,Against Medical Advice
A008981,P00887,41,0.081,Emergency,2026-04-06,14,2026-04-20,15520.09,4,Home
A009037,P00887,41,0.081,Emergency,2026-05-07,6,2026-05-13,6173.01,4,Home
A001784,P00888,47,0.299,Cardiology,2025-02-12,1,2025-02-13,2204.93,1,Home
A003525,P00888,47,0.299,Cardiology,2026-02-07,7,2026-02-14,13255.98,4,Home
A007236,P00888,47,0.299,Emergency,2026-03-17,6,2026-03-23,6223.4,6,Skilled Nursing Facility
A008579,P00888,47,0.299,Emergency,2026-04-01,6,2026-04-07,6555.89,10,Home
A001986,P00889,79,0.207,ICU,2024-09-27,16,2024-10-13,35183.74,4,Home
A003412,P00889,79,0.207,ICU,2024-12-01,4,2024-12-05,10635.37,4,Home Health Care
A006323,P00889,79,0.207,Emergency,2025-01-22,1,2025-01-23,1004.4,4,Home Health Care
A006325,P00889,79,0.207,ICU,2025-08-30,1,2025-08-31,3008.2,5,Home
A006781,P00889,79,0.207,Neurology,2026-02-05,5,2026-02-10,6904.99,4,Home
A000065,P00890,62,0.259,General Surgery,2025-02-12,3,2025-02-15,3839.59,0,Against Medical Advice
A002107,P00890,62,0.259,Emergency,2025-03-18,4,2025-03-22,3593.56,5,Home
A002437,P00890,62,0.259,Neurology,2025-04-05,2,2025-04-07,3394.47,5,Home Health Care
A005100,P00890,62,0.259,Emergency,2025-05-10,2,2025-05-12,1757.92,8,Against Medical Advice
A006050,P00890,62,0.259,General Surgery,2025-05-22,6,2025-05-28,9058.74,3,Home Health Care
A008555,P00890,62,0.259,ICU,2025-10-25,2,2025-10-27,4862.92,5,Home Health Care
A008778,P00890,62,0.259,Emergency,2026-01-27,4,2026-01-31,3633.79,4,Home
A009573,P00890,62,0.259,Orthopedics,2026-02-02,1,2026-02-03,1494.62,2,Skilled Nursing Facility
A009650,P00890,62,0.259,Emergency,2026-02-20,10,2026-03-02,9970.66,4,Skilled Nursing Facility
A009667,P00890,62,0.259,Emergency,2026-04-10,4,2026-04-14,3068.35,8,Home
A000839,P00891,38,0.597,Emergency,2025-01-06,27,2025-02-02,24928.08,8,Home
A000911,P00891,38,0.597,General Surgery,2025-04-30,8,2025-05-08,11812.63,3,Home
A002465,P00891,38,0.597,Cardiology,2026-01-05,15,2026-01-20,23945.96,5,Home
A004756,P00891,38,0.597,General Surgery,2026-04-02,1,2026-04-03,1870.03,7,Skilled Nursing Facility
A006097,P00891,38,0.597,ICU,2026-05-18,6,2026-05-24,13315.79,7,Home
A001543,P00892,23,0.232,Cardiology,2024-10-17,2,2024-10-19,3136.59,7,Home Health Care
A004980,P00892,23,0.232,Orthopedics,2025-03-23,5,2025-03-28,7140.0,2,Home
A005578,P00892,23,0.232,ICU,2026-03-18,2,2026-03-20,6069.17,4,Skilled Nursing Facility
A006762,P00892,23,0.232,Emergency,2026-04-04,2,2026-04-06,1732.28,2,Home
A007856,P00892,23,0.232,ICU,2026-04-28,2,2026-04-30,4871.17,4,Home
A008182,P00892,23,0.232,ICU,2026-06-19,1,2026-06-20,2188.28,6,Home Health Care
A008235,P00892,23,0.232,Orthopedics,2026-09-10,7,2026-09-17,8316.94,4,Skilled Nursing Facility
A000347,P00893,88,0.505,General Surgery,2024-11-20,7,2024-11-27,9158.68,4,Home
A000754,P00893,88,0.505,Emergency,2025-08-13,3,2025-08-16,2906.5,6,Against Medical Advice
A001517,P00893,88,0.505,Orthopedics,2025-10-01,10,2025-10-11,14470.89,4,Home Health Care
A002590,P00893,88,0.505,Emergency,2025-12-10,3,2025-12-13,2847.24,6,Home Health Care
A001809,P00894,87,0.214,Emergency,2024-10-23,2,2024-10-25,2188.08,6,Home
A003003,P00894,87,0.214,ICU,2025-01-31,1,2025-02-01,2864.24,6,Home
A003122,P00894,87,0.214,Emergency,2025-04-13,2,2025-04-15,1632.39,6,Home
A003988,P00894,87,0.214,ICU,2025-05-03,3,2025-05-06,8130.6,4,Home
A005886,P00894,87,0.214,Orthopedics,2025-05-10,3,2025-05-13,4363.73,6,Against Medical Advice
A008412,P00894,87,0.214,Neurology,2025-08-27,5,2025-09-01,6366.86,4,Skilled Nursing Facility
A008568,P00894,87,0.214,General Surgery,2026-02-10,2,2026-02-12,3097.11,5,Home Health Care
A008582,P00894,87,0.214,Orthopedics,2026-09-14,1,2026-09-15,1203.25,4,Home
A002213,P00895,59,0.221,Orthopedics,2025-01-20,12,2025-02-01,17341.17,4,Skilled Nursing Facility
A002639,P00895,59,0.221,Emergency,2025-02-15,3,2025-02-18,3069.05,6,Skilled Nursing Facility
A003000,P00895,59,0.221,Emergency,2025-04-03,2,2025-04-05,1925.66,1,Home
A003311,P00895,59,0.221,Cardiology,2025-08-03,3,2025-08-06,5857.14,1,Skilled Nursing Facility
A003373,P00895,59,0.221,Emergency,2025-09-19,2,2025-09-21,2148.91,8,Home Health Care
A003893,P00895,59,0.221,ICU,2026-02-16,9,2026-02-25,24586.97,2,Home
A005460,P00895,59,0.221,Cardiology,2026-03-13,2,2026-03-15,3170.92,7,Home
A005964,P00895,59,0.221,Emergency,2026-08-09,1,2026-08-10,1085.35,13,Home
A000005,P00896,30,0.017,ICU,2024-10-24,3,2024-10-27,8322.24,2,Home
A000905,P00896,30,0.017,Orthopedics,2025-05-03,6,2025-05-09,8307.39,5,Skilled Nursing Facility
A004921,P00896,30,0.017,ICU,2025-09-26,4,2025-09-30,11749.49,2,Against Medical Advice
A005756,P00896,30,0.017,Orthopedics,2025-10-02,3,2025-10-05,4217.13,2,Home Health Care
A007039,P00896,30,0.017,Emergency,2026-03-12,9,2026-03-21,7578.9,7,Home
A003054,P00897,57,0.439,Cardiology,2024-11-02,11,2024-11-13,19360.25,5,Home
A003112,P00897,57,0.439,General Surgery,2025-06-14,12,2025-06-26,19792.93,6,Skilled Nursing Facility
A003601,P00897,57,0.439,ICU,2026-01-01,2,2026-01-03,5165.89,15,Home
A003770,P00897,57,0.439,Emergency,2026-05-13,4,2026-05-17,3922.65,4,Skilled Nursing Facility
A004337,P00897,57,0.439,General Surgery,2026-06-12,6,2026-06-18,10977.94,7,Against Medical Advice
A004893,P00897,57,0.439,Cardiology,2026-07-03,11,2026-07-14,23452.18,5,Skilled Nursing Facility
A001456,P00898,46,0.513,Emergency,2025-01-29,6,2025-02-04,5062.58,3,Skilled Nursing Facility
A002049,P00898,46,0.513,ICU,2025-07-31,8,2025-08-08,23511.85,4,Home
A002819,P00898,46,0.513,Emergency,2026-02-06,2,2026-02-08,1811.97,8,Skilled Nursing Facility
A002822,P00898,46,0.513,Emergency,2026-02-17,13,2026-03-02,10413.54,5,Home
A004106,P00898,46,0.513,Neurology,2026-06-11,5,2026-06-16,6627.4,4,Home
A000607,P00899,60,0.15,Emergency,2024-12-07,1,2024-12-08,1021.54,2,Against Medical Advice
A001441,P00899,60,0.15,Neurology,2024-12-28,4,2025-01-01,5840.25,2,Home
A001513,P00899,60,0.15,ICU,2025-11-02,1,2025-11-03,2178.78,3,Skilled Nursing Facility
A002808,P00899,60,0.15,General Surgery,2026-03-22,6,2026-03-28,8657.01,5,Home Health Care
A004892,P00899,60,0.15,General Surgery,2026-07-28,4,2026-08-01,6384.64,5,Against Medical Advice
A005370,P00899,60,0.15,Neurology,2026-09-02,4,2026-09-06,4776.41,2,Home
A005840,P00899,60,0.15,Emergency,2026-09-15,14,2026-09-29,14158.65,3,Home
A000056,P00900,75,0.206,Emergency,2025-02-01,2,2025-02-03,1781.9,3,Home
A000364,P00900,75,0.206,Emergency,2025-10-02,6,2025-10-08,5764.81,5,Skilled Nursing Facility
A006819,P00900,75,0.206,General Surgery,2025-12-12,12,2025-12-24,19085.32,2,Home Health Care
A006978,P00900,75,0.206,ICU,2026-07-29,2,2026-07-31,4753.61,5,Home
A000788,P00901,49,0.2,Emergency,2024-12-02,3,2024-12-05,2730.97,6,Home
A000917,P00901,49,0.2,General Surgery,2024-12-20,6,2024-12-26,8122.27,2,Skilled Nursing Facility
A001616,P00901,49,0.2,ICU,2025-05-04,1,2025-05-05,2989.83,6,Skilled Nursing Facility
A002283,P00901,49,0.2,Emergency,2025-08-11,1,2025-08-12,1040.04,2,Home
A002695,P00901,49,0.2,Neurology,2025-08-25,7,2025-09-01,9721.78,1,Home
A000623,P00902,90,0.306,Emergency,2025-01-08,5,2025-01-13,4087.56,3,Against Medical Advice
A003657,P00902,90,0.306,General Surgery,2025-02-06,6,2025-02-12,10820.21,4,Home Health Care
A004365,P00902,90,0.306,ICU,2025-11-24,3,2025-11-27,6665.62,4,Home
A004878,P00902,90,0.306,Cardiology,2026-02-27,40,2026-04-08,84562.21,7,Home
A005016,P00902,90,0.306,Neurology,2026-05-27,3,2026-05-30,4806.27,2,Home
A001174,P00903,75,0.17,Emergency,2025-01-25,9,2025-02-03,10030.39,4,Home
A002914,P00903,75,0.17,Neurology,2025-03-27,1,2025-03-28,1314.43,5,Home Health Care
A003754,P00903,75,0.17,ICU,2025-04-18,3,2025-04-21,7885.72,5,Skilled Nursing Facility
A003843,P00903,75,0.17,Emergency,2025-08-07,3,2025-08-10,2668.26,7,Home
A004113,P00903,75,0.17,General Surgery,2025-12-04,3,2025-12-07,4314.41,7,Home
A004164,P00903,75,0.17,Emergency,2026-01-26,1,2026-01-27,1050.94,1,Home
A004748,P00903,75,0.17,ICU,2026-06-05,9,2026-06-14,27231.66,2,Home
A004932,P00903,75,0.17,General Surgery,2026-06-19,3,2026-06-22,4637.97,6,Home Health Care
A000353,P00904,50,0.268,General Surgery,2025-01-22,1,2025-01-23,1750.33,3,Skilled Nursing Facility
A001856,P00904,50,0.268,General Surgery,2025-02-01,15,2025-02-16,22037.52,5,Skilled Nursing Facility
A005587,P00904,50,0.268,Emergency,2025-04-15,25,2025-05-10,19708.48,6,Skilled Nursing Facility
A007496,P00904,50,0.268,Neurology,2025-06-19,13,2025-07-02,20856.52,6,Skilled Nursing Facility
A007617,P00904,50,0.268,Orthopedics,2025-07-13,1,2025-07-14,1597.16,4,Home
A007894,P00904,50,0.268,ICU,2025-11-09,18,2025-11-27,44256.76,4,Skilled Nursing Facility
A008004,P00904,50,0.268,Neurology,2026-02-01,4,2026-02-05,5537.58,5,Home
A008076,P00904,50,0.268,General Surgery,2026-06-23,4,2026-06-27,7273.69,5,Skilled Nursing Facility
A008381,P00904,50,0.268,Orthopedics,2026-08-28,12,2026-09-09,16274.76,6,Home Health Care
A000974,P00905,74,0.129,Cardiology,2024-11-25,5,2024-11-30,10011.0,2,Home
A002006,P00905,74,0.129,Neurology,2025-01-21,1,2025-01-22,1426.65,7,Home
A002235,P00905,74,0.129,ICU,2025-01-27,3,2025-01-30,7825.33,4,Home Health Care
A002665,P00905,74,0.129,Emergency,2025-02-22,15,2025-03-09,13554.87,5,Home
A002789,P00905,74,0.129,Emergency,2025-05-04,1,2025-05-05,796.58,5,Home
A003580,P00905,74,0.129,Cardiology,2025-10-13,1,2025-10-14,2020.03,5,Home
A007582,P00905,74,0.129,Emergency,2025-11-02,2,2025-11-04,2061.74,3,Home
A008213,P00905,74,0.129,General Surgery,2025-11-10,1,2025-11-11,1374.97,2,Home
A008674,P00905,74,0.129,General Surgery,2025-12-11,4,2025-12-15,5455.4,4,Home
A008686,P00905,74,0.129,Cardiology,2026-03-14,2,2026-03-16,3893.08,4,Home Health Care
A001310,P00906,29,0.219,Emergency,2025-01-18,11,2025-01-29,11807.51,5,Home
A002683,P00906,29,0.219,Cardiology,2025-03-28,3,2025-03-31,5618.48,4,Home
A004136,P00906,29,0.219,Cardiology,2025-04-20,3,2025-04-23,5530.75,4,Home
A004558,P00906,29,0.219,General Surgery,2025-07-28,1,2025-07-29,1730.78,2,Home Health Care
A005271,P00906,29,0.219,Emergency,2026-01-30,4,2026-02-03,3362.23,2,Home
A001320,P00907,28,0.344,General Surgery,2025-02-12,1,2025-02-13,1306.89,4,Home
A003587,P00907,28,0.344,Emergency,2025-07-13,20,2025-08-02,20981.41,5,Home
A003070,P00908,46,0.356,General Surgery,2024-10-31,7,2024-11-07,9632.53,3,Home
A004359,P00908,46,0.356,General Surgery,2024-12-11,1,2024-12-12,1490.59,5,Home
A004620,P00908,46,0.356,General Surgery,2024-12-27,2,2024-12-29,3109.13,5,Skilled Nursing Facility
A004911,P00908,46,0.356,Emergency,2025-01-07,3,2025-01-10,2468.51,5,Skilled Nursing Facility
A005565,P00908,46,0.356,General Surgery,2025-01-24,4,2025-01-28,5753.51,4,Home
A006336,P00908,46,0.356,Emergency,2025-04-30,3,2025-05-03,2886.96,6,Skilled Nursing Facility
A006496,P00908,46,0.356,Emergency,2025-05-12,3,2025-05-15,3247.19,1,Home
A009008,P00908,46,0.356,Neurology,2025-06-23,11,2025-07-04,14924.31,5,Home
A009044,P00908,46,0.356,General Surgery,2025-09-09,1,2025-09-10,1743.75,5,Skilled Nursing Facility
A009279,P00908,46,0.356,General Surgery,2025-11-21,8,2025-11-29,11834.54,4,Home
A009313,P00908,46,0.356,Neurology,2026-06-04,2,2026-06-06,3316.91,4,Skilled Nursing Facility
A009378,P00908,46,0.356,Neurology,2026-07-06,9,2026-07-15,10811.17,3,Home
A003416,P00909,47,0.17,Neurology,2024-12-31,1,2025-01-01,1244.99,2,Home
A004123,P00909,47,0.17,General Surgery,2026-02-19,1,2026-02-20,1580.39,3,Home
A001506,P00910,24,0.214,Emergency,2024-11-11,11,2024-11-22,10166.86,8,Home
A001953,P00910,24,0.214,ICU,2026-02-17,7,2026-02-24,18552.88,6,Skilled Nursing Facility
A004534,P00910,24,0.214,Emergency,2026-03-23,8,2026-03-31,6639.75,4,Home
A004585,P00910,24,0.214,ICU,2026-04-23,2,2026-04-25,4897.71,4,Home
A005388,P00910,24,0.214,General Surgery,2026-09-02,2,2026-09-04,3352.8,4,Home Health Care
A000082,P00911,77,0.367,Emergency,2025-02-01,5,2025-02-06,5219.06,2,Skilled Nursing Facility
A001255,P00911,77,0.367,Orthopedics,2025-03-03,1,2025-03-04,1289.94,3,Home
A001411,P00911,77,0.367,Emergency,2025-05-03,2,2025-05-05,1898.0,7,Home
A002937,P00911,77,0.367,Cardiology,2025-10-14,8,2025-10-22,17791.05,1,Against Medical Advice
A002991,P00911,77,0.367,Emergency,2025-12-22,8,2025-12-30,8248.12,6,Home
A003462,P00911,77,0.367,Orthopedics,2026-01-30,1,2026-01-31,1233.08,6,Home
A007895,P00911,77,0.367,Neurology,2026-03-09,2,2026-03-11,2384.66,6,Home
A000682,P00912,25,0.124,Emergency,2024-10-28,2,2024-10-30,1813.28,4,Home
A000871,P00912,25,0.124,Emergency,2025-02-02,5,2025-02-07,3992.74,7,Skilled Nursing Facility
A001775,P00912,25,0.124,Emergency,2025-05-27,2,2025-05-29,2102.68,3,Home
A003352,P00912,25,0.124,Emergency,2025-05-31,2,2025-06-02,1655.84,6,Home
A004058,P00912,25,0.124,General Surgery,2025-07-12,1,2025-07-13,1739.31,5,Skilled Nursing Facility
A007315,P00912,25,0.124,ICU,2025-08-22,9,2025-08-31,23159.21,6,Home Health Care
A008337,P00912,25,0.124,Neurology,2026-03-22,6,2026-03-28,8886.8,7,Home Health Care
A008631,P00912,25,0.124,Orthopedics,2026-04-11,4,2026-04-15,5482.73,6,Home
A000062,P00913,100,0.139,Orthopedics,2024-10-11,3,2024-10-14,4571.71,4,Home
A001544,P00913,100,0.139,Emergency,2025-08-30,9,2025-09-08,7647.4,5,Home
A002055,P00913,100,0.139,Emergency,2025-11-22,4,2025-11-26,3205.14,2,Against Medical Advice
A002248,P00913,100,0.139,Neurology,2026-02-02,1,2026-02-03,1538.43,5,Home Health Care
A003578,P00913,100,0.139,Cardiology,2026-04-09,4,2026-04-13,8355.47,3,Home
A002149,P00914,65,0.532,Cardiology,2024-12-03,8,2024-12-11,15101.35,9,Home
A005449,P00914,65,0.532,Emergency,2024-12-22,2,2024-12-24,1987.44,4,Home Health Care
A006186,P00914,65,0.532,Cardiology,2025-06-03,12,2025-06-15,22748.54,11,Home Health Care
A006287,P00914,65,0.532,Cardiology,2025-08-02,10,2025-08-12,15700.19,6,Home Health Care
A007376,P00914,65,0.532,Neurology,2026-01-07,11,2026-01-18,15134.61,10,Home
A008858,P00914,65,0.532,Neurology,2026-02-08,1,2026-02-09,1246.64,3,Against Medical Advice
A008917,P00914,65,0.532,Emergency,2026-03-23,5,2026-03-28,5139.3,6,Home
A000219,P00915,42,0.025,Neurology,2025-01-08,1,2025-01-09,1358.54,6,Home
A002609,P00915,42,0.025,General Surgery,2025-08-12,5,2025-08-17,7878.55,4,Against Medical Advice
A004598,P00915,42,0.025,Neurology,2025-09-05,1,2025-09-06,1585.82,4,Home
A005666,P00915,42,0.025,Emergency,2025-09-13,1,2025-09-14,937.77,1,Home
A007406,P00915,42,0.025,Emergency,2025-09-19,9,2025-09-28,8403.93,5,Home
A001106,P00916,56,0.492,Emergency,2024-12-20,7,2024-12-27,5466.72,5,Skilled Nursing Facility
A001695,P00916,56,0.492,General Surgery,2025-04-23,3,2025-04-26,5169.32,9,Home
A002668,P00916,56,0.492,ICU,2025-07-07,8,2025-07-15,19253.98,4,Skilled Nursing Facility
A003109,P00916,56,0.492,Orthopedics,2025-09-25,11,2025-10-06,12309.83,3,Home
A004535,P00916,56,0.492,Cardiology,2025-11-26,2,2025-11-28,4477.7,4,Skilled Nursing Facility
A004937,P00916,56,0.492,Neurology,2025-12-07,8,2025-12-15,12230.49,13,Home
A005344,P00916,56,0.492,Emergency,2026-01-25,1,2026-01-26,943.29,4,Home
A000892,P00917,27,0.254,Cardiology,2025-01-31,4,2025-02-04,6902.2,3,Home Health Care
A001710,P00917,27,0.254,General Surgery,2025-04-03,5,2025-04-08,6933.29,5,Skilled Nursing Facility
A001752,P00917,27,0.254,Emergency,2025-08-20,2,2025-08-22,1671.03,7,Home
A002750,P00917,27,0.254,General Surgery,2026-04-02,1,2026-04-03,1464.45,4,Skilled Nursing Facility
A003888,P00917,27,0.254,Emergency,2026-04-27,3,2026-04-30,2574.11,6,Home
A005125,P00917,27,0.254,Cardiology,2026-07-15,4,2026-07-19,8635.61,1,Home
A003419,P00918,97,0.234,ICU,2024-12-01,9,2024-12-10,26228.44,1,Against Medical Advice
A003856,P00918,97,0.234,General Surgery,2025-01-18,8,2025-01-26,10483.28,5,Home
A004135,P00918,97,0.234,ICU,2025-04-01,8,2025-04-09,22568.78,2,Skilled Nursing Facility
A005616,P00918,97,0.234,ICU,2025-07-03,7,2025-07-10,20045.91,9,Home
A006282,P00918,97,0.234,ICU,2025-11-06,3,2025-11-09,7698.24,6,Home
A003807,P00919,77,0.386,Emergency,2024-09-24,1,2024-09-25,1095.89,7,Home
A006131,P00919,77,0.386,Emergency,2025-06-22,10,2025-07-02,8318.54,5,Home Health Care
A007335,P00919,77,0.386,General Surgery,2026-04-13,1,2026-04-14,1397.08,3,Home Health Care
A008125,P00919,77,0.386,ICU,2026-05-23,3,2026-05-26,8929.66,5,Home
A000816,P00920,83,0.189,General Surgery,2024-12-05,7,2024-12-12,11335.08,5,Against Medical Advice
A001339,P00920,83,0.189,General Surgery,2025-02-17,7,2025-02-24,11636.41,5,Home
A001677,P00920,83,0.189,Neurology,2025-04-17,3,2025-04-20,4557.92,5,Home
A001709,P00920,83,0.189,Emergency,2025-07-06,1,2025-07-07,1038.32,8,Home
A005075,P00920,83,0.189,Emergency,2025-10-19,1,2025-10-20,828.67,2,Home Health Care
A005120,P00920,83,0.189,Emergency,2026-01-15,5,2026-01-20,4953.76,4,Home
A006206,P00920,83,0.189,Emergency,2026-06-13,2,2026-06-15,2052.99,4,Home Health Care
A006405,P00920,83,0.189,Emergency,2026-09-05,5,2026-09-10,4241.67,1,Home
A001783,P00921,35,0.215,Cardiology,2024-12-09,3,2024-12-12,4723.5,4,Home
A001890,P00921,35,0.215,General Surgery,2025-03-19,2,2025-03-21,2945.7,5,Skilled Nursing Facility
A002061,P00921,35,0.215,Emergency,2025-05-30,4,2025-06-03,4289.37,3,Home
A002524,P00921,35,0.215,Emergency,2025-09-10,4,2025-09-14,3320.6,6,Home
A004723,P00921,35,0.215,Emergency,2026-02-02,13,2026-02-15,11409.06,1,Home
A005726,P00921,35,0.215,General Surgery,2026-03-26,5,2026-03-31,8311.14,5,Home
A005809,P00921,35,0.215,Emergency,2026-07-24,7,2026-07-31,6356.33,6,Home
A005956,P00921,35,0.215,ICU,2026-08-01,10,2026-08-11,27061.89,6,Home Health Care
A000339,P00922,37,0.611,Neurology,2025-01-27,1,2025-01-28,1730.67,6,Home
A000369,P00922,37,0.611,Emergency,2025-06-22,6,2025-06-28,5941.27,2,Home
A001546,P00922,37,0.611,ICU,2025-08-02,1,2025-08-03,2893.71,10,Home
A002718,P00922,37,0.611,ICU,2025-11-28,14,2025-12-12,40780.86,8,Home
A003913,P00922,37,0.611,ICU,2026-04-13,3,2026-04-16,9332.91,5,Home
A003926,P00922,37,0.611,Emergency,2026-05-25,9,2026-06-03,7078.21,9,Home Health Care
A005433,P00922,37,0.611,Neurology,2026-07-24,11,2026-08-04,15122.84,7,Home Health Care
A000267,P00923,36,0.039,Emergency,2024-11-01,8,2024-11-09,8756.56,2,Home
A000396,P00923,36,0.039,Orthopedics,2025-01-29,4,2025-02-02,5833.72,3,Home
A001702,P00923,36,0.039,Emergency,2025-05-04,2,2025-05-06,2011.37,2,Against Medical Advice
A001708,P00923,36,0.039,Emergency,2025-06-30,3,2025-07-03,2737.33,4,Home
A003886,P00923,36,0.039,Emergency,2025-07-10,2,2025-07-12,1692.3,3,Home
A005278,P00923,36,0.039,General Surgery,2025-12-01,1,2025-12-02,1343.05,2,Skilled Nursing Facility
A005780,P00923,36,0.039,Emergency,2026-02-06,9,2026-02-15,7328.62,1,Home
A008334,P00923,36,0.039,General Surgery,2026-06-10,8,2026-06-18,11922.49,3,Home
A002978,P00924,56,0.291,Neurology,2025-01-16,1,2025-01-17,1567.32,5,Home
A003019,P00924,56,0.291,Cardiology,2025-12-29,22,2026-01-20,40103.19,4,Home
A004421,P00924,56,0.291,Emergency,2026-05-25,21,2026-06-15,17843.44,5,Home
A000330,P00925,58,0.34,Neurology,2025-02-08,7,2025-02-15,8828.06,3,Home
A000429,P00925,58,0.34,Cardiology,2025-05-12,2,2025-05-14,3439.55,8,Skilled Nursing Facility
A000552,P00925,58,0.34,Neurology,2025-05-16,2,2025-05-18,3061.97,7,Home
A001181,P00925,58,0.34,General Surgery,2025-05-22,5,2025-05-27,7123.57,5,Home
A002630,P00925,58,0.34,Emergency,2025-06-27,1,2025-06-28,986.96,5,Home Health Care
A003257,P00925,58,0.34,Emergency,2025-07-11,6,2025-07-17,6200.76,4,Home Health Care
A002234,P00926,49,0.382,ICU,2025-01-25,2,2025-01-27,5762.3,5,Home Health Care
A002947,P00926,49,0.382,ICU,2025-05-29,2,2025-05-31,5692.06,5,Home Health Care
A003362,P00926,49,0.382,ICU,2025-08-14,3,2025-08-17,6414.21,1,Home Health Care
A005050,P00926,49,0.382,General Surgery,2025-08-19,3,2025-08-22,5103.74,6,Home
A005573,P00926,49,0.382,Neurology,2025-12-08,3,2025-12-11,4122.61,5,Home
A005738,P00926,49,0.382,General Surgery,2026-01-24,4,2026-01-28,6397.96,7,Home
A007432,P00926,49,0.382,Cardiology,2026-05-27,9,2026-06-05,17303.35,6,Home
A000836,P00927,70,0.085,Neurology,2024-12-21,12,2025-01-02,17496.88,3,Home
A002667,P00927,70,0.085,Cardiology,2025-12-19,4,2025-12-23,6344.72,11,Home
A001514,P00928,79,0.087,General Surgery,2024-12-18,1,2024-12-19,1833.45,5,Home
A003781,P00928,79,0.087,General Surgery,2025-03-21,2,2025-03-23,3658.94,5,Home
A004151,P00928,79,0.087,Emergency,2025-03-26,3,2025-03-29,2482.51,11,Home
A004282,P00928,79,0.087,Neurology,2025-09-30,7,2025-10-07,11833.63,4,Home
A004652,P00928,79,0.087,Orthopedics,2025-12-03,1,2025-12-04,1308.95,1,Against Medical Advice
A007042,P00928,79,0.087,Cardiology,2026-02-23,1,2026-02-24,2093.36,4,Home
A001475,P00929,45,0.339,General Surgery,2025-02-12,2,2025-02-14,2587.88,6,Home
A001567,P00929,45,0.339,Emergency,2025-09-13,1,2025-09-14,889.85,7,Home
A001688,P00929,45,0.339,Neurology,2026-02-10,2,2026-02-12,2428.78,2,Home
A003871,P00929,45,0.339,Orthopedics,2026-03-25,8,2026-04-02,11065.57,4,Against Medical Advice
A004743,P00929,45,0.339,Orthopedics,2026-06-04,15,2026-06-19,19121.43,4,Home Health Care
A007000,P00929,45,0.339,ICU,2026-08-16,1,2026-08-17,2489.66,7,Against Medical Advice
A008035,P00929,45,0.339,General Surgery,2026-09-04,7,2026-09-11,12480.58,3,Home Health Care
A000554,P00930,34,0.164,General Surgery,2025-02-10,2,2025-02-12,3503.22,2,Home
A003185,P00930,34,0.164,Emergency,2025-03-13,1,2025-03-14,1047.33,9,Home
A003532,P00930,34,0.164,General Surgery,2025-03-19,7,2025-03-26,10295.57,5,Skilled Nursing Facility
A004590,P00930,34,0.164,Emergency,2025-04-09,9,2025-04-18,8708.59,5,Home
A005034,P00930,34,0.164,Emergency,2025-05-16,12,2025-05-28,12957.22,0,Home Health Care
A005561,P00930,34,0.164,Neurology,2025-06-27,1,2025-06-28,1349.21,4,Home
A005911,P00930,34,0.164,General Surgery,2025-10-15,5,2025-10-20,9035.45,5,Home
A006244,P00930,34,0.164,Neurology,2026-03-20,6,2026-03-26,8616.06,4,Home Health Care
A007374,P00930,34,0.164,Emergency,2026-03-30,1,2026-03-31,1077.11,4,Home
A001316,P00931,59,0.407,Neurology,2024-12-29,5,2025-01-03,8012.92,9,Skilled Nursing Facility
A006661,P00931,59,0.407,General Surgery,2025-03-17,6,2025-03-23,10978.39,3,Home
A007490,P00931,59,0.407,Cardiology,2025-04-04,6,2025-04-10,10222.18,6,Home
A008141,P00931,59,0.407,Neurology,2025-05-08,4,2025-05-12,5472.12,7,Home Health Care
A008218,P00931,59,0.407,Emergency,2025-10-01,18,2025-10-19,18393.77,8,Home
A003329,P00932,78,0.088,General Surgery,2025-01-18,4,2025-01-22,7048.51,1,Home
A003484,P00932,78,0.088,Orthopedics,2025-03-29,3,2025-04-01,3594.88,2,Home
A006749,P00932,78,0.088,Emergency,2025-04-06,7,2025-04-13,6442.0,6,Home
A007126,P00932,78,0.088,ICU,2025-09-01,1,2025-09-02,2137.18,4,Home
A008075,P00932,78,0.088,Emergency,2025-11-05,7,2025-11-12,5356.36,3,Against Medical Advice
A008250,P00932,78,0.088,Orthopedics,2026-03-10,7,2026-03-17,9630.64,4,Skilled Nursing Facility
A008745,P00932,78,0.088,Neurology,2026-04-04,2,2026-04-06,2772.29,2,Home
A000506,P00933,74,0.098,Orthopedics,2024-12-15,5,2024-12-20,7036.08,1,Home
A000992,P00933,74,0.098,Orthopedics,2025-07-22,1,2025-07-23,1388.51,8,Home
A003546,P00933,74,0.098,Emergency,2026-05-10,8,2026-05-18,6318.53,3,Home
A005762,P00933,74,0.098,Emergency,2026-07-22,2,2026-07-24,1760.75,2,Home
A001810,P00934,50,0.278,General Surgery,2024-11-11,5,2024-11-16,6686.04,5,Home
A002747,P00934,50,0.278,Cardiology,2026-06-08,9,2026-06-17,16027.2,5,Home
A006962,P00934,50,0.278,General Surgery,2026-08-13,4,2026-08-17,7317.47,4,Home Health Care
A007125,P00934,50,0.278,ICU,2026-09-08,10,2026-09-18,26078.87,8,Skilled Nursing Facility
A000142,P00935,65,0.757,ICU,2024-11-24,7,2024-12-01,18773.66,7,Skilled Nursing Facility
A001452,P00935,65,0.757,Neurology,2024-12-11,11,2024-12-22,15033.72,2,Home
A002231,P00935,65,0.757,Orthopedics,2025-02-17,8,2025-02-25,9311.61,5,Home
A003791,P00935,65,0.757,Emergency,2025-07-14,6,2025-07-20,4775.63,3,Home
A007847,P00935,65,0.757,Emergency,2025-11-03,2,2025-11-05,1976.07,8,Home
A008441,P00935,65,0.757,Emergency,2026-04-07,2,2026-04-09,1793.99,13,Home
A008472,P00935,65,0.757,Emergency,2026-04-18,2,2026-04-20,2044.44,12,Home
A008501,P00935,65,0.757,General Surgery,2026-05-09,14,2026-05-23,18384.3,8,Skilled Nursing Facility
A008924,P00935,65,0.757,Neurology,2026-05-27,12,2026-06-08,17858.05,6,Home Health Care
A009088,P00935,65,0.757,ICU,2026-06-13,8,2026-06-21,19978.04,7,Home
A000226,P00936,52,0.212,Neurology,2025-02-17,8,2025-02-25,11868.68,2,Home
A000296,P00936,52,0.212,General Surgery,2025-04-10,1,2025-04-11,1648.13,1,Home Health Care
A002863,P00936,52,0.212,Orthopedics,2026-08-25,2,2026-08-27,2305.91,2,Home
A001142,P00937,22,0.509,Orthopedics,2024-12-31,1,2025-01-01,1317.43,8,Home
A001535,P00937,22,0.509,Emergency,2025-03-13,11,2025-03-24,11645.38,6,Home
A001607,P00937,22,0.509,ICU,2026-04-21,2,2026-04-23,4793.91,5,Home Health Care
A004209,P00937,22,0.509,Emergency,2026-05-02,4,2026-05-06,4442.77,6,Skilled Nursing Facility
A004918,P00937,22,0.509,Emergency,2026-07-11,5,2026-07-16,4720.66,6,Home Health Care
A000459,P00938,58,0.121,ICU,2024-11-22,1,2024-11-23,2535.78,5,Against Medical Advice
A002098,P00938,58,0.121,General Surgery,2024-12-28,6,2025-01-03,9666.92,5,Home Health Care
A002570,P00938,58,0.121,General Surgery,2025-01-30,3,2025-02-02,4087.83,4,Home
A003344,P00938,58,0.121,Cardiology,2025-02-10,2,2025-02-12,4477.63,1,Home
A003561,P00938,58,0.121,ICU,2025-02-20,13,2025-03-05,32274.62,2,Home
A004347,P00938,58,0.121,Emergency,2025-04-04,3,2025-04-07,2636.82,4,Against Medical Advice
A004922,P00938,58,0.121,Emergency,2025-05-01,3,2025-05-04,3063.87,6,Home Health Care
A006045,P00938,58,0.121,Orthopedics,2026-01-08,4,2026-01-12,6418.14,3,Home
A006163,P00938,58,0.121,Emergency,2026-04-10,6,2026-04-16,6099.06,1,Home
A000691,P00939,47,0.258,ICU,2025-01-07,1,2025-01-08,2285.52,3,Home
A003246,P00939,47,0.258,Orthopedics,2025-04-04,2,2025-04-06,2673.85,0,Home
A003619,P00939,47,0.258,General Surgery,2025-05-28,1,2025-05-29,1341.75,5,Home Health Care
A003794,P00939,47,0.258,Emergency,2025-07-19,2,2025-07-21,1841.04,2,Home
A005039,P00939,47,0.258,ICU,2026-02-15,4,2026-02-19,12018.29,3,Home
A006744,P00939,47,0.258,Cardiology,2026-04-25,6,2026-05-01,10360.57,5,Skilled Nursing Facility
A008089,P00939,47,0.258,Emergency,2026-06-13,2,2026-06-15,2221.31,1,Home Health Care
A008131,P00939,47,0.258,ICU,2026-08-04,1,2026-08-05,3016.7,3,Home
A008196,P00939,47,0.258,Cardiology,2026-08-17,2,2026-08-19,4284.84,6,Skilled Nursing Facility
A001354,P00940,70,0.373,Emergency,2024-10-05,11,2024-10-16,10632.36,7,Home
A001617,P00940,70,0.373,Cardiology,2024-12-16,3,2024-12-19,4977.57,1,Home
A001909,P00940,70,0.373,Neurology,2025-02-13,1,2025-02-14,1636.42,5,Home Health Care
A002132,P00940,70,0.373,Orthopedics,2025-06-03,3,2025-06-06,3396.44,5,Home
A002513,P00940,70,0.373,Emergency,2025-06-14,6,2025-06-20,6163.06,7,Home
A002924,P00940,70,0.373,Neurology,2025-07-30,1,2025-07-31,1634.9,8,Skilled Nursing Facility
A004939,P00940,70,0.373,Cardiology,2025-09-23,3,2025-09-26,6434.65,7,Skilled Nursing Facility
A004986,P00940,70,0.373,Neurology,2025-11-09,1,2025-11-10,1433.42,4,Against Medical Advice
A007099,P00940,70,0.373,Orthopedics,2025-11-29,3,2025-12-02,4104.24,7,Home
A008130,P00940,70,0.373,Cardiology,2026-02-12,3,2026-02-15,6596.73,3,Home
A009033,P00940,70,0.373,Cardiology,2026-05-19,1,2026-05-20,1854.49,5,Home
A000404,P00941,88,0.022,Orthopedics,2024-12-14,2,2024-12-16,2506.19,3,Skilled Nursing Facility
A002711,P00941,88,0.022,Emergency,2025-02-11,2,2025-02-13,2196.67,4,Home
A004569,P00941,88,0.022,Emergency,2025-07-06,2,2025-07-08,1922.32,4,Skilled Nursing Facility
A004710,P00941,88,0.022,Emergency,2025-07-16,3,2025-07-19,3132.2,3,Against Medical Advice
A005324,P00941,88,0.022,Neurology,2025-08-12,3,2025-08-15,5066.36,1,Home
A006169,P00941,88,0.022,Orthopedics,2026-06-20,8,2026-06-28,9922.49,6,Home
A006471,P00941,88,0.022,General Surgery,2026-07-05,10,2026-07-15,18282.46,4,Against Medical Advice
A007685,P00941,88,0.022,Emergency,2026-08-02,3,2026-08-05,3345.07,1,Home
A008392,P00941,88,0.022,Emergency,2026-08-06,1,2026-08-07,1079.02,1,Home
A000739,P00942,62,0.561,ICU,2025-01-23,11,2025-02-03,23613.03,7,Skilled Nursing Facility
A002585,P00942,62,0.561,Emergency,2025-03-15,2,2025-03-17,1820.01,3,Home
A003143,P00942,62,0.561,General Surgery,2025-11-22,10,2025-12-02,13902.99,3,Skilled Nursing Facility
A005069,P00942,62,0.561,Emergency,2025-12-22,6,2025-12-28,6325.41,7,Home
A006136,P00942,62,0.561,Neurology,2026-06-22,2,2026-06-24,2901.92,8,Home
A007235,P00942,62,0.561,Emergency,2026-09-14,1,2026-09-15,877.74,6,Home Health Care
A000666,P00943,48,0.659,Emergency,2024-12-30,1,2024-12-31,1049.18,9,Home
A003527,P00943,48,0.659,Cardiology,2025-02-05,5,2025-02-10,7996.18,11,Home
A004254,P00943,48,0.659,ICU,2025-10-08,16,2025-10-24,39286.63,5,Home
A005872,P00943,48,0.659,Emergency,2025-12-16,10,2025-12-26,7730.73,7,Home
A007797,P00943,48,0.659,Orthopedics,2026-04-11,5,2026-04-16,7864.7,7,Home Health Care
A007799,P00943,48,0.659,Orthopedics,2026-08-03,3,2026-08-06,4573.3,7,Home
A001798,P00944,94,0.361,ICU,2024-12-31,5,2025-01-05,15444.44,6,Home
A004463,P00944,94,0.361,Cardiology,2025-01-28,1,2025-01-29,1606.62,4,Home
A005000,P00944,94,0.361,Orthopedics,2025-10-12,9,2025-10-21,14456.11,5,Home
A005380,P00944,94,0.361,Orthopedics,2025-10-29,1,2025-10-30,1228.27,5,Against Medical Advice
A005524,P00944,94,0.361,Emergency,2025-11-05,1,2025-11-06,783.42,5,Home
A005545,P00944,94,0.361,Neurology,2026-04-08,8,2026-04-16,10554.61,4,Home
A000011,P00945,50,0.166,Emergency,2024-11-01,6,2024-11-07,6268.2,2,Home Health Care
A000243,P00945,50,0.166,General Surgery,2025-01-27,5,2025-02-01,8595.45,8,Home
A002646,P00945,50,0.166,Emergency,2025-03-28,1,2025-03-29,843.12,7,Home Health Care
A003389,P00945,50,0.166,Neurology,2025-04-28,3,2025-05-01,4808.7,0,Home
A004873,P00945,50,0.166,Orthopedics,2025-08-11,5,2025-08-16,7734.98,3,Home Health Care
A004966,P00945,50,0.166,ICU,2026-01-22,2,2026-01-24,5924.45,7,Home
A005548,P00945,50,0.166,ICU,2026-09-24,4,2026-09-28,8826.17,4,Home
A001618,P00946,68,0.153,Emergency,2025-01-28,1,2025-01-29,880.74,4,Home Health Care
A001921,P00946,68,0.153,Emergency,2025-02-25,3,2025-02-28,2532.91,5,Home
A003237,P00946,68,0.153,Emergency,2025-03-24,4,2025-03-28,4335.21,4,Skilled Nursing Facility
A003286,P00946,68,0.153,ICU,2025-06-09,4,2025-06-13,12019.33,6,Home
A003930,P00946,68,0.153,Orthopedics,2025-12-12,2,2025-12-14,3155.44,4,Home
A001782,P00947,32,0.207,Orthopedics,2024-10-03,4,2024-10-07,5750.73,2,Home
A002099,P00947,32,0.207,General Surgery,2024-12-07,2,2024-12-09,3189.81,4,Home
A002297,P00947,32,0.207,Emergency,2025-07-02,10,2025-07-12,8223.82,6,Home
A002717,P00947,32,0.207,Orthopedics,2025-08-07,3,2025-08-10,3646.48,5,Home
A002851,P00947,32,0.207,Emergency,2026-04-10,5,2026-04-15,4709.57,8,Home
A004372,P00947,32,0.207,Emergency,2026-06-20,10,2026-06-30,9047.43,3,Home Health Care
A001049,P00948,77,0.282,Emergency,2024-10-26,6,2024-11-01,6505.78,9,Skilled Nursing Facility
A002002,P00948,77,0.282,Emergency,2024-12-11,5,2024-12-16,3874.37,4,Home
A002183,P00948,77,0.282,General Surgery,2025-02-22,3,2025-02-25,4078.01,5,Home Health Care
A005003,P00948,77,0.282,Orthopedics,2025-04-24,3,2025-04-27,3844.94,4,Skilled Nursing Facility
A005070,P00948,77,0.282,Neurology,2025-05-12,7,2025-05-19,9127.3,3,Skilled Nursing Facility
A005078,P00948,77,0.282,Neurology,2025-10-03,5,2025-10-08,6916.35,5,Home Health Care
A006066,P00948,77,0.282,Emergency,2026-08-26,8,2026-09-03,7385.55,3,Home
A002239,P00949,81,0.183,General Surgery,2025-01-30,3,2025-02-02,4142.75,5,Home Health Care
A003695,P00949,81,0.183,Emergency,2025-03-06,7,2025-03-13,7079.36,1,Home
A004663,P00949,81,0.183,ICU,2025-04-03,5,2025-04-08,15319.64,3,Skilled Nursing Facility
A006266,P00949,81,0.183,Emergency,2025-07-11,3,2025-07-14,2632.82,2,Home
A007346,P00949,81,0.183,General Surgery,2026-01-13,2,2026-01-15,2719.46,8,Home Health Care
A008575,P00949,81,0.183,Neurology,2026-03-19,10,2026-03-29,16611.55,3,Home Health Care
A008711,P00949,81,0.183,General Surgery,2026-05-04,5,2026-05-09,7664.17,2,Skilled Nursing Facility
A009245,P00949,81,0.183,ICU,2026-07-02,12,2026-07-14,33233.9,4,Against Medical Advice
A009488,P00949,81,0.183,Emergency,2026-08-12,2,2026-08-14,1890.78,9,Home Health Care
A003768,P00950,67,0.409,Emergency,2024-12-17,1,2024-12-18,837.03,3,Home
A003919,P00950,67,0.409,Orthopedics,2025-09-03,11,2025-09-14,15510.38,4,Home
A006697,P00950,67,0.409,ICU,2026-01-17,3,2026-01-20,7667.5,3,Home Health Care
A006776,P00950,67,0.409,Emergency,2026-06-19,3,2026-06-22,3119.08,3,Home
A007431,P00950,67,0.409,General Surgery,2026-09-08,10,2026-09-18,14529.38,6,Home Health Care
A000563,P00951,46,0.241,ICU,2024-10-19,16,2024-11-04,46649.47,4,Home Health Care
A002261,P00951,46,0.241,Emergency,2025-02-09,3,2025-02-12,2784.84,5,Skilled Nursing Facility
A003512,P00951,46,0.241,ICU,2025-03-06,6,2025-03-12,18075.23,3,Home Health Care
A004469,P00951,46,0.241,Cardiology,2025-06-02,2,2025-06-04,3283.78,5,Skilled Nursing Facility
A005126,P00951,46,0.241,Emergency,2025-08-01,1,2025-08-02,819.85,5,Home
A005155,P00951,46,0.241,Cardiology,2025-12-01,3,2025-12-04,5566.37,6,Home
A006208,P00951,46,0.241,Orthopedics,2026-01-08,1,2026-01-09,1583.97,4,Home
A009041,P00951,46,0.241,Emergency,2026-04-11,5,2026-04-16,4357.51,5,Home
A001437,P00952,51,0.017,General Surgery,2025-01-14,2,2025-01-16,2787.54,4,Home
A003091,P00952,51,0.017,Emergency,2025-01-26,1,2025-01-27,1012.87,3,Skilled Nursing Facility
A004515,P00952,51,0.017,Emergency,2025-07-30,3,2025-08-02,2789.87,1,Home
A006760,P00952,51,0.017,Emergency,2025-08-10,2,2025-08-12,2112.5,2,Home
A007273,P00952,51,0.017,Emergency,2025-10-09,6,2025-10-15,5891.67,4,Home
A007646,P00952,51,0.017,General Surgery,2025-11-07,2,2025-11-09,3230.98,5,Home
A001520,P00953,80,0.223,Emergency,2024-10-19,2,2024-10-21,1661.85,6,Home Health Care
A002443,P00953,80,0.223,General Surgery,2025-05-07,1,2025-05-08,1373.94,6,Home
A005429,P00953,80,0.223,Orthopedics,2026-05-18,7,2026-05-25,11373.97,5,Skilled Nursing Facility
A006321,P00953,80,0.223,ICU,2026-06-17,1,2026-06-18,3076.6,7,Home Health Care
A007143,P00953,80,0.223,General Surgery,2026-08-20,16,2026-09-05,22723.32,4,Home Health Care
A001811,P00954,59,0.203,ICU,2025-02-05,1,2025-02-06,3110.9,4,Home
A003761,P00954,59,0.203,Emergency,2025-04-16,2,2025-04-18,2007.12,2,Home
A003809,P00954,59,0.203,ICU,2026-01-31,7,2026-02-07,15771.35,1,Skilled Nursing Facility
A004501,P00954,59,0.203,ICU,2026-05-22,3,2026-05-25,6562.38,4,Home
A006016,P00954,59,0.203,Emergency,2026-05-26,3,2026-05-29,2896.6,5,Home
A007476,P00954,59,0.203,General Surgery,2026-06-27,1,2026-06-28,1687.02,4,Home
A008263,P00954,59,0.203,Cardiology,2026-08-22,3,2026-08-25,5451.25,4,Home
A008651,P00954,59,0.203,Emergency,2026-08-27,2,2026-08-29,1922.72,2,Home
A001749,P00955,75,0.357,Emergency,2025-01-18,2,2025-01-20,1597.82,7,Home
A002890,P00955,75,0.357,Emergency,2025-03-18,2,2025-03-20,1996.38,4,Home
A004926,P00955,75,0.357,ICU,2025-11-16,7,2025-11-23,18718.44,3,Home
A005316,P00955,75,0.357,Cardiology,2026-01-03,2,2026-01-05,4233.85,8,Home Health Care
A005563,P00955,75,0.357,Neurology,2026-05-27,2,2026-05-29,2946.03,5,Home
A002277,P00956,79,0.2,Cardiology,2024-09-27,8,2024-10-05,14451.98,3,Skilled Nursing Facility
A003392,P00956,79,0.2,General Surgery,2024-12-08,6,2024-12-14,8503.45,5,Home
A003631,P00956,79,0.2,Cardiology,2025-09-17,22,2025-10-09,49368.33,3,Skilled Nursing Facility
A004043,P00956,79,0.2,Emergency,2025-11-25,3,2025-11-28,2857.94,3,Home
A004931,P00956,79,0.2,Emergency,2025-12-28,1,2025-12-29,822.03,5,Skilled Nursing Facility
A005802,P00956,79,0.2,Cardiology,2026-05-28,12,2026-06-09,21009.64,2,Home
A006209,P00956,79,0.2,General Surgery,2026-09-06,1,2026-09-07,1744.08,6,Home
A003729,P00957,29,0.283,Emergency,2024-10-30,3,2024-11-02,3300.72,5,Home
A005919,P00957,29,0.283,Orthopedics,2024-12-06,3,2024-12-09,3526.56,4,Home
A007052,P00957,29,0.283,ICU,2025-06-23,2,2025-06-25,5926.27,6,Home
A007489,P00957,29,0.283,General Surgery,2025-09-04,2,2025-09-06,2660.21,3,Home
A007534,P00957,29,0.283,General Surgery,2026-01-19,2,2026-01-21,2726.62,6,Home
A007956,P00957,29,0.283,ICU,2026-02-22,1,2026-02-23,2221.08,1,Home Health Care
A008258,P00957,29,0.283,Emergency,2026-07-06,1,2026-07-07,930.15,7,Against Medical Advice
A008454,P00957,29,0.283,General Surgery,2026-07-16,5,2026-07-21,7937.03,6,Against Medical Advice
A004635,P00958,23,0.145,Orthopedics,2025-01-06,3,2025-01-09,4205.86,2,Against Medical Advice
A005390,P00958,23,0.145,Cardiology,2025-03-02,17,2025-03-19,37547.55,7,Home Health Care
A006254,P00958,23,0.145,Emergency,2025-05-23,1,2025-05-24,878.35,3,Home
A006274,P00958,23,0.145,Neurology,2025-06-08,4,2025-06-12,6261.75,5,Home
A006800,P00958,23,0.145,General Surgery,2025-12-24,2,2025-12-26,3588.74,7,Home
A002008,P00959,52,0.231,Emergency,2024-11-02,1,2024-11-03,1076.45,6,Skilled Nursing Facility
A003328,P00959,52,0.231,Emergency,2025-01-29,16,2025-02-14,16774.19,4,Home Health Care
A003689,P00959,52,0.231,General Surgery,2025-02-15,3,2025-02-18,5194.29,3,Home
A004367,P00959,52,0.231,Orthopedics,2025-11-18,1,2025-11-19,1164.31,3,Skilled Nursing Facility
A004464,P00959,52,0.231,Orthopedics,2025-11-26,2,2025-11-28,2437.34,2,Home
A004724,P00959,52,0.231,ICU,2026-01-09,4,2026-01-13,9102.98,8,Home
A005826,P00959,52,0.231,General Surgery,2026-02-16,15,2026-03-03,27062.73,2,Skilled Nursing Facility
A007004,P00959,52,0.231,Emergency,2026-06-13,3,2026-06-16,2403.96,4,Skilled Nursing Facility
A008418,P00959,52,0.231,Orthopedics,2026-06-23,4,2026-06-27,4702.84,3,Home Health Care
A000009,P00960,78,0.299,Emergency,2024-10-13,18,2024-10-31,16970.13,1,Home
A002536,P00960,78,0.299,ICU,2024-12-24,8,2025-01-01,22039.52,11,Home
A007902,P00960,78,0.299,Emergency,2025-03-16,16,2025-04-01,17105.78,7,Home
A007926,P00960,78,0.299,Emergency,2026-01-27,11,2026-02-07,11952.42,5,Skilled Nursing Facility
A009421,P00960,78,0.299,ICU,2026-03-28,4,2026-04-01,10232.56,5,Home Health Care
A009609,P00960,78,0.299,General Surgery,2026-05-12,5,2026-05-17,7113.4,3,Home
A001425,P00961,47,0.197,Neurology,2025-01-22,4,2025-01-26,5996.25,2,Home
A002729,P00961,47,0.197,Neurology,2025-05-15,2,2025-05-17,2755.94,9,Home Health Care
A003040,P00961,47,0.197,Orthopedics,2025-06-04,9,2025-06-13,11388.74,2,Skilled Nursing Facility
A003102,P00961,47,0.197,ICU,2025-08-14,1,2025-08-15,3042.14,3,Home
A004156,P00961,47,0.197,General Surgery,2025-12-11,1,2025-12-12,1327.98,9,Home
A004570,P00961,47,0.197,Neurology,2026-03-14,3,2026-03-17,3913.28,4,Home
A005029,P00961,47,0.197,Emergency,2026-03-23,3,2026-03-26,2716.7,3,Home
A007427,P00961,47,0.197,General Surgery,2026-05-10,6,2026-05-16,9428.6,3,Home Health Care
A007748,P00961,47,0.197,Neurology,2026-08-31,2,2026-09-02,2523.07,5,Home
A000040,P00962,79,0.663,ICU,2024-11-30,3,2024-12-03,6974.62,3,Home
A004781,P00962,79,0.663,Neurology,2025-01-27,6,2025-02-02,9867.37,9,Home
A007200,P00962,79,0.663,Neurology,2025-02-27,5,2025-03-04,8402.48,6,Skilled Nursing Facility
A008431,P00962,79,0.663,General Surgery,2025-04-01,1,2025-04-02,1860.78,5,Home Health Care
A008707,P00962,79,0.663,Neurology,2025-05-31,7,2025-06-07,10746.64,11,Skilled Nursing Facility
A009264,P00962,79,0.663,ICU,2025-11-30,4,2025-12-04,11099.1,5,Home Health Care
A009265,P00962,79,0.663,General Surgery,2026-07-09,23,2026-08-01,42259.21,11,Home
A009316,P00962,79,0.663,Emergency,2026-09-23,15,2026-10-08,13147.74,7,Home
A007932,P00963,69,0.349,Neurology,2024-12-19,8,2024-12-27,11811.84,6,Home Health Care
A008165,P00963,69,0.349,ICU,2025-04-06,11,2025-04-17,28367.71,10,Home Health Care
A008406,P00963,69,0.349,Emergency,2025-12-10,16,2025-12-26,15712.92,4,Home Health Care
A008738,P00963,69,0.349,General Surgery,2026-07-12,3,2026-07-15,4335.64,3,Against Medical Advice
A008976,P00963,69,0.349,ICU,2026-08-01,22,2026-08-23,61823.41,1,Home
A001179,P00964,63,0.382,General Surgery,2025-01-03,4,2025-01-07,5751.29,5,Skilled Nursing Facility
A001999,P00964,63,0.382,Cardiology,2025-01-09,10,2025-01-19,20237.49,6,Home
A003069,P00964,63,0.382,ICU,2025-04-19,1,2025-04-20,2626.28,12,Home
A004819,P00964,63,0.382,ICU,2026-05-04,3,2026-05-07,6494.92,7,Home Health Care
A005294,P00964,63,0.382,Emergency,2026-05-11,4,2026-05-15,4279.91,6,Home
A006873,P00964,63,0.382,General Surgery,2026-06-30,5,2026-07-05,7210.53,3,Home
A000216,P00965,75,0.149,Emergency,2024-10-14,8,2024-10-22,7419.1,0,Skilled Nursing Facility
A001534,P00965,75,0.149,Orthopedics,2024-11-30,9,2024-12-09,12489.88,2,Home
A004340,P00965,75,0.149,ICU,2025-10-17,14,2025-10-31,34831.21,4,Home
A005654,P00965,75,0.149,General Surgery,2026-01-17,11,2026-01-28,19565.14,4,Home Health Care
A007129,P00965,75,0.149,Cardiology,2026-05-14,1,2026-05-15,2054.62,4,Home
A000810,P00966,36,0.364,Emergency,2024-12-17,5,2024-12-22,5304.93,5,Skilled Nursing Facility
A001304,P00966,36,0.364,Emergency,2025-04-25,5,2025-04-30,5116.09,5,Home
A001987,P00966,36,0.364,Emergency,2025-06-12,3,2025-06-15,2486.32,7,Home Health Care
A002322,P00966,36,0.364,General Surgery,2025-07-28,9,2025-08-06,16834.22,3,Home
A003589,P00966,36,0.364,Neurology,2025-12-08,6,2025-12-14,8158.14,8,Home Health Care
A004423,P00966,36,0.364,ICU,2025-12-26,1,2025-12-27,2886.42,3,Home
A007035,P00966,36,0.364,General Surgery,2026-03-14,6,2026-03-20,9988.68,11,Home
A008539,P00966,36,0.364,Emergency,2026-08-07,1,2026-08-08,915.8,2,Skilled Nursing Facility
A009181,P00966,36,0.364,ICU,2026-09-08,11,2026-09-19,33273.19,5,Home
A000025,P00967,46,0.392,Emergency,2025-02-07,3,2025-02-10,2671.09,7,Home
A000232,P00967,46,0.392,ICU,2025-03-13,3,2025-03-16,6617.34,4,Home
A003900,P00967,46,0.392,ICU,2025-04-28,11,2025-05-09,33472.37,4,Home
A005420,P00967,46,0.392,Emergency,2025-10-21,10,2025-10-31,9390.91,1,Home
A005513,P00967,46,0.392,Neurology,2026-03-05,7,2026-03-12,9690.78,4,Home
A005776,P00967,46,0.392,General Surgery,2026-05-05,7,2026-05-12,11382.94,6,Home
A005791,P00967,46,0.392,ICU,2026-08-11,10,2026-08-21,21455.28,6,Skilled Nursing Facility
A000493,P00968,65,0.11,Emergency,2024-12-30,1,2024-12-31,787.43,1,Home Health Care
A001488,P00968,65,0.11,Orthopedics,2025-11-08,5,2025-11-13,7519.23,2,Home
A001996,P00968,65,0.11,Orthopedics,2026-06-18,8,2026-06-26,11510.25,6,Home
A003353,P00969,42,0.101,General Surgery,2024-12-14,1,2024-12-15,1796.02,1,Home
A004013,P00969,42,0.101,Emergency,2024-12-26,1,2024-12-27,867.61,4,Skilled Nursing Facility
A004707,P00969,42,0.101,General Surgery,2025-02-01,4,2025-02-05,7188.67,1,Skilled Nursing Facility
A007020,P00969,42,0.101,General Surgery,2025-04-08,1,2025-04-09,1547.31,5,Skilled Nursing Facility
A008266,P00969,42,0.101,ICU,2025-04-13,3,2025-04-16,7429.46,5,Home
A008455,P00969,42,0.101,ICU,2026-08-12,4,2026-08-16,11322.29,1,Home Health Care
A000988,P00970,40,0.079,Emergency,2025-01-26,8,2025-02-03,8108.33,4,Home
A001851,P00970,40,0.079,Cardiology,2025-12-27,2,2025-12-29,4031.81,2,Home Health Care
A002534,P00970,40,0.079,General Surgery,2026-02-05,3,2026-02-08,4715.45,4,Skilled Nursing Facility
A003638,P00970,40,0.079,Emergency,2026-03-17,8,2026-03-25,8410.55,0,Home
A001428,P00971,54,0.341,Cardiology,2025-02-09,1,2025-02-10,1910.63,10,Home
A005942,P00971,54,0.341,General Surgery,2025-04-11,4,2025-04-15,6788.92,7,Home
A007091,P00971,54,0.341,ICU,2025-05-25,3,2025-05-28,8204.26,12,Skilled Nursing Facility
A007640,P00971,54,0.341,Neurology,2025-07-12,1,2025-07-13,1325.41,6,Home Health Care
A007928,P00971,54,0.341,ICU,2025-07-22,14,2025-08-05,39337.4,7,Home Health Care
A008212,P00971,54,0.341,Orthopedics,2026-01-30,11,2026-02-10,16477.32,8,Home
A008495,P00971,54,0.341,Orthopedics,2026-04-11,7,2026-04-18,8820.32,4,Home Health Care
A008851,P00971,54,0.341,Orthopedics,2026-05-31,8,2026-06-08,11082.41,4,Home Health Care
A009438,P00971,54,0.341,Emergency,2026-09-08,1,2026-09-09,1026.94,4,Skilled Nursing Facility
A000735,P00972,69,0.35,Emergency,2024-10-03,3,2024-10-06,3107.5,9,Home
A001358,P00972,69,0.35,ICU,2025-01-15,6,2025-01-21,13549.31,4,Home Health Care
A001633,P00972,69,0.35,Emergency,2025-07-01,2,2025-07-03,1546.02,4,Home
A002171,P00972,69,0.35,Emergency,2025-07-30,2,2025-08-01,2000.98,6,Home Health Care
A006338,P00972,69,0.35,General Surgery,2025-09-18,4,2025-09-22,6585.15,7,Skilled Nursing Facility
A007019,P00972,69,0.35,Emergency,2026-01-03,7,2026-01-10,6388.58,4,Home
A007890,P00972,69,0.35,General Surgery,2026-08-23,8,2026-08-31,13266.68,8,Home
A008629,P00972,69,0.35,Cardiology,2026-09-23,4,2026-09-27,6837.85,5,Home
A001085,P00973,47,0.328,Emergency,2024-10-11,4,2024-10-15,3942.7,9,Home
A001158,P00973,47,0.328,General Surgery,2025-08-05,3,2025-08-08,3964.36,1,Against Medical Advice
A001615,P00973,47,0.328,Orthopedics,2025-08-09,6,2025-08-15,7423.69,7,Home
A007041,P00973,47,0.328,Emergency,2025-09-02,4,2025-09-06,4270.52,4,Home
A007244,P00973,47,0.328,Cardiology,2025-09-12,9,2025-09-21,19145.65,6,Home
A007905,P00973,47,0.328,Emergency,2026-06-24,8,2026-07-02,8904.38,5,Home Health Care
A008866,P00973,47,0.328,Neurology,2026-09-16,1,2026-09-17,1745.73,9,Home
A001112,P00974,64,0.084,Neurology,2024-11-23,5,2024-11-28,6268.48,6,Home
A004330,P00974,64,0.084,Neurology,2024-12-26,8,2025-01-03,10322.94,2,Home Health Care
A006931,P00974,64,0.084,Emergency,2025-07-24,6,2025-07-30,5145.77,1,Against Medical Advice
A009334,P00974,64,0.084,Emergency,2025-10-17,2,2025-10-19,2148.88,2,Home
A009346,P00974,64,0.084,Emergency,2025-11-27,1,2025-11-28,1121.17,4,Home
A009448,P00974,64,0.084,Cardiology,2026-07-12,8,2026-07-20,12705.54,6,Home Health Care
A009504,P00974,64,0.084,Neurology,2026-08-22,4,2026-08-26,5098.72,8,Home Health Care
A001942,P00975,35,0.328,ICU,2024-12-06,3,2024-12-09,7607.74,3,Home
A001990,P00975,35,0.328,Neurology,2024-12-18,3,2024-12-21,4915.91,5,Skilled Nursing Facility
A002656,P00975,35,0.328,Emergency,2025-01-19,1,2025-01-20,839.73,6,Skilled Nursing Facility
A003165,P00975,35,0.328,Emergency,2025-03-28,7,2025-04-04,6043.69,0,Home Health Care
A003936,P00975,35,0.328,Emergency,2025-09-23,9,2025-10-02,9455.58,6,Home
A004561,P00975,35,0.328,Emergency,2026-03-24,1,2026-03-25,1082.11,6,Home
A000696,P00976,57,0.119,Orthopedics,2024-11-21,1,2024-11-22,1624.1,1,Home
A002037,P00976,57,0.119,ICU,2025-02-25,6,2025-03-03,15105.87,4,Home
A002216,P00976,57,0.119,Neurology,2025-04-03,2,2025-04-05,2725.83,9,Home
A006384,P00976,57,0.119,Neurology,2025-10-06,7,2025-10-13,8494.81,4,Home
A006919,P00976,57,0.119,General Surgery,2026-08-02,5,2026-08-07,9360.8,6,Home
A000890,P00977,62,0.443,Emergency,2024-10-17,35,2024-11-21,29309.92,4,Skilled Nursing Facility
A004670,P00977,62,0.443,ICU,2025-01-07,2,2025-01-09,5585.58,3,Home Health Care
A005181,P00977,62,0.443,ICU,2025-02-02,4,2025-02-06,9266.08,3,Home
A007623,P00977,62,0.443,Neurology,2025-03-08,17,2025-03-25,26158.1,5,Skilled Nursing Facility
A007825,P00977,62,0.443,Emergency,2025-06-01,4,2025-06-05,3225.31,7,Home
A008127,P00977,62,0.443,Cardiology,2025-07-13,15,2025-07-28,32134.46,4,Home
A008232,P00977,62,0.443,Cardiology,2025-11-30,2,2025-12-02,3565.76,4,Skilled Nursing Facility
A008821,P00977,62,0.443,Cardiology,2026-03-11,34,2026-04-14,52061.93,8,Skilled Nursing Facility
A008838,P00977,62,0.443,Emergency,2026-06-03,1,2026-06-04,871.63,2,Home
A008869,P00977,62,0.443,General Surgery,2026-06-25,1,2026-06-26,1847.98,11,Home
A000185,P00978,71,0.164,Orthopedics,2025-01-13,3,2025-01-16,4134.39,5,Home Health Care
A002034,P00978,71,0.164,General Surgery,2025-07-30,4,2025-08-03,5589.9,3,Home
A002258,P00978,71,0.164,Orthopedics,2026-01-13,1,2026-01-14,1287.83,4,Home
A004015,P00978,71,0.164,ICU,2026-03-25,8,2026-04-02,17822.16,0,Home
A005398,P00978,71,0.164,General Surgery,2026-04-14,1,2026-04-15,1372.28,4,Home
A008562,P00978,71,0.164,Emergency,2026-04-24,10,2026-05-04,8784.67,4,Against Medical Advice
A009146,P00978,71,0.164,Emergency,2026-08-22,8,2026-08-30,8240.57,3,Home
A000162,P00979,59,0.06,Neurology,2024-10-19,1,2024-10-20,1212.67,2,Home
A000724,P00979,59,0.06,Emergency,2025-03-14,5,2025-03-19,4413.16,2,Home Health Care
A001381,P00979,59,0.06,Emergency,2025-04-05,2,2025-04-07,2124.4,1,Home Health Care
A001897,P00979,59,0.06,Emergency,2025-05-24,3,2025-05-27,3148.55,3,Skilled Nursing Facility
A002846,P00979,59,0.06,ICU,2025-07-07,1,2025-07-08,2542.2,2,Home Health Care
A004541,P00979,59,0.06,Emergency,2025-08-08,3,2025-08-11,2670.36,6,Home Health Care
A005937,P00979,59,0.06,General Surgery,2025-08-19,2,2025-08-21,2985.42,4,Home
A000214,P00980,64,0.366,Cardiology,2024-10-19,3,2024-10-22,4972.41,7,Home Health Care
A001091,P00980,64,0.366,Emergency,2024-12-31,1,2025-01-01,1109.4,4,Home
A001604,P00980,64,0.366,Neurology,2025-02-27,7,2025-03-06,8701.05,8,Home
A001952,P00980,64,0.366,Cardiology,2025-04-13,7,2025-04-20,11247.7,3,Home Health Care
A004510,P00980,64,0.366,General Surgery,2025-05-28,2,2025-05-30,3551.65,4,Skilled Nursing Facility
A007026,P00980,64,0.366,Emergency,2025-06-16,2,2025-06-18,1763.97,5,Home
A007575,P00980,64,0.366,ICU,2025-09-04,1,2025-09-05,2566.42,4,Home
A008170,P00980,64,0.366,Emergency,2026-06-03,3,2026-06-06,3114.65,3,Home
A001344,P00981,53,0.384,Neurology,2025-01-15,5,2025-01-20,7755.95,5,Home
A001432,P00981,53,0.384,ICU,2025-02-26,6,2025-03-04,15860.15,5,Home
A001935,P00981,53,0.384,Emergency,2025-12-01,3,2025-12-04,3356.23,8,Against Medical Advice
A002431,P00981,53,0.384,General Surgery,2025-12-13,4,2025-12-17,5676.57,6,Home Health Care
A002929,P00981,53,0.384,General Surgery,2026-01-17,4,2026-01-21,6102.06,2,Skilled Nursing Facility
A001131,P00982,56,0.198,General Surgery,2024-11-05,5,2024-11-10,6427.81,5,Home Health Care
A001303,P00982,56,0.198,ICU,2024-12-29,4,2025-01-02,11918.34,3,Skilled Nursing Facility
A004119,P00982,56,0.198,ICU,2025-01-05,5,2025-01-10,11611.17,8,Home
A005060,P00982,56,0.198,Cardiology,2025-12-31,4,2026-01-04,6833.18,4,Home
A004737,P00983,52,0.063,Cardiology,2024-12-09,2,2024-12-11,3750.82,7,Home Health Care
A004959,P00983,52,0.063,Emergency,2025-03-15,14,2025-03-29,15704.67,6,Home Health Care
A005812,P00983,52,0.063,Emergency,2025-04-18,2,2025-04-20,2126.17,3,Home
A006373,P00983,52,0.063,Emergency,2025-12-10,11,2025-12-21,10150.41,6,Home
A006951,P00983,52,0.063,Cardiology,2026-07-13,1,2026-07-14,2241.87,2,Against Medical Advice
A009339,P00983,52,0.063,Emergency,2026-08-29,6,2026-09-04,6233.04,5,Skilled Nursing Facility
A000356,P00984,72,0.232,General Surgery,2024-10-01,1,2024-10-02,1429.64,3,Against Medical Advice
A000792,P00984,72,0.232,Emergency,2024-11-21,10,2024-12-01,11176.89,5,Home Health Care
A001774,P00984,72,0.232,General Surgery,2025-04-13,3,2025-04-16,4960.14,4,Home
A002040,P00984,72,0.232,Emergency,2025-09-28,7,2025-10-05,6848.06,1,Skilled Nursing Facility
A003719,P00984,72,0.232,Cardiology,2026-01-19,1,2026-01-20,1908.67,6,Against Medical Advice
A007944,P00984,72,0.232,ICU,2026-01-28,2,2026-01-30,5105.77,4,Home
A000979,P00985,58,0.465,Neurology,2024-10-05,8,2024-10-13,12529.54,4,Home
A002289,P00985,58,0.465,Emergency,2024-12-03,4,2024-12-07,3974.43,4,Home Health Care
A003438,P00985,58,0.465,Emergency,2025-04-21,4,2025-04-25,3650.62,10,Home
A004032,P00985,58,0.465,Emergency,2025-04-28,3,2025-05-01,3117.62,7,Home
A005781,P00985,58,0.465,Neurology,2025-06-13,10,2025-06-23,13394.77,3,Home Health Care
A007237,P00985,58,0.465,Emergency,2025-08-29,4,2025-09-02,4381.74,2,Home
A008414,P00985,58,0.465,Cardiology,2025-10-16,2,2025-10-18,3115.92,6,Home
A008452,P00985,58,0.465,Neurology,2026-01-08,5,2026-01-13,6280.4,12,Home
A008692,P00985,58,0.465,ICU,2026-01-21,8,2026-01-29,22659.88,6,Home
A009042,P00985,58,0.465,Cardiology,2026-07-08,2,2026-07-10,3932.3,7,Home
A000577,P00986,52,0.131,ICU,2024-12-16,5,2024-12-21,10692.22,6,Home
A001785,P00986,52,0.131,Emergency,2025-06-25,2,2025-06-27,1597.04,3,Home
A002031,P00986,52,0.131,ICU,2026-04-05,2,2026-04-07,5573.25,3,Home Health Care
A002445,P00986,52,0.131,Cardiology,2026-04-19,8,2026-04-27,12727.95,3,Skilled Nursing Facility
A003864,P00986,52,0.131,Orthopedics,2026-05-21,23,2026-06-13,31772.18,5,Home
A000944,P00987,58,0.337,Neurology,2024-10-08,2,2024-10-10,2540.58,7,Home
A001817,P00987,58,0.337,Neurology,2025-04-30,1,2025-05-01,1230.26,8,Home
A001551,P00988,72,0.36,Neurology,2024-12-08,2,2024-12-10,2830.55,6,Skilled Nursing Facility
A004139,P00988,72,0.36,ICU,2025-01-31,2,2025-02-02,4845.86,3,Home
A005784,P00988,72,0.36,General Surgery,2025-03-03,1,2025-03-04,1451.59,12,Home
A007437,P00988,72,0.36,General Surgery,2025-12-31,7,2026-01-07,12188.31,1,Home
A000776,P00989,89,0.233,General Surgery,2024-12-24,6,2024-12-30,9307.83,7,Home
A002065,P00989,89,0.233,General Surgery,2025-01-22,1,2025-01-23,1386.44,5,Home
A003756,P00989,89,0.233,Emergency,2025-05-18,3,2025-05-21,2567.48,4,Home
A004545,P00989,89,0.233,Cardiology,2025-12-09,5,2025-12-14,9319.32,4,Home
A005043,P00989,89,0.233,Cardiology,2025-12-23,3,2025-12-26,6200.48,5,Home
A005869,P00989,89,0.233,Cardiology,2026-05-07,2,2026-05-09,3308.73,5,Home Health Care
A008362,P00989,89,0.233,General Surgery,2026-06-22,3,2026-06-25,5270.71,5,Home
A003628,P00990,38,0.291,Orthopedics,2024-12-28,7,2025-01-04,9825.22,6,Home Health Care
A004132,P00990,38,0.291,Neurology,2025-02-17,8,2025-02-25,12043.31,5,Home Health Care
A004627,P00990,38,0.291,General Surgery,2025-03-01,5,2025-03-06,6513.58,3,Skilled Nursing Facility
A005901,P00990,38,0.291,Cardiology,2025-04-16,6,2025-04-22,11116.9,3,Skilled Nursing Facility
A006529,P00990,38,0.291,Emergency,2025-05-26,2,2025-05-28,2115.16,3,Home Health Care
A006769,P00990,38,0.291,Orthopedics,2025-09-27,1,2025-09-28,1486.39,5,Home Health Care
A007206,P00990,38,0.291,Orthopedics,2025-12-20,1,2025-12-21,1603.13,0,Home
A007917,P00990,38,0.291,Orthopedics,2026-01-27,2,2026-01-29,3153.89,6,Home
A000115,P00991,82,0.214,Neurology,2025-01-12,10,2025-01-22,12810.38,2,Home
A001696,P00991,82,0.214,Emergency,2025-12-12,1,2025-12-13,870.93,6,Home
A002227,P00991,82,0.214,Cardiology,2026-09-08,1,2026-09-09,1836.78,7,Home
A001050,P00992,81,0.701,ICU,2024-10-31,8,2024-11-08,22896.21,8,Home
A002664,P00992,81,0.701,General Surgery,2024-11-11,2,2024-11-13,2818.04,5,Home
A004947,P00992,81,0.701,Neurology,2025-03-02,17,2025-03-19,21924.54,5,Home Health Care
A006407,P00992,81,0.701,Cardiology,2025-07-10,28,2025-08-07,54075.29,9,Against Medical Advice
A007642,P00992,81,0.701,Neurology,2025-08-24,11,2025-09-04,17121.75,10,Home Health Care
A008051,P00992,81,0.701,Emergency,2025-09-07,4,2025-09-11,3507.44,7,Home Health Care
A008870,P00992,81,0.701,Emergency,2025-10-22,2,2025-10-24,1558.49,2,Home
A008902,P00992,81,0.701,Cardiology,2026-03-13,5,2026-03-18,11156.46,4,Home Health Care
A009436,P00992,81,0.701,Emergency,2026-04-06,2,2026-04-08,2226.79,6,Home
A009496,P00992,81,0.701,ICU,2026-04-17,4,2026-04-21,9883.46,4,Skilled Nursing Facility
A009620,P00992,81,0.701,Neurology,2026-05-15,3,2026-05-18,5216.6,10,Home
A009626,P00992,81,0.701,Emergency,2026-09-20,7,2026-09-27,7039.12,3,Home
A000632,P00993,44,0.164,Emergency,2024-11-25,4,2024-11-29,3489.33,6,Home
A001015,P00993,44,0.164,Cardiology,2024-12-01,3,2024-12-04,5917.18,4,Home
A003382,P00993,44,0.164,Emergency,2025-03-01,5,2025-03-06,4481.04,1,Home Health Care
A005328,P00993,44,0.164,Neurology,2025-03-23,7,2025-03-30,10850.61,5,Home
A005640,P00993,44,0.164,Cardiology,2025-08-01,4,2025-08-05,6578.81,3,Home
A006077,P00993,44,0.164,Emergency,2026-06-26,1,2026-06-27,1027.75,0,Home Health Care
A006435,P00993,44,0.164,Orthopedics,2026-08-11,2,2026-08-13,3017.8,3,Home
A001229,P00994,21,0.156,Cardiology,2025-02-06,5,2025-02-11,8523.39,7,Skilled Nursing Facility
A001382,P00994,21,0.156,Cardiology,2025-02-12,4,2025-02-16,8093.3,4,Home
A005574,P00994,21,0.156,Cardiology,2025-03-27,4,2025-03-31,6154.53,9,Home Health Care
A005953,P00994,21,0.156,Emergency,2025-05-11,4,2025-05-15,3333.48,8,Home
A007812,P00994,21,0.156,Emergency,2025-05-26,2,2025-05-28,2244.0,2,Home
A007957,P00994,21,0.156,Emergency,2025-06-02,11,2025-06-13,11804.68,2,Home
A008726,P00994,21,0.156,Neurology,2025-07-09,1,2025-07-10,1437.74,5,Home
A008886,P00994,21,0.156,Neurology,2025-10-17,1,2025-10-18,1437.5,8,Home
A009055,P00994,21,0.156,Emergency,2026-04-07,7,2026-04-14,5968.39,1,Home
A000961,P00995,36,0.59,Emergency,2025-01-07,2,2025-01-09,1894.18,5,Home
A001016,P00995,36,0.59,Cardiology,2025-04-14,7,2025-04-21,12984.0,3,Home
A001439,P00995,36,0.59,General Surgery,2025-08-15,3,2025-08-18,4059.29,3,Home
A001991,P00995,36,0.59,General Surgery,2026-04-02,22,2026-04-24,29591.15,4,Against Medical Advice
A003010,P00995,36,0.59,ICU,2026-07-10,6,2026-07-16,13916.15,8,Skilled Nursing Facility
A004197,P00996,56,0.56,ICU,2025-02-15,3,2025-02-18,7982.21,8,Home Health Care
A005452,P00996,56,0.56,ICU,2025-04-05,9,2025-04-14,27004.76,5,Home Health Care
A007304,P00996,56,0.56,Neurology,2025-04-19,2,2025-04-21,3242.16,6,Skilled Nursing Facility
A007843,P00996,56,0.56,Neurology,2025-05-06,5,2025-05-11,7785.03,8,Against Medical Advice
A008697,P00996,56,0.56,General Surgery,2025-06-03,8,2025-06-11,13290.38,6,Skilled Nursing Facility
A009118,P00996,56,0.56,Emergency,2025-06-17,2,2025-06-19,2001.25,3,Home Health Care
A009350,P00996,56,0.56,ICU,2026-01-09,3,2026-01-12,7753.23,6,Home
A009452,P00996,56,0.56,ICU,2026-06-21,18,2026-07-09,50884.87,12,Home Health Care
A000582,P00997,33,0.233,General Surgery,2024-11-09,8,2024-11-17,13038.96,5,Home
A002187,P00997,33,0.233,ICU,2025-04-30,1,2025-05-01,2147.88,4,Home
A004394,P00997,33,0.233,Emergency,2026-04-23,10,2026-05-03,11048.17,5,Skilled Nursing Facility
A008325,P00997,33,0.233,Emergency,2026-06-18,10,2026-06-28,9048.93,5,Home
A008654,P00997,33,0.233,Neurology,2026-08-08,6,2026-08-14,9407.99,2,Home
A006291,P00998,65,0.399,Neurology,2024-11-06,16,2024-11-22,23192.13,10,Home
A006292,P00998,65,0.399,Emergency,2025-10-03,6,2025-10-09,4633.01,2,Skilled Nursing Facility
A007347,P00998,65,0.399,Emergency,2025-12-20,1,2025-12-21,1043.17,2,Skilled Nursing Facility
A009287,P00998,65,0.399,ICU,2026-06-11,4,2026-06-15,11309.41,5,Home
A001968,P00999,31,0.511,Neurology,2024-11-07,2,2024-11-09,2488.22,10,Against Medical Advice
A002687,P00999,31,0.511,Emergency,2025-02-04,2,2025-02-06,1569.61,3,Skilled Nursing Facility
A003778,P00999,31,0.511,General Surgery,2025-04-09,2,2025-04-11,3694.18,5,Home
A007421,P00999,31,0.511,Emergency,2025-05-24,12,2025-06-05,12696.76,5,Home
A008463,P00999,31,0.511,General Surgery,2025-10-19,7,2025-10-26,12995.13,6,Home
A008995,P00999,31,0.511,ICU,2026-03-06,9,2026-03-15,21847.9,7,Home
A009191,P00999,31,0.511,Emergency,2026-05-06,3,2026-05-09,2461.34,1,Home
A001679,P01000,7,0.568,General Surgery,2024-10-14,4,2024-10-18,6977.04,7,Home
A003074,P01000,7,0.568,ICU,2025-12-01,1,2025-12-02,2735.46,5,Skilled Nursing Facility
A003652,P01000,7,0.568,General Surgery,2026-03-08,11,2026-03-19,15237.68,5,Skilled Nursing Facility
A003655,P01000,7,0.568,Orthopedics,2026-04-13,8,2026-04-21,9831.72,8,Home Health Care
A006222,P01000,7,0.568,Cardiology,2026-07-14,4,2026-07-18,6473.87,9,Skilled Nursing Facility
A006591,P01000,7,0.568,Neurology,2026-08-03,5,2026-08-08,7836.23,6,Against Medical Advice
A000898,P01001,55,0.097,ICU,2024-12-30,2,2025-01-01,4307.73,3,Skilled Nursing Facility
A001088,P01001,55,0.097,General Surgery,2025-06-05,2,2025-06-07,2752.73,6,Home
A002713,P01001,55,0.097,Emergency,2026-09-16,6,2026-09-22,5034.42,3,Home
A000224,P01002,69,0.52,ICU,2024-11-24,7,2024-12-01,18916.39,5,Home
A001609,P01002,69,0.52,Neurology,2025-11-15,3,2025-11-18,5132.14,7,Home
A004167,P01002,69,0.52,Emergency,2025-12-16,2,2025-12-18,2122.37,3,Home
A004821,P01002,69,0.52,Cardiology,2026-09-02,3,2026-09-05,5779.73,11,Skilled Nursing Facility
A000962,P01003,43,0.136,Cardiology,2025-01-29,3,2025-02-01,5313.23,2,Home
A001098,P01003,43,0.136,Emergency,2026-07-27,5,2026-08-01,3937.38,4,Home
A001444,P01004,52,0.332,ICU,2024-10-30,4,2024-11-03,8656.22,9,Home
A001470,P01004,52,0.332,Orthopedics,2025-02-16,20,2025-03-08,27539.83,1,Against Medical Advice
A007625,P01004,52,0.332,Emergency,2025-03-29,1,2025-03-30,1061.39,3,Home Health Care
A008493,P01004,52,0.332,Cardiology,2025-10-15,10,2025-10-25,21680.91,6,Home
A008515,P01004,52,0.332,Emergency,2026-03-02,2,2026-03-04,2008.69,7,Home
A008522,P01004,52,0.332,Emergency,2026-04-24,3,2026-04-27,2572.03,5,Home
A008523,P01004,52,0.332,Emergency,2026-05-24,4,2026-05-28,3231.99,4,Home
A008618,P01004,52,0.332,Emergency,2026-07-09,6,2026-07-15,4837.63,4,Home Health Care
A000080,P01005,68,0.009,Cardiology,2024-11-22,9,2024-12-01,18122.91,1,Home
A001743,P01005,68,0.009,General Surgery,2025-12-11,6,2025-12-17,9945.59,3,Skilled Nursing Facility
A001797,P01005,68,0.009,Neurology,2026-02-19,1,2026-02-20,1613.65,2,Home
A000444,P01006,28,0.074,ICU,2025-01-20,1,2025-01-21,2197.31,2,Home Health Care
A000644,P01006,28,0.074,Emergency,2025-05-08,1,2025-05-09,913.28,1,Home
A002895,P01006,28,0.074,Neurology,2025-05-16,3,2025-05-19,3864.01,1,Home Health Care
A003320,P01006,28,0.074,Emergency,2025-08-09,6,2025-08-15,6106.74,2,Home
A004107,P01006,28,0.074,Neurology,2026-01-01,2,2026-01-03,3422.99,5,Home
A004328,P01006,28,0.074,Emergency,2026-01-21,5,2026-01-26,4676.01,4,Against Medical Advice
A004862,P01006,28,0.074,Neurology,2026-05-12,7,2026-05-19,11703.82,4,Home
A006069,P01006,28,0.074,Emergency,2026-07-24,12,2026-08-05,13246.44,2,Home
A001862,P01007,76,0.524,Neurology,2024-11-28,4,2024-12-02,6775.42,8,Home
A006597,P01007,76,0.524,Emergency,2025-04-19,2,2025-04-21,2245.32,3,Home
A006845,P01007,76,0.524,Neurology,2025-10-08,15,2025-10-23,22353.22,4,Home
A008261,P01007,76,0.524,ICU,2026-02-13,2,2026-02-15,5132.18,8,Home
A009585,P01007,76,0.524,Emergency,2026-07-20,10,2026-07-30,8535.05,7,Home Health Care
A009639,P01007,76,0.524,General Surgery,2026-08-19,3,2026-08-22,4136.26,4,Skilled Nursing Facility
A009643,P01007,76,0.524,Emergency,2026-09-18,3,2026-09-21,3012.51,5,Home Health Care
A000358,P01008,47,0.292,Emergency,2025-01-19,4,2025-01-23,3214.31,4,Home Health Care
A001194,P01008,47,0.292,Neurology,2025-12-13,1,2025-12-14,1495.76,2,Home Health Care
A002881,P01008,47,0.292,ICU,2026-07-19,5,2026-07-24,14851.16,6,Home
A002173,P01009,46,0.069,General Surgery,2024-11-28,8,2024-12-06,11920.72,4,Home
A006544,P01009,46,0.069,Cardiology,2025-02-15,7,2025-02-22,11766.38,2,Home
A006573,P01009,46,0.069,Emergency,2025-06-22,2,2025-06-24,2118.02,6,Home Health Care
A007138,P01009,46,0.069,Orthopedics,2026-03-28,1,2026-03-29,1144.8,2,Home
A009099,P01009,46,0.069,ICU,2026-04-23,1,2026-04-24,2404.55,3,Home
A009153,P01009,46,0.069,Emergency,2026-05-29,2,2026-05-31,2067.89,6,Against Medical Advice
A009542,P01009,46,0.069,Emergency,2026-09-15,2,2026-09-17,2168.56,4,Against Medical Advice
A002444,P01010,62,0.2,ICU,2024-09-26,5,2024-10-01,15110.64,10,Home
A003066,P01010,62,0.2,Emergency,2024-10-18,1,2024-10-19,1099.82,3,Skilled Nursing Facility
A005865,P01010,62,0.2,Neurology,2025-01-06,8,2025-01-14,10589.85,4,Home Health Care
A006721,P01010,62,0.2,Emergency,2025-04-14,4,2025-04-18,3102.28,4,Home
A006938,P01010,62,0.2,Orthopedics,2025-08-18,2,2025-08-20,2781.32,4,Home
A006955,P01010,62,0.2,ICU,2026-05-10,2,2026-05-12,5555.99,2,Home
A002020,P01011,49,0.393,Neurology,2025-01-21,3,2025-01-24,3730.89,9,Skilled Nursing Facility
A002435,P01011,49,0.393,ICU,2025-01-27,2,2025-01-29,5826.36,7,Against Medical Advice
A002788,P01011,49,0.393,Emergency,2025-03-13,5,2025-03-18,4053.87,9,Home
A003497,P01011,49,0.393,Emergency,2025-04-15,3,2025-04-18,2852.43,2,Home Health Care
A003928,P01011,49,0.393,Orthopedics,2025-04-28,4,2025-05-02,5629.47,3,Home
A005084,P01011,49,0.393,Orthopedics,2025-10-07,10,2025-10-17,15890.22,6,Home
A005174,P01011,49,0.393,Neurology,2025-11-13,3,2025-11-16,4519.04,5,Home
A007456,P01011,49,0.393,General Surgery,2025-12-31,7,2026-01-07,11184.62,3,Skilled Nursing Facility
A007604,P01011,49,0.393,Cardiology,2026-03-22,6,2026-03-28,9387.34,0,Home
A007755,P01011,49,0.393,General Surgery,2026-07-21,3,2026-07-24,5349.2,4,Home
A008669,P01011,49,0.393,Orthopedics,2026-09-21,1,2026-09-22,1526.95,4,Home
A003476,P01012,31,0.132,General Surgery,2024-12-06,2,2024-12-08,2962.26,4,Home
A006223,P01012,31,0.132,ICU,2025-12-19,4,2025-12-23,11625.03,4,Home Health Care
A008664,P01012,31,0.132,Emergency,2026-04-22,5,2026-04-27,5223.48,5,Home
A000596,P01013,56,0.569,Neurology,2025-02-10,2,2025-02-12,3400.62,5,Home
A001833,P01013,56,0.569,ICU,2025-09-02,1,2025-09-03,2179.76,8,Home Health Care
A002409,P01013,56,0.569,ICU,2026-05-01,1,2026-05-02,2262.4,5,Home
A006281,P01014,68,0.148,Orthopedics,2024-11-03,1,2024-11-04,1147.09,6,Home
A008172,P01014,68,0.148,Neurology,2024-11-25,6,2024-12-01,8835.29,6,Home
A008338,P01014,68,0.148,Orthopedics,2026-03-31,1,2026-04-01,1531.82,7,Home Health Care
A008574,P01014,68,0.148,Cardiology,2026-04-21,4,2026-04-25,7093.41,7,Home
A000191,P01015,60,0.081,Cardiology,2024-10-12,3,2024-10-15,5296.27,6,Home Health Care
A003454,P01015,60,0.081,ICU,2025-01-22,4,2025-01-26,9500.27,4,Home
A004292,P01015,60,0.081,ICU,2026-02-10,2,2026-02-12,5919.08,5,Home Health Care
A001542,P01016,60,0.016,ICU,2025-01-15,3,2025-01-18,8217.05,3,Home
A004380,P01016,60,0.016,Cardiology,2025-01-22,8,2025-01-30,12563.18,3,Home
A006188,P01016,60,0.016,General Surgery,2025-11-03,2,2025-11-05,3591.9,2,Home
A007478,P01016,60,0.016,Emergency,2025-12-26,2,2025-12-28,1831.02,2,Home
A007682,P01016,60,0.016,Orthopedics,2026-02-04,10,2026-02-14,12502.6,0,Home Health Care
A008017,P01016,60,0.016,Emergency,2026-03-26,1,2026-03-27,835.49,2,Home
A008107,P01016,60,0.016,Orthopedics,2026-08-05,6,2026-08-11,6647.61,1,Home Health Care
A008219,P01016,60,0.016,Neurology,2026-08-18,1,2026-08-19,1391.39,1,Skilled Nursing Facility
A000417,P01017,58,0.695,General Surgery,2024-12-21,1,2024-12-22,1773.08,5,Home
A001343,P01017,58,0.695,Cardiology,2024-12-29,1,2024-12-30,1669.08,3,Home
A002028,P01017,58,0.695,Cardiology,2025-04-20,6,2025-04-26,10688.08,11,Home
A002792,P01017,58,0.695,Emergency,2025-05-05,24,2025-05-29,26450.94,5,Home
A003565,P01017,58,0.695,Orthopedics,2025-07-05,6,2025-07-11,9613.04,8,Skilled Nursing Facility
A004387,P01017,58,0.695,General Surgery,2025-07-13,1,2025-07-14,1835.12,3,Home
A004542,P01017,58,0.695,Emergency,2025-08-27,2,2025-08-29,1711.33,6,Home Health Care
A004851,P01017,58,0.695,Emergency,2026-01-19,4,2026-01-23,3511.83,4,Home
A005001,P01017,58,0.695,Orthopedics,2026-04-10,2,2026-04-12,2819.81,1,Home
A005157,P01017,58,0.695,General Surgery,2026-07-17,8,2026-07-25,11119.66,13,Against Medical Advice
A005167,P01017,58,0.695,Emergency,2026-09-20,6,2026-09-26,6565.3,6,Home
A004794,P01018,57,0.295,Emergency,2024-12-09,3,2024-12-12,3274.67,7,Home
A005014,P01018,57,0.295,Orthopedics,2025-04-02,11,2025-04-13,14381.09,7,Skilled Nursing Facility
A008096,P01018,57,0.295,Neurology,2025-04-17,10,2025-04-27,12808.85,7,Skilled Nursing Facility
A008324,P01018,57,0.295,Orthopedics,2025-05-02,5,2025-05-07,6675.87,3,Against Medical Advice
A008933,P01018,57,0.295,General Surgery,2025-06-01,9,2025-06-10,16193.15,3,Home Health Care
A009067,P01018,57,0.295,General Surgery,2025-06-21,1,2025-06-22,1587.59,3,Home
A009129,P01018,57,0.295,Cardiology,2025-07-08,4,2025-07-12,6543.56,9,Home Health Care
A009131,P01018,57,0.295,ICU,2025-11-08,3,2025-11-11,6598.18,6,Skilled Nursing Facility
A009408,P01018,57,0.295,Neurology,2025-12-09,1,2025-12-10,1618.88,3,Home
A000111,P01019,58,0.521,Emergency,2025-01-10,16,2025-01-26,15363.99,4,Home
A001880,P01019,58,0.521,Neurology,2025-02-28,11,2025-03-11,13673.81,9,Home Health Care
A006599,P01019,58,0.521,ICU,2025-09-04,4,2025-09-08,8770.94,8,Home Health Care
A007381,P01019,58,0.521,ICU,2025-10-14,5,2025-10-19,13359.96,6,Home
A009074,P01019,58,0.521,Emergency,2025-12-15,5,2025-12-20,4731.63,5,Home Health Care
A009123,P01019,58,0.521,Neurology,2026-01-29,9,2026-02-07,13872.43,6,Home
A009454,P01019,58,0.521,Emergency,2026-02-09,9,2026-02-18,7625.78,6,Home
A009559,P01019,58,0.521,ICU,2026-03-16,7,2026-03-23,16807.39,6,Home
A009581,P01019,58,0.521,ICU,2026-06-29,2,2026-07-01,5337.08,5,Home Health Care
A009606,P01019,58,0.521,Emergency,2026-09-14,14,2026-09-28,12547.59,7,Home
A000124,P01020,70,0.15,Emergency,2024-11-27,1,2024-11-28,883.13,5,Home
A000279,P01020,70,0.15,Neurology,2025-01-04,1,2025-01-05,1202.94,2,Skilled Nursing Facility
A002575,P01020,70,0.15,Emergency,2025-04-01,2,2025-04-03,1671.51,7,Home Health Care
A005391,P01020,70,0.15,Emergency,2026-01-11,3,2026-01-14,3236.16,7,Home
A005462,P01020,70,0.15,General Surgery,2026-04-17,2,2026-04-19,3274.68,2,Home
A000616,P01021,94,0.461,ICU,2025-01-18,3,2025-01-21,9361.65,8,Home Health Care
A000775,P01021,94,0.461,Emergency,2025-01-30,4,2025-02-03,4467.77,4,Home Health Care
A001727,P01021,94,0.461,Emergency,2025-07-25,4,2025-07-29,4396.86,4,Home
A001805,P01021,94,0.461,Emergency,2025-11-18,5,2025-11-23,4316.25,5,Home
A002126,P01021,94,0.461,ICU,2026-04-01,7,2026-04-08,21256.13,7,Home
A003538,P01021,94,0.461,ICU,2026-09-20,6,2026-09-26,15838.89,3,Home
A002113,P01022,53,0.177,Emergency,2024-12-10,3,2024-12-13,2503.73,3,Home
A003031,P01022,53,0.177,Cardiology,2025-02-13,2,2025-02-15,3313.51,5,Home
A006277,P01022,53,0.177,Emergency,2026-03-18,1,2026-03-19,781.42,3,Home
A002837,P01023,46,0.046,ICU,2024-11-13,5,2024-11-18,11620.13,4,Home
A004498,P01023,46,0.046,Emergency,2025-05-22,2,2025-05-24,1766.18,3,Home
A005909,P01023,46,0.046,Orthopedics,2025-06-29,3,2025-07-02,3322.5,4,Home
A006351,P01023,46,0.046,Emergency,2025-11-25,2,2025-11-27,1719.19,5,Home
A006388,P01023,46,0.046,Emergency,2026-07-02,1,2026-07-03,774.46,2,Home
A000140,P01024,35,0.338,ICU,2024-12-31,2,2025-01-02,4325.49,6,Home
A002288,P01024,35,0.338,Cardiology,2025-10-27,6,2025-11-02,11300.78,4,Home
A005384,P01024,35,0.338,ICU,2025-11-13,8,2025-11-21,19148.84,5,Home
A005810,P01024,35,0.338,ICU,2026-06-16,18,2026-07-04,43005.69,4,Against Medical Advice
A006876,P01024,35,0.338,Orthopedics,2026-07-08,18,2026-07-26,27831.51,4,Skilled Nursing Facility
A007289,P01024,35,0.338,Neurology,2026-08-02,5,2026-08-07,6481.99,3,Home
A000286,P01025,76,0.119,Neurology,2025-01-25,2,2025-01-27,2653.39,6,Skilled Nursing Facility
A001149,P01025,76,0.119,Emergency,2025-05-20,1,2025-05-21,912.82,3,Home
A001668,P01025,76,0.119,Cardiology,2025-12-06,4,2025-12-10,7611.97,4,Home
A006143,P01025,76,0.119,Emergency,2025-12-25,3,2025-12-28,2516.06,4,Skilled Nursing Facility
A007514,P01025,76,0.119,Orthopedics,2026-05-17,1,2026-05-18,1251.28,3,Home
A007891,P01025,76,0.119,ICU,2026-07-25,1,2026-07-26,2196.1,2,Home
A000312,P01026,58,0.129,Emergency,2024-10-21,4,2024-10-25,3656.45,3,Home Health Care
A002148,P01026,58,0.129,Emergency,2025-08-08,4,2025-08-12,3193.14,6,Home
A004333,P01026,58,0.129,Emergency,2025-12-18,3,2025-12-21,2880.26,4,Home
A000489,P01027,71,0.519,Orthopedics,2024-11-23,1,2024-11-24,1391.95,2,Home
A001368,P01027,71,0.519,Neurology,2025-02-26,2,2025-02-28,3370.35,6,Home
A003825,P01027,71,0.519,ICU,2025-09-06,13,2025-09-19,35299.32,8,Against Medical Advice
A008360,P01027,71,0.519,General Surgery,2025-09-22,1,2025-09-23,1548.22,4,Home
A009022,P01027,71,0.519,Neurology,2026-05-22,1,2026-05-23,1710.26,4,Home
A009136,P01027,71,0.519,General Surgery,2026-07-19,2,2026-07-21,2698.2,7,Skilled Nursing Facility
A009357,P01027,71,0.519,Emergency,2026-07-22,13,2026-08-04,10122.83,4,Home
A001086,P01028,1,0.142,ICU,2024-12-30,6,2025-01-05,18309.27,2,Skilled Nursing Facility
A001342,P01028,1,0.142,Neurology,2025-02-23,2,2025-02-25,3351.97,2,Home
A002449,P01028,1,0.142,General Surgery,2025-03-06,1,2025-03-07,1292.3,4,Against Medical Advice
A003168,P01028,1,0.142,General Surgery,2025-03-26,1,2025-03-27,1777.75,1,Home
A003221,P01028,1,0.142,ICU,2025-05-08,5,2025-05-13,10739.5,1,Home Health Care
A003749,P01028,1,0.142,Orthopedics,2025-06-15,3,2025-06-18,4400.14,3,Home Health Care
A004660,P01028,1,0.142,Cardiology,2026-01-30,2,2026-02-01,3846.84,3,Home
A005104,P01028,1,0.142,Neurology,2026-03-04,8,2026-03-12,12247.83,2,Home Health Care
A006114,P01028,1,0.142,Orthopedics,2026-03-14,1,2026-03-15,1482.74,4,Home
A000012,P01029,30,0.61,Neurology,2025-02-17,5,2025-02-22,8271.71,6,Against Medical Advice
A004175,P01029,30,0.61,Orthopedics,2025-03-27,3,2025-03-30,4463.9,8,Home
A007866,P01029,30,0.61,Cardiology,2025-12-22,2,2025-12-24,3738.15,9,Against Medical Advice
A008084,P01029,30,0.61,General Surgery,2026-02-23,7,2026-03-02,11727.59,4,Home
A008895,P01029,30,0.61,Cardiology,2026-04-08,4,2026-04-12,8643.27,4,Home
A009318,P01029,30,0.61,Emergency,2026-06-24,1,2026-06-25,903.74,3,Home
A000497,P01030,54,0.174,Emergency,2024-12-24,1,2024-12-25,946.5,7,Home
A001874,P01030,54,0.174,Emergency,2025-05-01,7,2025-05-08,6331.69,9,Home
A001954,P01030,54,0.174,ICU,2026-06-22,8,2026-06-30,20983.51,3,Home
A005261,P01030,54,0.174,General Surgery,2026-08-19,12,2026-08-31,15923.19,5,Home
A007648,P01030,54,0.174,Emergency,2026-09-04,3,2026-09-07,3158.3,6,Home
A001275,P01031,57,0.501,Emergency,2024-12-08,7,2024-12-15,6083.96,4,Home
A001799,P01031,57,0.501,Cardiology,2025-09-18,1,2025-09-19,2186.62,6,Skilled Nursing Facility
A003139,P01031,57,0.501,Orthopedics,2025-11-18,1,2025-11-19,1231.09,6,Home
A003726,P01031,57,0.501,Cardiology,2026-06-21,3,2026-06-24,5329.06,8,Home
A004112,P01031,57,0.501,Neurology,2026-07-01,15,2026-07-16,24594.51,8,Home Health Care
A001280,P01032,71,0.218,General Surgery,2024-12-08,6,2024-12-14,10331.1,7,Home
A002982,P01032,71,0.218,Neurology,2025-11-24,7,2025-12-01,10383.28,2,Home
A003037,P01032,71,0.218,ICU,2026-09-22,1,2026-09-23,2515.85,6,Home
A001690,P01033,86,0.138,Emergency,2024-09-29,2,2024-10-01,2014.48,4,Skilled Nursing Facility
A002205,P01033,86,0.138,Cardiology,2024-12-21,2,2024-12-23,3919.39,4,Home
A002473,P01033,86,0.138,ICU,2025-02-07,3,2025-02-10,8186.84,5,Home
A003903,P01033,86,0.138,Cardiology,2025-07-11,4,2025-07-15,7377.35,3,Home
A004680,P01033,86,0.138,General Surgery,2025-07-27,2,2025-07-29,3182.45,4,Home
A007768,P01033,86,0.138,Emergency,2025-07-30,2,2025-08-01,1971.55,6,Skilled Nursing Facility
A007974,P01033,86,0.138,Emergency,2025-09-17,2,2025-09-19,2160.73,6,Skilled Nursing Facility
A008552,P01033,86,0.138,ICU,2026-03-07,6,2026-03-13,18059.1,5,Home
A008680,P01033,86,0.138,Emergency,2026-06-09,5,2026-06-14,4049.14,5,Home
A000915,P01034,50,0.076,ICU,2025-01-03,1,2025-01-04,2712.35,0,Home Health Care
A001071,P01034,50,0.076,General Surgery,2025-01-19,7,2025-01-26,12506.01,5,Skilled Nursing Facility
A005947,P01034,50,0.076,General Surgery,2025-02-11,3,2025-02-14,4032.17,3,Home
A005997,P01034,50,0.076,General Surgery,2025-04-24,1,2025-04-25,1774.59,2,Home
A006006,P01034,50,0.076,Emergency,2025-08-10,9,2025-08-19,7477.83,2,Home
A006479,P01034,50,0.076,Emergency,2026-06-07,3,2026-06-10,3095.16,1,Home
A007615,P01034,50,0.076,Neurology,2026-08-25,1,2026-08-26,1419.79,2,Home Health Care
A008716,P01034,50,0.076,General Surgery,2026-09-05,5,2026-09-10,7805.94,4,Home
A000751,P01035,51,0.217,Orthopedics,2024-12-03,6,2024-12-09,9547.34,4,Home
A001044,P01035,51,0.217,General Surgery,2025-04-28,7,2025-05-05,10865.06,4,Skilled Nursing Facility
A001660,P01035,51,0.217,Neurology,2025-06-14,2,2025-06-16,2429.72,3,Home
A001793,P01035,51,0.217,General Surgery,2025-09-28,6,2025-10-04,9923.39,4,Home Health Care
A003579,P01035,51,0.217,ICU,2025-11-30,8,2025-12-08,19396.05,1,Against Medical Advice
A005026,P01035,51,0.217,Neurology,2026-01-21,6,2026-01-27,9058.14,1,Home
A005614,P01035,51,0.217,ICU,2026-05-19,2,2026-05-21,4890.04,5,Skilled Nursing Facility
A000221,P01036,42,0.41,Cardiology,2024-09-26,3,2024-09-29,6289.17,4,Home
A002294,P01036,42,0.41,Neurology,2024-12-04,1,2024-12-05,1363.9,5,Home
A003310,P01036,42,0.41,Orthopedics,2025-02-27,3,2025-03-02,4222.32,2,Home
A003384,P01036,42,0.41,Emergency,2025-03-08,4,2025-03-12,4181.47,5,Skilled Nursing Facility
A004457,P01036,42,0.41,Neurology,2025-03-14,3,2025-03-17,4080.11,9,Home
A000837,P01037,70,0.17,ICU,2025-02-15,15,2025-03-02,40242.81,4,Home
A001872,P01037,70,0.17,Emergency,2025-03-13,2,2025-03-15,1804.39,6,Home
A001963,P01037,70,0.17,Emergency,2025-09-11,6,2025-09-17,4712.65,5,Skilled Nursing Facility
A002262,P01037,70,0.17,Cardiology,2025-11-27,2,2025-11-29,3861.98,2,Home
A002702,P01037,70,0.17,General Surgery,2026-01-18,6,2026-01-24,10688.79,4,Home
A000759,P01038,39,0.197,Cardiology,2024-10-06,1,2024-10-07,1927.95,4,Home
A002638,P01038,39,0.197,Emergency,2024-10-16,1,2024-10-17,968.81,7,Home
A005644,P01038,39,0.197,Neurology,2025-06-28,11,2025-07-09,17943.9,3,Home
A006650,P01038,39,0.197,Orthopedics,2025-09-08,10,2025-09-18,12909.1,0,Home
A007687,P01038,39,0.197,ICU,2025-10-22,10,2025-11-01,29543.29,5,Home
A007723,P01038,39,0.197,Emergency,2026-02-22,10,2026-03-04,9764.91,5,Home
A000000,P01039,58,0.543,Emergency,2025-01-29,3,2025-02-01,2717.77,6,Skilled Nursing Facility
A000039,P01039,58,0.543,Neurology,2025-03-08,19,2025-03-27,31339.71,6,Home
A000693,P01039,58,0.543,General Surgery,2025-04-05,6,2025-04-11,9061.66,10,Skilled Nursing Facility
A001211,P01039,58,0.543,General Surgery,2025-08-25,2,2025-08-27,3589.99,5,Home
A004481,P01039,58,0.543,Orthopedics,2026-09-24,16,2026-10-10,24342.2,11,Skilled Nursing Facility
A001658,P01040,44,0.182,Emergency,2024-12-06,5,2024-12-11,5191.06,8,Home
A003377,P01040,44,0.182,Neurology,2025-07-29,4,2025-08-02,5511.52,5,Home Health Care
A005301,P01040,44,0.182,ICU,2025-08-12,7,2025-08-19,16060.27,4,Home
A005483,P01040,44,0.182,ICU,2026-02-19,5,2026-02-24,14368.16,11,Home Health Care
A006576,P01040,44,0.182,Emergency,2026-04-22,1,2026-04-23,1026.4,1,Home Health Care
A007268,P01040,44,0.182,Cardiology,2026-06-09,3,2026-06-12,5485.3,3,Home Health Care
A007934,P01040,44,0.182,Emergency,2026-09-04,9,2026-09-13,8454.51,4,Home
A001183,P01041,54,0.091,General Surgery,2024-11-21,1,2024-11-22,1714.93,2,Home
A004207,P01041,54,0.091,Emergency,2025-04-04,5,2025-04-09,4582.97,1,Home
A006429,P01041,54,0.091,Orthopedics,2025-06-22,3,2025-06-25,3420.92,6,Home
A007602,P01041,54,0.091,Neurology,2026-06-27,4,2026-07-01,6873.59,10,Home Health Care
A002541,P01042,67,0.168,General Surgery,2024-12-23,2,2024-12-25,2661.29,3,Against Medical Advice
A005023,P01042,67,0.168,Orthopedics,2025-07-27,3,2025-07-30,4177.37,4,Home Health Care
A000146,P01043,58,0.078,Neurology,2024-11-19,3,2024-11-22,3728.33,1,Home Health Care
A000725,P01043,58,0.078,General Surgery,2025-03-25,1,2025-03-26,1739.83,1,Home
A004452,P01043,58,0.078,Orthopedics,2025-09-23,3,2025-09-26,4874.49,5,Home
A002674,P01044,60,0.169,Emergency,2024-11-11,3,2024-11-14,3182.91,4,Home Health Care
A002723,P01044,60,0.169,Emergency,2024-11-18,2,2024-11-20,2103.04,2,Skilled Nursing Facility
A003056,P01044,60,0.169,Neurology,2025-01-15,4,2025-01-19,6109.53,2,Home
A004651,P01044,60,0.169,ICU,2025-11-25,5,2025-11-30,14592.8,2,Home
A006634,P01044,60,0.169,General Surgery,2026-03-10,4,2026-03-14,6982.07,2,Home
A003002,P01045,45,0.379,Neurology,2024-11-27,10,2024-12-07,17244.91,4,Against Medical Advice
A003013,P01045,45,0.379,Orthopedics,2025-01-19,10,2025-01-29,12259.89,3,Home
A005525,P01045,45,0.379,Emergency,2025-04-28,9,2025-05-07,7789.45,5,Home
A006601,P01045,45,0.379,Emergency,2025-10-20,4,2025-10-24,4276.37,1,Skilled Nursing Facility
A008255,P01045,45,0.379,Orthopedics,2026-01-28,1,2026-01-29,1338.97,6,Home
A008359,P01045,45,0.379,Emergency,2026-08-16,4,2026-08-20,3712.86,4,Home Health Care
A000840,P01046,43,0.121,Emergency,2024-10-29,1,2024-10-30,1073.21,3,Skilled Nursing Facility
A002167,P01046,43,0.121,Cardiology,2025-01-20,2,2025-01-22,3083.21,1,Against Medical Advice
A002327,P01046,43,0.121,Emergency,2025-02-03,4,2025-02-07,4329.66,4,Skilled Nursing Facility
A003035,P01046,43,0.121,ICU,2025-05-05,1,2025-05-06,2586.03,5,Home
A003350,P01046,43,0.121,Emergency,2025-06-23,1,2025-06-24,793.28,6,Home
A004137,P01046,43,0.121,Emergency,2025-10-29,2,2025-10-31,1897.64,5,Home
A005724,P01046,43,0.121,Emergency,2025-12-03,1,2025-12-04,1036.17,3,Skilled Nursing Facility
A006952,P01046,43,0.121,Emergency,2026-04-13,3,2026-04-16,2974.61,3,Home
A007893,P01046,43,0.121,Emergency,2026-04-22,1,2026-04-23,1087.74,6,Home
A008205,P01046,43,0.121,ICU,2026-08-23,2,2026-08-25,5352.33,4,Home
A003586,P01047,48,0.111,Orthopedics,2024-10-18,7,2024-10-25,9975.64,5,Home Health Care
A003999,P01047,48,0.111,ICU,2025-12-24,3,2025-12-27,7055.62,2,Home
A004323,P01047,48,0.111,General Surgery,2026-03-27,1,2026-03-28,1720.66,3,Against Medical Advice
A001941,P01048,82,0.238,Neurology,2024-10-04,6,2024-10-10,9676.6,2,Home
A001998,P01048,82,0.238,ICU,2025-01-16,3,2025-01-19,7746.69,3,Home Health Care
A003152,P01048,82,0.238,General Surgery,2025-05-04,3,2025-05-07,4778.73,2,Home
A005180,P01048,82,0.238,Emergency,2026-03-23,2,2026-03-25,1993.21,1,Home
A006081,P01048,82,0.238,Neurology,2026-07-03,5,2026-07-08,6387.67,2,Home Health Care
A006859,P01048,82,0.238,Cardiology,2026-08-19,1,2026-08-20,1983.78,6,Skilled Nursing Facility
A006969,P01048,82,0.238,ICU,2026-08-28,2,2026-08-30,5227.67,5,Home
A007632,P01048,82,0.238,Emergency,2026-09-20,16,2026-10-06,14585.35,2,Home
A002048,P01049,52,0.292,ICU,2024-12-12,9,2024-12-21,19331.15,2,Home
A002143,P01049,52,0.292,Emergency,2025-06-08,1,2025-06-09,1091.59,4,Home
A002402,P01049,52,0.292,Emergency,2025-07-01,2,2025-07-03,2215.64,2,Home
A004342,P01049,52,0.292,Neurology,2025-08-13,10,2025-08-23,11990.58,3,Home
A005223,P01049,52,0.292,ICU,2026-01-13,1,2026-01-14,3038.27,5,Home
A005834,P01049,52,0.292,Emergency,2026-04-10,1,2026-04-11,871.39,3,Home
A005493,P01050,75,0.423,Cardiology,2025-01-14,7,2025-01-21,11444.11,2,Home Health Care
A005712,P01050,75,0.423,Emergency,2025-02-10,1,2025-02-11,784.41,3,Home
A006751,P01050,75,0.423,Emergency,2025-06-23,6,2025-06-29,6379.75,7,Skilled Nursing Facility
A006907,P01050,75,0.423,ICU,2025-08-03,3,2025-08-06,8167.59,2,Home
A007525,P01050,75,0.423,Neurology,2025-11-04,4,2025-11-08,6561.69,6,Home
A007858,P01050,75,0.423,Neurology,2025-12-14,1,2025-12-15,1680.59,2,Home
A007966,P01050,75,0.423,Emergency,2026-01-27,1,2026-01-28,832.86,9,Home
A007978,P01050,75,0.423,Orthopedics,2026-03-08,5,2026-03-13,7214.92,5,Home
A008545,P01050,75,0.423,General Surgery,2026-06-10,5,2026-06-15,8977.88,8,Skilled Nursing Facility
A008655,P01050,75,0.423,Emergency,2026-07-01,8,2026-07-09,6776.17,2,Home
A009450,P01050,75,0.423,Emergency,2026-08-13,1,2026-08-14,1087.48,3,Home
A000516,P01051,61,0.265,General Surgery,2024-10-02,4,2024-10-06,7262.85,3,Home
A001068,P01051,61,0.265,General Surgery,2025-04-06,3,2025-04-09,5428.15,4,Home
A001900,P01051,61,0.265,ICU,2025-08-07,5,2025-08-12,15001.31,3,Home
A002856,P01051,61,0.265,ICU,2025-10-07,9,2025-10-16,27654.7,2,Home
A004183,P01051,61,0.265,General Surgery,2026-08-08,5,2026-08-13,7321.94,5,Home Health Care
A004546,P01051,61,0.265,General Surgery,2026-08-20,5,2026-08-25,9139.76,10,Home
A004622,P01051,61,0.265,ICU,2026-09-01,1,2026-09-02,2269.95,5,Home
A000500,P01052,49,0.337,Emergency,2024-12-26,13,2025-01-08,10095.77,9,Against Medical Advice
A005077,P01052,49,0.337,Emergency,2025-01-21,19,2025-02-09,17499.12,5,Home Health Care
A006087,P01052,49,0.337,General Surgery,2025-04-01,8,2025-04-09,10218.07,8,Home
A006752,P01052,49,0.337,ICU,2025-06-09,4,2025-06-13,10987.69,2,Home
A006861,P01052,49,0.337,Neurology,2025-06-18,15,2025-07-03,23710.92,5,Skilled Nursing Facility
A006885,P01052,49,0.337,Neurology,2025-07-15,4,2025-07-19,5639.81,3,Home
A007012,P01052,49,0.337,General Surgery,2025-09-29,2,2025-10-01,2931.45,3,Home
A007828,P01052,49,0.337,Neurology,2026-05-12,6,2026-05-18,9058.1,2,Home
A008129,P01052,49,0.337,General Surgery,2026-07-13,5,2026-07-18,6763.45,6,Home
A001223,P01053,45,0.394,Neurology,2024-10-27,2,2024-10-29,2910.33,5,Skilled Nursing Facility
A001458,P01053,45,0.394,General Surgery,2024-12-13,15,2024-12-28,25214.65,6,Home
A003136,P01053,45,0.394,ICU,2025-10-05,1,2025-10-06,2231.69,2,Skilled Nursing Facility
A003498,P01053,45,0.394,Cardiology,2026-01-25,1,2026-01-26,2152.51,4,Home Health Care
A004913,P01053,45,0.394,Neurology,2026-02-08,3,2026-02-11,4867.17,5,Home Health Care
A000848,P01054,36,0.329,General Surgery,2024-10-17,3,2024-10-20,3999.41,4,Home Health Care
A000928,P01054,36,0.329,ICU,2024-10-23,1,2024-10-24,2392.34,4,Home
A002160,P01054,36,0.329,General Surgery,2024-10-30,2,2024-11-01,2895.81,4,Home
A003597,P01054,36,0.329,Neurology,2025-01-22,1,2025-01-23,1488.46,4,Home
A004532,P01054,36,0.329,Emergency,2025-04-03,3,2025-04-06,3156.66,7,Skilled Nursing Facility
A005323,P01054,36,0.329,Emergency,2025-05-01,9,2025-05-10,7469.4,8,Skilled Nursing Facility
A006191,P01054,36,0.329,Emergency,2025-06-22,9,2025-07-01,9104.33,7,Home
A006513,P01054,36,0.329,ICU,2025-10-16,2,2025-10-18,4448.87,4,Home Health Care
A007542,P01054,36,0.329,Neurology,2026-01-15,2,2026-01-17,2612.78,3,Home
A008162,P01054,36,0.329,Orthopedics,2026-04-01,2,2026-04-03,2701.37,5,Home
A002912,P01055,79,0.197,Orthopedics,2024-12-08,8,2024-12-16,10933.63,6,Home
A004140,P01055,79,0.197,General Surgery,2025-10-08,5,2025-10-13,8547.74,6,Home
A005579,P01055,79,0.197,Cardiology,2026-08-01,1,2026-08-02,1895.89,3,Home
A000016,P01056,39,0.369,Emergency,2024-12-16,9,2024-12-25,6902.25,7,Home
A001045,P01056,39,0.369,Emergency,2025-03-30,10,2025-04-09,10200.97,3,Skilled Nursing Facility
A003098,P01056,39,0.369,Emergency,2025-05-25,16,2025-06-10,13969.17,7,Home
A004760,P01056,39,0.369,Neurology,2025-09-09,5,2025-09-14,7210.42,2,Home
A007389,P01056,39,0.369,General Surgery,2025-10-02,4,2025-10-06,6237.29,3,Home
A000438,P01057,43,0.269,Emergency,2025-01-08,7,2025-01-15,6025.9,7,Home Health Care
A002631,P01057,43,0.269,General Surgery,2025-01-28,2,2025-01-30,2580.61,3,Against Medical Advice
A003277,P01057,43,0.269,ICU,2025-02-14,16,2025-03-02,46841.23,5,Home Health Care
A003432,P01057,43,0.269,Cardiology,2025-07-04,1,2025-07-05,1735.79,2,Home
A004633,P01057,43,0.269,Orthopedics,2025-08-26,4,2025-08-30,4960.3,3,Home
A008018,P01057,43,0.269,Neurology,2025-11-10,2,2025-11-12,2503.77,3,Skilled Nursing Facility
A008322,P01057,43,0.269,General Surgery,2025-11-13,6,2025-11-19,8115.4,6,Home Health Care
A008449,P01057,43,0.269,Neurology,2026-03-24,2,2026-03-26,2938.91,5,Home Health Care
A008627,P01057,43,0.269,ICU,2026-08-22,5,2026-08-27,15121.01,5,Home
A001959,P01058,81,0.211,Emergency,2024-11-07,2,2024-11-09,1604.89,5,Home
A004436,P01058,81,0.211,Neurology,2024-12-07,4,2024-12-11,5000.52,5,Home
A005646,P01058,81,0.211,Neurology,2025-09-13,8,2025-09-21,10454.78,6,Home
A001703,P01059,65,0.264,General Surgery,2024-11-14,5,2024-11-19,8109.62,4,Home
A003765,P01059,65,0.264,Cardiology,2025-01-11,10,2025-01-21,17430.56,5,Against Medical Advice
A004214,P01059,65,0.264,ICU,2025-02-23,11,2025-03-06,33192.06,8,Home
A004654,P01059,65,0.264,Emergency,2025-08-19,1,2025-08-20,1025.81,6,Home Health Care
A006115,P01059,65,0.264,Emergency,2025-10-16,6,2025-10-22,4756.1,2,Home Health Care
A006436,P01059,65,0.264,ICU,2026-02-01,1,2026-02-02,2708.02,2,Home
A000077,P01060,63,0.096,General Surgery,2024-10-27,1,2024-10-28,1663.24,4,Home
A002849,P01060,63,0.096,Neurology,2025-02-21,11,2025-03-04,17856.14,7,Home Health Care
A004496,P01060,63,0.096,Emergency,2025-03-10,3,2025-03-13,3178.43,4,Home Health Care
A005625,P01060,63,0.096,Orthopedics,2025-08-22,1,2025-08-23,1221.85,3,Home Health Care
A006303,P01060,63,0.096,Emergency,2025-09-02,2,2025-09-04,1718.98,4,Home
A007255,P01060,63,0.096,Cardiology,2026-03-02,3,2026-03-05,5746.07,3,Home
A000528,P01061,56,0.095,Emergency,2025-02-09,17,2025-02-26,14721.01,5,Against Medical Advice
A002368,P01061,56,0.095,ICU,2025-04-10,2,2025-04-12,5926.07,5,Home
A002843,P01061,56,0.095,Emergency,2025-11-11,1,2025-11-12,807.45,4,Home
A002911,P01061,56,0.095,Emergency,2026-03-28,1,2026-03-29,774.72,4,Home
A003175,P01061,56,0.095,Emergency,2026-04-16,2,2026-04-18,2163.7,2,Home
A000101,P01062,18,0.361,Emergency,2024-12-26,3,2024-12-29,2891.18,8,Skilled Nursing Facility
A002510,P01062,18,0.361,ICU,2025-01-10,2,2025-01-12,4321.9,5,Home
A002719,P01062,18,0.361,Emergency,2025-02-10,3,2025-02-13,2458.87,12,Home
A003963,P01062,18,0.361,Emergency,2026-05-07,3,2026-05-10,3104.29,7,Home
A004577,P01062,18,0.361,Emergency,2026-09-04,6,2026-09-10,5912.61,7,Home
A000058,P01063,54,0.291,Cardiology,2025-02-06,7,2025-02-13,11758.44,7,Home
A002818,P01063,54,0.291,Cardiology,2025-07-02,1,2025-07-03,1531.56,7,Home
A005685,P01063,54,0.291,ICU,2026-02-20,2,2026-02-22,5797.4,9,Home Health Care
A005973,P01063,54,0.291,Cardiology,2026-09-09,1,2026-09-10,1680.15,5,Home
A001550,P01064,80,0.274,Emergency,2025-01-30,18,2025-02-17,19180.42,6,Home Health Care
A002245,P01064,80,0.274,Cardiology,2025-03-02,6,2025-03-08,13064.1,4,Home
A003161,P01064,80,0.274,Emergency,2025-03-29,1,2025-03-30,833.37,2,Home
A003422,P01064,80,0.274,Emergency,2025-06-28,9,2025-07-07,8872.79,5,Against Medical Advice
A003816,P01064,80,0.274,Emergency,2025-08-04,1,2025-08-05,945.97,7,Home
A004978,P01064,80,0.274,ICU,2026-06-20,4,2026-06-24,9279.67,4,Home
A000379,P01065,97,0.536,Neurology,2024-12-02,6,2024-12-08,10032.47,5,Home Health Care
A001777,P01065,97,0.536,Cardiology,2026-01-04,11,2026-01-15,20628.96,9,Home
A003868,P01065,97,0.536,Emergency,2026-01-23,7,2026-01-30,6392.76,8,Home
A004243,P01065,97,0.536,Cardiology,2026-02-13,37,2026-03-22,62631.78,9,Home Health Care
A004874,P01065,97,0.536,Orthopedics,2026-06-29,2,2026-07-01,2224.43,7,Home Health Care
A001031,P01066,33,0.388,General Surgery,2024-11-05,8,2024-11-13,10497.82,4,Home
A001073,P01066,33,0.388,Neurology,2025-12-20,2,2025-12-22,3043.8,2,Home Health Care
A001982,P01066,33,0.388,Cardiology,2026-01-26,1,2026-01-27,1671.16,6,Home
A006000,P01067,41,0.387,Cardiology,2024-11-28,2,2024-11-30,3743.75,3,Home Health Care
A007814,P01067,41,0.387,Emergency,2025-08-09,8,2025-08-17,7879.88,7,Home
A007924,P01067,41,0.387,General Surgery,2025-08-21,2,2025-08-23,2764.98,7,Home
A008699,P01067,41,0.387,Emergency,2025-12-14,18,2026-01-01,15421.98,3,Home
A009091,P01067,41,0.387,Orthopedics,2026-02-23,1,2026-02-24,1183.67,2,Home
A009289,P01067,41,0.387,Cardiology,2026-03-12,1,2026-03-13,2227.5,11,Home
A009303,P01067,41,0.387,Cardiology,2026-08-03,6,2026-08-09,11739.86,7,Home
A001847,P01068,77,0.119,Neurology,2025-01-25,2,2025-01-27,2433.9,8,Home Health Care
A004098,P01068,77,0.119,Emergency,2025-08-08,8,2025-08-16,8145.32,3,Home
A006092,P01068,77,0.119,Cardiology,2026-02-06,2,2026-02-08,4455.04,2,Home
A002869,P01069,72,0.263,Neurology,2024-12-08,2,2024-12-10,2678.44,8,Skilled Nursing Facility
A003909,P01069,72,0.263,Emergency,2025-02-06,10,2025-02-16,9698.61,2,Home
A004415,P01069,72,0.263,Neurology,2025-07-03,2,2025-07-05,2484.07,4,Home
A006168,P01069,72,0.263,Neurology,2025-07-09,9,2025-07-18,15138.49,2,Home Health Care
A006711,P01069,72,0.263,Emergency,2025-11-13,2,2025-11-15,2154.3,6,Skilled Nursing Facility
A007137,P01069,72,0.263,General Surgery,2025-11-18,7,2025-11-25,9990.44,1,Skilled Nursing Facility
A008036,P01069,72,0.263,General Surgery,2025-12-16,2,2025-12-18,2969.61,8,Home
A008437,P01069,72,0.263,Neurology,2026-04-03,12,2026-04-15,18981.27,1,Home
A008863,P01069,72,0.263,Emergency,2026-08-16,11,2026-08-27,9253.61,6,Skilled Nursing Facility
A001849,P01070,53,0.504,Emergency,2024-12-19,7,2024-12-26,6400.0,5,Home
A004605,P01070,53,0.504,Cardiology,2025-04-04,4,2025-04-08,7835.9,5,Home
A006965,P01070,53,0.504,General Surgery,2025-06-03,3,2025-06-06,5484.09,4,Home
A008451,P01070,53,0.504,General Surgery,2025-10-24,5,2025-10-29,8920.43,3,Home Health Care
A008473,P01070,53,0.504,General Surgery,2025-10-31,5,2025-11-05,8769.55,5,Skilled Nursing Facility
A008791,P01070,53,0.504,Neurology,2025-12-08,19,2025-12-27,32504.75,4,Home
A009477,P01070,53,0.504,Emergency,2026-02-03,1,2026-02-04,964.17,5,Home
A009517,P01070,53,0.504,Cardiology,2026-02-22,7,2026-03-01,15586.44,5,Home
A009659,P01070,53,0.504,Emergency,2026-03-23,2,2026-03-25,1954.39,6,Home Health Care
A009687,P01070,53,0.504,Emergency,2026-03-31,9,2026-04-09,7289.73,4,Home
A009689,P01070,53,0.504,Emergency,2026-08-15,1,2026-08-16,936.84,8,Home
A002116,P01071,48,0.649,Emergency,2024-10-23,5,2024-10-28,4019.8,6,Home
A004231,P01071,48,0.649,Emergency,2024-12-25,4,2024-12-29,4258.69,4,Home
A006024,P01071,48,0.649,Neurology,2025-06-10,2,2025-06-12,2846.57,9,Home
A006630,P01071,48,0.649,Emergency,2025-06-29,16,2025-07-15,16337.44,10,Home
A006811,P01071,48,0.649,ICU,2026-06-19,5,2026-06-24,13481.62,7,Home
A006897,P01071,48,0.649,General Surgery,2026-08-05,5,2026-08-10,8891.88,7,Skilled Nursing Facility
A007665,P01071,48,0.649,Emergency,2026-09-22,9,2026-10-01,8067.77,5,Home
A001285,P01072,33,0.126,Emergency,2025-01-21,6,2025-01-27,5284.84,5,Home Health Care
A002572,P01072,33,0.126,Cardiology,2025-12-17,3,2025-12-20,4635.86,4,Home
A003920,P01072,33,0.126,Neurology,2026-03-13,4,2026-03-17,6911.74,4,Skilled Nursing Facility
A005319,P01072,33,0.126,Neurology,2026-04-20,1,2026-04-21,1228.67,4,Home
A006770,P01072,33,0.126,Emergency,2026-09-08,14,2026-09-22,13788.31,6,Home
A005983,P01073,41,0.106,General Surgery,2024-10-13,6,2024-10-19,8915.2,4,Home
A008200,P01073,41,0.106,Emergency,2025-03-27,2,2025-03-29,1542.26,4,Home
A008822,P01073,41,0.106,Emergency,2026-03-21,8,2026-03-29,8939.52,5,Home
A008950,P01073,41,0.106,Neurology,2026-09-16,3,2026-09-19,3914.25,4,Home
A000828,P01074,87,0.309,General Surgery,2024-10-30,1,2024-10-31,1312.9,6,Home
A003405,P01074,87,0.309,General Surgery,2024-11-11,8,2024-11-19,14237.28,6,Home
A007223,P01074,87,0.309,Emergency,2024-12-19,15,2025-01-03,15646.85,3,Home
A007264,P01074,87,0.309,General Surgery,2025-12-28,8,2026-01-05,13033.98,10,Home
A007479,P01074,87,0.309,Orthopedics,2026-02-10,5,2026-02-15,7156.57,7,Home
A008072,P01074,87,0.309,Emergency,2026-03-24,10,2026-04-03,9002.53,4,Home
A001385,P01075,45,0.24,General Surgery,2024-11-20,14,2024-12-04,18046.37,5,Home Health Care
A002393,P01075,45,0.24,ICU,2025-12-09,7,2025-12-16,15782.26,7,Home
A003240,P01075,45,0.24,ICU,2026-02-01,1,2026-02-02,2303.15,9,Home
A003632,P01075,45,0.24,Cardiology,2026-07-31,3,2026-08-03,5291.19,10,Home Health Care
A000292,P01076,68,0.179,ICU,2025-01-03,3,2025-01-06,6593.29,2,Skilled Nursing Facility
A000510,P01076,68,0.179,Neurology,2025-07-01,1,2025-07-02,1733.88,3,Skilled Nursing Facility
A000773,P01076,68,0.179,Emergency,2025-07-19,4,2025-07-23,3871.55,5,Home
A001128,P01076,68,0.179,Emergency,2026-01-22,3,2026-01-25,2594.4,6,Skilled Nursing Facility
A001190,P01076,68,0.179,Orthopedics,2026-06-30,4,2026-07-04,5742.15,11,Home
A000038,P01077,45,0.58,Neurology,2025-02-13,1,2025-02-14,1467.8,8,Home Health Care
A000514,P01077,45,0.58,ICU,2025-03-25,20,2025-04-14,46153.9,9,Home Health Care
A001404,P01077,45,0.58,ICU,2025-04-18,12,2025-04-30,32513.3,5,Home
A002071,P01077,45,0.58,Emergency,2025-06-25,14,2025-07-09,14897.47,6,Home
A002684,P01077,45,0.58,Cardiology,2025-10-16,3,2025-10-19,6163.77,7,Home
A003170,P01077,45,0.58,Emergency,2026-07-17,9,2026-07-26,9295.52,7,Home
A000001,P01078,52,0.336,ICU,2024-12-26,5,2024-12-31,15225.98,3,Home
A003492,P01078,52,0.336,Emergency,2025-10-05,18,2025-10-23,16353.32,8,Home Health Care
A004727,P01078,52,0.336,Emergency,2025-11-17,8,2025-11-25,6183.26,3,Home
A005404,P01078,52,0.336,Orthopedics,2025-11-26,2,2025-11-28,2716.68,3,Home
A006541,P01078,52,0.336,Neurology,2025-12-01,9,2025-12-10,13926.27,4,Skilled Nursing Facility
A007303,P01078,52,0.336,ICU,2026-04-12,4,2026-04-16,8724.35,3,Home Health Care
A007880,P01078,52,0.336,Emergency,2026-05-06,1,2026-05-07,1064.05,5,Skilled Nursing Facility
A008067,P01078,52,0.336,Emergency,2026-06-08,1,2026-06-09,1025.27,11,Home Health Care
A008097,P01078,52,0.336,Emergency,2026-07-27,9,2026-08-05,8209.03,3,Skilled Nursing Facility
A008371,P01078,52,0.336,Orthopedics,2026-09-06,1,2026-09-07,1491.57,0,Home
A001249,P01079,54,0.124,Cardiology,2024-10-17,4,2024-10-21,7535.46,5,Home
A003316,P01079,54,0.124,Emergency,2025-06-12,6,2025-06-18,4815.19,6,Home
A004905,P01079,54,0.124,Orthopedics,2025-07-27,1,2025-07-28,1267.68,2,Home Health Care
A005200,P01079,54,0.124,General Surgery,2025-09-12,1,2025-09-13,1791.47,4,Home Health Care
A006278,P01079,54,0.124,Orthopedics,2025-11-08,7,2025-11-15,8879.64,5,Home
A008506,P01079,54,0.124,General Surgery,2026-06-28,1,2026-06-29,1812.49,2,Home
A008536,P01079,54,0.124,ICU,2026-08-16,5,2026-08-21,15438.46,6,Home
A000029,P01080,71,0.182,Neurology,2025-01-03,8,2025-01-11,12991.48,4,Home Health Care
A001400,P01080,71,0.182,General Surgery,2025-01-15,3,2025-01-18,4377.98,2,Home
A002625,P01080,71,0.182,Emergency,2025-03-11,3,2025-03-14,3090.55,5,Home Health Care
A003309,P01080,71,0.182,ICU,2025-06-18,6,2025-06-24,12758.36,5,Home
A003411,P01080,71,0.182,Emergency,2026-04-02,5,2026-04-07,5369.74,5,Home Health Care
A005295,P01080,71,0.182,General Surgery,2026-07-25,1,2026-07-26,1525.72,3,Skilled Nursing Facility
A006466,P01080,71,0.182,Neurology,2026-08-08,1,2026-08-09,1664.62,2,Home Health Care
A000579,P01081,58,0.323,Cardiology,2024-09-27,3,2024-09-30,6581.19,2,Against Medical Advice
A007567,P01081,58,0.323,Cardiology,2024-12-28,2,2024-12-30,3362.75,6,Home
A007576,P01081,58,0.323,Orthopedics,2025-01-30,3,2025-02-02,4772.12,8,Home Health Care
A008409,P01081,58,0.323,ICU,2025-06-18,11,2025-06-29,23440.92,5,Home Health Care
A008540,P01081,58,0.323,Emergency,2025-10-07,3,2025-10-10,3252.48,2,Home Health Care
A009018,P01081,58,0.323,Neurology,2026-01-20,3,2026-01-23,3931.67,3,Home
A009306,P01081,58,0.323,Neurology,2026-09-22,2,2026-09-24,2762.09,2,Home
A000603,P01082,65,0.074,Emergency,2024-11-30,2,2024-12-02,1995.13,4,Against Medical Advice
A002252,P01082,65,0.074,Orthopedics,2025-02-01,6,2025-02-07,8013.05,2,Home Health Care
A003534,P01082,65,0.074,Neurology,2025-02-25,1,2025-02-26,1675.74,2,Home Health Care
A003670,P01082,65,0.074,Orthopedics,2025-07-15,1,2025-07-16,1573.67,1,Skilled Nursing Facility
A004414,P01082,65,0.074,Emergency,2025-09-26,1,2025-09-27,805.25,1,Home
A007090,P01082,65,0.074,Emergency,2025-10-14,3,2025-10-17,2957.94,3,Home
A007598,P01082,65,0.074,Orthopedics,2025-10-31,2,2025-11-02,2953.19,6,Home
A008382,P01082,65,0.074,Orthopedics,2026-04-12,1,2026-04-13,1344.69,6,Home
A008969,P01082,65,0.074,Cardiology,2026-08-14,12,2026-08-26,21801.79,2,Home
A009194,P01082,65,0.074,ICU,2026-09-14,1,2026-09-15,2435.5,3,Home
A007106,P01083,25,0.298,Emergency,2025-02-08,12,2025-02-20,10651.31,9,Skilled Nursing Facility
A007247,P01083,25,0.298,ICU,2025-05-08,4,2025-05-12,10513.91,4,Skilled Nursing Facility
A008081,P01083,25,0.298,Cardiology,2025-10-04,12,2025-10-16,18921.15,5,Against Medical Advice
A008109,P01083,25,0.298,Orthopedics,2025-11-23,2,2025-11-25,2466.49,6,Skilled Nursing Facility
A008308,P01083,25,0.298,ICU,2025-12-12,4,2025-12-16,11410.3,4,Home Health Care
A009157,P01083,25,0.298,General Surgery,2026-07-05,1,2026-07-06,1384.69,6,Home
A009220,P01083,25,0.298,Emergency,2026-07-19,4,2026-07-23,4451.3,3,Skilled Nursing Facility
A009248,P01083,25,0.298,Emergency,2026-07-27,9,2026-08-05,8706.65,7,Home
A003359,P01084,58,0.361,General Surgery,2024-10-25,1,2024-10-26,1382.16,7,Home
A004553,P01084,58,0.361,ICU,2024-11-21,8,2024-11-29,23631.93,5,Home
A005194,P01084,58,0.361,Cardiology,2025-10-23,7,2025-10-30,11533.7,3,Home
A005787,P01084,58,0.361,General Surgery,2025-11-09,5,2025-11-14,9106.44,5,Home
A005934,P01084,58,0.361,General Surgery,2025-12-12,5,2025-12-17,9352.5,6,Skilled Nursing Facility
A006040,P01084,58,0.361,Emergency,2026-03-07,5,2026-03-12,4387.31,6,Home
A006207,P01084,58,0.361,ICU,2026-07-15,3,2026-07-18,7717.43,4,Skilled Nursing Facility
A008425,P01084,58,0.361,Neurology,2026-09-02,2,2026-09-04,3486.34,3,Home
A002292,P01085,62,0.219,Neurology,2025-01-18,5,2025-01-23,7144.45,3,Home
A003043,P01085,62,0.219,Cardiology,2025-03-02,7,2025-03-09,11487.5,0,Home
A003134,P01085,62,0.219,Emergency,2025-05-08,17,2025-05-25,17042.51,3,Home
A003295,P01085,62,0.219,Emergency,2025-11-08,1,2025-11-09,810.47,1,Home Health Care
A003912,P01085,62,0.219,Emergency,2026-01-21,1,2026-01-22,950.61,6,Against Medical Advice
A004025,P01085,62,0.219,Cardiology,2026-03-19,4,2026-03-23,7031.63,4,Home
A005149,P01085,62,0.219,General Surgery,2026-06-09,2,2026-06-11,3107.83,6,Home
A003338,P01086,45,0.099,Emergency,2024-12-27,1,2024-12-28,1027.58,3,Home
A004390,P01086,45,0.099,Neurology,2025-07-21,1,2025-07-22,1351.21,5,Home
A002091,P01087,85,0.424,General Surgery,2024-11-30,2,2024-12-02,3037.1,6,Home Health Care
A004788,P01087,85,0.424,Emergency,2025-09-16,12,2025-09-28,10492.16,9,Home
A000180,P01088,57,0.254,Cardiology,2024-12-30,1,2024-12-31,2101.48,6,Home
A001747,P01088,57,0.254,Emergency,2025-03-18,1,2025-03-19,909.83,5,Home Health Care
A001993,P01088,57,0.254,Neurology,2025-04-09,17,2025-04-26,26304.74,3,Home
A004786,P01088,57,0.254,Orthopedics,2025-05-27,2,2025-05-29,2249.04,16,Skilled Nursing Facility
A004872,P01088,57,0.254,ICU,2025-08-04,9,2025-08-13,19727.41,7,Home
A005055,P01088,57,0.254,Emergency,2025-12-20,6,2025-12-26,5110.7,5,Home
A000586,P01089,52,0.307,General Surgery,2024-12-28,6,2025-01-03,11120.23,8,Home
A001502,P01089,52,0.307,Emergency,2025-05-08,2,2025-05-10,1532.5,8,Home
A003163,P01089,52,0.307,ICU,2025-07-03,2,2025-07-05,5659.55,4,Home Health Care
A005623,P01089,52,0.307,ICU,2026-06-04,3,2026-06-07,9019.55,6,Home
A001277,P01090,58,0.452,General Surgery,2024-10-21,6,2024-10-27,9226.75,9,Home
A002121,P01090,58,0.452,Cardiology,2024-11-16,1,2024-11-17,2055.35,4,Home
A003550,P01090,58,0.452,ICU,2025-03-13,1,2025-03-14,2251.36,3,Home
A004246,P01090,58,0.452,Emergency,2025-05-27,24,2025-06-20,19412.42,1,Home Health Care
A004763,P01090,58,0.452,Emergency,2025-06-25,1,2025-06-26,1077.53,14,Home
A005819,P01090,58,0.452,Cardiology,2025-08-06,8,2025-08-14,17630.81,0,Home
A007372,P01090,58,0.452,Emergency,2025-10-06,8,2025-10-14,8786.38,7,Home Health Care
A008653,P01090,58,0.452,General Surgery,2026-01-18,3,2026-01-21,5022.92,6,Home
A008982,P01090,58,0.452,Neurology,2026-01-30,1,2026-01-31,1451.67,3,Home
A009068,P01090,58,0.452,Neurology,2026-04-06,1,2026-04-07,1355.13,0,Home
A009238,P01090,58,0.452,General Surgery,2026-04-15,7,2026-04-22,9075.53,5,Home
A009293,P01090,58,0.452,General Surgery,2026-05-15,4,2026-05-19,6637.14,8,Home Health Care
A009352,P01090,58,0.452,Emergency,2026-07-07,14,2026-07-21,15442.6,4,Skilled Nursing Facility
A009513,P01090,58,0.452,Emergency,2026-08-06,8,2026-08-14,8223.24,6,Skilled Nursing Facility
A009635,P01090,58,0.452,General Surgery,2026-09-15,1,2026-09-16,1666.23,4,Home
A000242,P01091,23,0.099,General Surgery,2024-11-22,1,2024-11-23,1364.71,4,Home
A000838,P01091,23,0.099,Emergency,2025-01-08,2,2025-01-10,1672.46,5,Home
A001362,P01091,23,0.099,Emergency,2025-04-23,3,2025-04-26,2963.46,6,Home
A000104,P01092,86,0.169,ICU,2025-01-22,6,2025-01-28,15523.97,5,Home Health Care
A000748,P01092,86,0.169,Cardiology,2025-02-22,10,2025-03-04,18377.96,5,Home Health Care
A002592,P01092,86,0.169,Emergency,2025-10-16,2,2025-10-18,1535.13,3,Home
A003585,P01092,86,0.169,General Surgery,2026-07-25,4,2026-07-29,6155.08,3,Home
A005696,P01093,44,0.377,Neurology,2024-09-30,4,2024-10-04,4855.98,13,Home
A006005,P01093,44,0.377,Neurology,2024-10-07,6,2024-10-13,8369.41,4,Home Health Care
A006675,P01093,44,0.377,ICU,2024-10-14,6,2024-10-20,17559.82,5,Home
A007330,P01093,44,0.377,Neurology,2024-11-30,1,2024-12-01,1647.19,5,Home
A007373,P01093,44,0.377,Emergency,2025-05-22,5,2025-05-27,4371.51,2,Home Health Care
A007407,P01093,44,0.377,Emergency,2025-05-29,1,2025-05-30,1035.19,5,Skilled Nursing Facility
A007793,P01093,44,0.377,ICU,2025-06-18,12,2025-06-30,35218.79,9,Home Health Care
A009205,P01093,44,0.377,Emergency,2025-11-30,1,2025-12-01,919.34,4,Skilled Nursing Facility
A009209,P01093,44,0.377,Cardiology,2025-12-04,2,2025-12-06,4232.3,9,Home
A001515,P01094,59,0.484,Emergency,2025-02-14,14,2025-02-28,14200.52,4,Home
A004166,P01094,59,0.484,General Surgery,2025-07-04,1,2025-07-05,1404.12,6,Home
A004456,P01094,59,0.484,Emergency,2025-08-13,4,2025-08-17,4016.17,5,Skilled Nursing Facility
A006970,P01094,59,0.484,General Surgery,2025-10-01,1,2025-10-02,1306.89,5,Skilled Nursing Facility
A007076,P01094,59,0.484,Emergency,2025-12-16,3,2025-12-19,2872.17,6,Home Health Care
A008355,P01094,59,0.484,Cardiology,2025-12-31,2,2026-01-02,3586.47,6,Home
A001770,P01095,26,0.218,Cardiology,2024-12-16,1,2024-12-17,1665.05,7,Home
A002632,P01095,26,0.218,Emergency,2025-10-05,8,2025-10-13,8859.15,6,Skilled Nursing Facility
A003944,P01095,26,0.218,Orthopedics,2025-12-23,4,2025-12-27,5951.58,5,Home Health Care
A007341,P01095,26,0.218,Emergency,2026-05-06,3,2026-05-09,3149.14,6,Home
A003475,P01096,99,0.161,Emergency,2024-11-19,5,2024-11-24,5295.57,7,Home
A005915,P01096,99,0.161,Emergency,2025-03-04,2,2025-03-06,1945.12,3,Home
A006470,P01096,99,0.161,ICU,2026-08-06,2,2026-08-08,4889.91,4,Home Health Care
A001516,P01097,69,0.371,Orthopedics,2024-10-10,1,2024-10-11,1306.43,3,Against Medical Advice
A002110,P01097,69,0.371,General Surgery,2024-10-18,2,2024-10-20,2681.42,7,Home
A003360,P01097,69,0.371,Emergency,2025-07-05,3,2025-07-08,2547.83,4,Home
A006903,P01097,69,0.371,Emergency,2025-12-26,7,2026-01-02,6185.08,6,Home
A009280,P01097,69,0.371,Emergency,2026-06-19,11,2026-06-30,11387.13,9,Home
A000452,P01098,88,0.14,General Surgery,2025-01-20,2,2025-01-22,2759.23,8,Against Medical Advice
A000857,P01098,88,0.14,General Surgery,2025-01-26,1,2025-01-27,1699.11,7,Skilled Nursing Facility
A003084,P01098,88,0.14,Emergency,2025-02-26,2,2025-02-28,2155.88,2,Home
A004671,P01098,88,0.14,ICU,2025-03-07,2,2025-03-09,5059.64,3,Home
A005653,P01098,88,0.14,Emergency,2025-07-15,2,2025-07-17,1612.75,6,Home Health Care
A006714,P01098,88,0.14,Emergency,2025-10-29,11,2025-11-09,8997.21,6,Skilled Nursing Facility
A007003,P01098,88,0.14,Neurology,2025-11-11,1,2025-11-12,1485.45,8,Home
A007395,P01098,88,0.14,ICU,2026-01-06,3,2026-01-09,8486.47,4,Skilled Nursing Facility
A007633,P01098,88,0.14,ICU,2026-02-26,4,2026-03-02,11266.16,3,Skilled Nursing Facility
A008577,P01098,88,0.14,General Surgery,2026-06-18,4,2026-06-22,5902.57,2,Skilled Nursing Facility
A001511,P01099,72,0.239,Cardiology,2024-12-10,6,2024-12-16,10889.66,3,Home Health Care
A003129,P01099,72,0.239,Neurology,2025-10-28,3,2025-10-31,4957.35,2,Home
A004144,P01099,72,0.239,Emergency,2026-02-24,7,2026-03-03,7578.16,4,Home
A006647,P01099,72,0.239,Emergency,2026-05-09,7,2026-05-16,6729.12,5,Home
A001843,P01100,59,0.262,Neurology,2025-01-06,1,2025-01-07,1535.53,2,Home
A003095,P01100,59,0.262,Emergency,2025-02-06,4,2025-02-10,3927.43,4,Skilled Nursing Facility
A003733,P01100,59,0.262,Neurology,2025-03-01,1,2025-03-02,1360.43,3,Home
A005240,P01100,59,0.262,ICU,2025-04-14,9,2025-04-23,23903.49,2,Skilled Nursing Facility
A005252,P01100,59,0.262,General Surgery,2025-05-05,8,2025-05-13,12564.98,7,Home Health Care
A006162,P01100,59,0.262,ICU,2025-05-21,1,2025-05-22,2275.66,9,Skilled Nursing Facility
A006248,P01100,59,0.262,ICU,2025-06-25,4,2025-06-29,11512.83,1,Home
A007229,P01100,59,0.262,Emergency,2025-08-02,2,2025-08-04,1741.81,3,Home Health Care
A007815,P01100,59,0.262,Cardiology,2025-08-12,8,2025-08-20,13374.54,4,Home Health Care
A007863,P01100,59,0.262,Cardiology,2025-10-19,1,2025-10-20,1859.49,5,Against Medical Advice
A009027,P01100,59,0.262,Emergency,2026-01-15,1,2026-01-16,978.88,2,Home
A000653,P01101,58,0.52,Emergency,2024-10-23,1,2024-10-24,1024.73,4,Skilled Nursing Facility
A002150,P01101,58,0.52,General Surgery,2025-05-25,9,2025-06-03,12443.54,4,Home
A002647,P01101,58,0.52,Emergency,2025-07-13,5,2025-07-18,4994.68,8,Home
A004020,P01101,58,0.52,Cardiology,2026-01-25,2,2026-01-27,4307.29,5,Home
A005192,P01101,58,0.52,General Surgery,2026-04-11,10,2026-04-21,14214.68,8,Home
A005468,P01101,58,0.52,Neurology,2026-04-23,5,2026-04-28,6994.31,5,Skilled Nursing Facility
A005568,P01101,58,0.52,Neurology,2026-06-08,2,2026-06-10,2808.44,4,Home
A005760,P01101,58,0.52,Neurology,2026-07-02,18,2026-07-20,25037.16,6,Skilled Nursing Facility
A006708,P01101,58,0.52,ICU,2026-08-22,12,2026-09-03,32271.38,6,Home Health Care
A000553,P01102,59,0.633,General Surgery,2024-10-29,1,2024-10-30,1446.93,12,Home Health Care
A001012,P01102,59,0.633,Neurology,2025-09-26,4,2025-09-30,6938.1,3,Home
A001390,P01102,59,0.633,Emergency,2025-10-16,32,2025-11-17,34502.66,7,Home
A003029,P01102,59,0.633,Neurology,2026-04-19,8,2026-04-27,12881.88,6,Home
A004540,P01102,59,0.633,Cardiology,2026-05-24,3,2026-05-27,6605.44,3,Home
A004644,P01102,59,0.633,Emergency,2026-06-10,3,2026-06-13,2933.5,13,Against Medical Advice
A005664,P01102,59,0.633,Emergency,2026-06-29,3,2026-07-02,2324.02,6,Home
A007055,P01102,59,0.633,Cardiology,2026-09-04,1,2026-09-05,2137.68,5,Home Health Care
A001943,P01103,69,0.151,Neurology,2024-10-05,2,2024-10-07,3321.86,3,Home
A005216,P01103,69,0.151,Emergency,2025-01-26,1,2025-01-27,1071.32,4,Skilled Nursing Facility
A006331,P01103,69,0.151,Neurology,2025-07-01,3,2025-07-04,5201.91,4,Home
A006494,P01103,69,0.151,ICU,2025-07-15,5,2025-07-20,10857.88,4,Home
A006586,P01103,69,0.151,Cardiology,2026-01-05,4,2026-01-09,8965.43,5,Home
A006888,P01103,69,0.151,Neurology,2026-03-15,3,2026-03-18,4721.09,5,Home
A007081,P01103,69,0.151,Neurology,2026-07-20,2,2026-07-22,3139.1,5,Home Health Care
A000177,P01104,47,0.315,General Surgery,2024-10-03,17,2024-10-20,30531.9,6,Home
A003370,P01104,47,0.315,Emergency,2025-01-24,3,2025-01-27,2913.14,7,Home Health Care
A003611,P01104,47,0.315,Emergency,2025-07-20,3,2025-07-23,2924.98,4,Home
A004440,P01104,47,0.315,Emergency,2025-11-23,1,2025-11-24,814.31,9,Home
A000421,P01105,52,0.103,General Surgery,2024-12-10,6,2024-12-16,9207.51,4,Home Health Care
A000925,P01105,52,0.103,Neurology,2025-08-08,2,2025-08-10,3144.09,2,Home
A001682,P01105,52,0.103,General Surgery,2026-08-07,8,2026-08-15,11182.41,6,Against Medical Advice
A000901,P01106,45,0.341,Neurology,2025-01-28,5,2025-02-02,8020.35,6,Home Health Care
A000904,P01106,45,0.341,Emergency,2025-04-15,4,2025-04-19,3892.52,5,Skilled Nursing Facility
A003681,P01106,45,0.341,Orthopedics,2025-06-05,4,2025-06-09,4915.2,2,Home
A003738,P01106,45,0.341,Neurology,2025-07-22,4,2025-07-26,5923.29,5,Home
A004150,P01106,45,0.341,ICU,2025-08-19,10,2025-08-29,29187.12,5,Skilled Nursing Facility
A004284,P01106,45,0.341,ICU,2025-09-03,7,2025-09-10,15869.21,4,Home Health Care
A004305,P01106,45,0.341,Neurology,2025-10-19,3,2025-10-22,4892.39,9,Home
A004858,P01106,45,0.341,General Surgery,2026-03-31,4,2026-04-04,5947.03,4,Home
A005890,P01106,45,0.341,Emergency,2026-08-24,2,2026-08-26,1978.95,6,Home Health Care
A006425,P01106,45,0.341,ICU,2026-09-13,1,2026-09-14,2561.95,2,Home
A000436,P01107,68,0.321,Cardiology,2024-10-23,1,2024-10-24,1676.93,5,Against Medical Advice
A001383,P01107,68,0.321,Emergency,2024-11-10,9,2024-11-19,9536.09,6,Home
A005500,P01107,68,0.321,Neurology,2024-11-22,1,2024-11-23,1285.35,8,Home Health Care
A005767,P01107,68,0.321,Neurology,2025-04-04,4,2025-04-08,5763.35,8,Home
A006329,P01107,68,0.321,ICU,2025-08-13,1,2025-08-14,2336.64,5,Home
A006720,P01107,68,0.321,Emergency,2025-09-13,1,2025-09-14,787.4,4,Skilled Nursing Facility
A008078,P01107,68,0.321,Cardiology,2025-12-20,4,2025-12-24,7182.81,5,Home
A009175,P01107,68,0.321,Orthopedics,2026-03-15,9,2026-03-24,13676.32,6,Home
A009212,P01107,68,0.321,Cardiology,2026-05-06,1,2026-05-07,1668.68,2,Home
A009317,P01107,68,0.321,General Surgery,2026-07-29,5,2026-08-03,7514.29,5,Home Health Care
A009340,P01107,68,0.321,Emergency,2026-08-04,3,2026-08-07,2848.09,5,Home
A004530,P01108,73,0.301,Emergency,2024-10-18,7,2024-10-25,5385.81,2,Home
A006596,P01108,73,0.301,Orthopedics,2024-12-09,7,2024-12-16,8957.07,5,Home Health Care
A006742,P01108,73,0.301,Cardiology,2024-12-17,23,2025-01-09,42416.87,9,Home
A007077,P01108,73,0.301,Emergency,2025-01-22,4,2025-01-26,3278.87,5,Home Health Care
A007166,P01108,73,0.301,Emergency,2025-07-12,10,2025-07-22,8785.68,9,Home Health Care
A007605,P01108,73,0.301,ICU,2025-09-04,17,2025-09-21,45032.99,5,Home
A008375,P01108,73,0.301,ICU,2025-11-12,5,2025-11-17,13413.33,5,Home
A001608,P01109,68,0.257,Cardiology,2024-11-23,10,2024-12-03,22252.58,5,Home Health Care
A002144,P01109,68,0.257,Cardiology,2025-02-23,8,2025-03-03,17207.69,2,Home
A008750,P01109,68,0.257,Emergency,2025-10-27,2,2025-10-29,2035.78,4,Home
A008955,P01109,68,0.257,ICU,2026-07-18,10,2026-07-28,22148.9,4,Home
A001838,P01110,46,0.138,Cardiology,2025-02-08,9,2025-02-17,17770.97,4,Home
A002550,P01110,46,0.138,Emergency,2025-07-23,1,2025-07-24,818.08,4,Home
A002645,P01110,46,0.138,Emergency,2025-08-05,1,2025-08-06,1112.9,6,Home
A000636,P01111,72,0.047,Cardiology,2024-10-28,4,2024-11-01,8911.42,4,Home
A001238,P01111,72,0.047,Neurology,2025-01-19,2,2025-01-21,3164.44,1,Home
A003243,P01111,72,0.047,Cardiology,2025-09-19,6,2025-09-25,12866.49,4,Home Health Care
A004500,P01111,72,0.047,Neurology,2026-04-04,11,2026-04-15,14217.71,2,Home
A001120,P01112,42,0.472,Emergency,2025-01-01,8,2025-01-09,7844.47,6,Home
A003303,P01112,42,0.472,Neurology,2025-05-01,3,2025-05-04,3591.3,5,Home
A005232,P01112,42,0.472,Neurology,2025-05-12,11,2025-05-23,17221.16,2,Home
A005354,P01112,42,0.472,Emergency,2025-09-28,4,2025-10-02,3663.93,12,Home
A007452,P01112,42,0.472,Emergency,2025-12-03,4,2025-12-07,3908.13,6,Against Medical Advice
A008388,P01112,42,0.472,ICU,2025-12-11,15,2025-12-26,45487.86,6,Against Medical Advice
A008817,P01112,42,0.472,ICU,2026-01-12,16,2026-01-28,49218.28,9,Home
A009499,P01112,42,0.472,Emergency,2026-07-07,3,2026-07-10,3128.62,4,Home Health Care
A000195,P01113,36,0.241,Neurology,2025-01-18,3,2025-01-21,4537.21,5,Skilled Nursing Facility
A000291,P01113,36,0.241,Emergency,2025-09-08,9,2025-09-17,8249.66,5,Against Medical Advice
A000863,P01113,36,0.241,ICU,2025-09-24,4,2025-09-28,11525.18,3,Skilled Nursing Facility
A004339,P01113,36,0.241,Emergency,2025-10-09,7,2025-10-16,7404.58,2,Home
A007910,P01113,36,0.241,General Surgery,2025-11-21,1,2025-11-22,1787.85,2,Home
A008085,P01113,36,0.241,Emergency,2025-11-27,2,2025-11-29,1693.17,5,Home
A008254,P01113,36,0.241,Emergency,2026-07-21,7,2026-07-28,6655.63,4,Home
A001601,P01114,20,0.084,Neurology,2024-12-27,6,2025-01-02,7987.97,1,Home
A002498,P01114,20,0.084,General Surgery,2025-10-05,2,2025-10-07,3040.6,3,Home Health Care
A002580,P01114,20,0.084,Neurology,2026-08-20,4,2026-08-24,6553.86,6,Home
A000318,P01115,40,0.215,Neurology,2025-02-09,4,2025-02-13,6156.92,6,Home
A001828,P01115,40,0.215,General Surgery,2025-03-01,14,2025-03-15,22072.86,1,Home
A003581,P01115,40,0.215,Emergency,2025-04-26,3,2025-04-29,2936.51,2,Home
A004638,P01115,40,0.215,Emergency,2026-03-15,2,2026-03-17,1740.25,5,Home
A005389,P01115,40,0.215,Orthopedics,2026-08-18,3,2026-08-21,4437.41,7,Skilled Nursing Facility
A006288,P01115,40,0.215,Orthopedics,2026-08-30,4,2026-09-03,5957.46,5,Home
A008563,P01115,40,0.215,Neurology,2026-09-20,4,2026-09-24,5703.32,7,Home Health Care
A001566,P01116,40,0.022,Orthopedics,2025-01-09,1,2025-01-10,1342.59,6,Home
A003363,P01116,40,0.022,General Surgery,2026-01-03,2,2026-01-05,2625.53,0,Skilled Nursing Facility
A005729,P01116,40,0.022,ICU,2026-03-30,1,2026-03-31,2208.73,2,Skilled Nursing Facility
A006924,P01116,40,0.022,Orthopedics,2026-08-25,2,2026-08-27,2274.84,3,Skilled Nursing Facility
A002335,P01117,66,0.213,General Surgery,2024-11-02,1,2024-11-03,1580.92,7,Home
A003783,P01117,66,0.213,General Surgery,2024-11-04,3,2024-11-07,5487.61,7,Home
A007379,P01117,66,0.213,Emergency,2025-01-21,7,2025-01-28,6599.15,2,Home
A007428,P01117,66,0.213,Cardiology,2025-03-11,2,2025-03-13,3113.86,0,Skilled Nursing Facility
A007655,P01117,66,0.213,Orthopedics,2025-05-10,5,2025-05-15,7881.39,4,Against Medical Advice
A008365,P01117,66,0.213,Cardiology,2025-07-11,1,2025-07-12,2092.12,3,Home
A008624,P01117,66,0.213,ICU,2025-10-23,8,2025-10-31,17439.26,9,Home
A008819,P01117,66,0.213,General Surgery,2025-11-08,1,2025-11-09,1392.86,4,Skilled Nursing Facility
A009225,P01117,66,0.213,Emergency,2026-02-10,1,2026-02-11,872.89,2,Home
A009301,P01117,66,0.213,General Surgery,2026-04-09,10,2026-04-19,14694.39,6,Against Medical Advice
A009388,P01117,66,0.213,Emergency,2026-05-24,8,2026-06-01,7346.5,3,Home
A009567,P01117,66,0.213,General Surgery,2026-06-12,8,2026-06-20,14621.5,3,Home
A009610,P01117,66,0.213,Emergency,2026-08-07,2,2026-08-09,1856.54,3,Home
A000164,P01118,22,0.369,General Surgery,2025-01-08,3,2025-01-11,4383.26,6,Home Health Care
A000580,P01118,22,0.369,Emergency,2025-04-23,1,2025-04-24,973.88,8,Against Medical Advice
A000952,P01118,22,0.369,Emergency,2025-05-07,18,2025-05-25,18094.93,5,Home
A003974,P01118,22,0.369,Emergency,2025-06-21,2,2025-06-23,1600.34,4,Home
A004461,P01118,22,0.369,Neurology,2026-08-29,3,2026-09-01,3662.27,5,Against Medical Advice
A004612,P01118,22,0.369,ICU,2026-09-13,1,2026-09-14,2781.03,8,Home
A000968,P01119,53,0.372,Orthopedics,2024-10-19,1,2024-10-20,1193.09,1,Home
A001414,P01119,53,0.372,General Surgery,2024-12-02,10,2024-12-12,14523.95,6,Home
A001647,P01119,53,0.372,Orthopedics,2025-02-02,5,2025-02-07,5749.03,6,Home
A002285,P01119,53,0.372,General Surgery,2026-08-29,8,2026-09-06,14114.88,3,Home
A003877,P01120,51,0.205,Cardiology,2025-01-27,6,2025-02-02,11332.05,4,Skilled Nursing Facility
A004597,P01120,51,0.205,Emergency,2025-03-05,2,2025-03-07,1729.9,6,Home
A006137,P01120,51,0.205,Emergency,2025-11-17,2,2025-11-19,1823.72,10,Home Health Care
A007015,P01120,51,0.205,Orthopedics,2026-04-09,2,2026-04-11,2270.86,6,Home
A007734,P01120,51,0.205,Emergency,2026-06-08,2,2026-06-10,2010.19,3,Home
A003479,P01121,76,0.485,General Surgery,2025-01-06,7,2025-01-13,11976.91,6,Home
A003700,P01121,76,0.485,General Surgery,2025-02-11,1,2025-02-12,1554.79,9,Home Health Care
A005613,P01121,76,0.485,Cardiology,2025-03-15,7,2025-03-22,11909.16,12,Home
A007507,P01121,76,0.485,ICU,2025-05-07,12,2025-05-19,31335.91,3,Skilled Nursing Facility
A007747,P01121,76,0.485,Emergency,2025-06-17,16,2025-07-03,15527.38,11,Home
A008145,P01121,76,0.485,General Surgery,2025-11-18,2,2025-11-20,2716.37,6,Skilled Nursing Facility
A008251,P01121,76,0.485,General Surgery,2025-11-21,4,2025-11-25,6181.96,4,Home
A008736,P01121,76,0.485,Orthopedics,2026-07-29,12,2026-08-10,13501.15,3,Home
A009148,P01121,76,0.485,ICU,2026-08-21,9,2026-08-30,24373.53,9,Home
A000920,P01122,48,0.367,General Surgery,2024-12-04,2,2024-12-06,2872.26,5,Home Health Care
A002593,P01122,48,0.367,Neurology,2025-03-30,2,2025-04-01,2820.19,4,Home
A006604,P01122,48,0.367,ICU,2026-01-05,3,2026-01-08,8930.4,3,Home
A000625,P01123,44,0.356,General Surgery,2024-10-02,1,2024-10-03,1364.0,5,Skilled Nursing Facility
A001216,P01123,44,0.356,Cardiology,2024-10-31,10,2024-11-10,15660.77,7,Home Health Care
A001807,P01123,44,0.356,General Surgery,2024-12-03,10,2024-12-13,17385.31,7,Skilled Nursing Facility
A002520,P01123,44,0.356,Orthopedics,2025-04-12,6,2025-04-18,7245.25,3,Home
A004217,P01123,44,0.356,Neurology,2025-08-02,9,2025-08-11,14006.77,5,Skilled Nursing Facility
A004769,P01123,44,0.356,General Surgery,2025-08-15,6,2025-08-21,10858.91,4,Against Medical Advice
A005193,P01123,44,0.356,General Surgery,2025-09-11,1,2025-09-12,1392.98,5,Home Health Care
A002403,P01124,48,0.582,Emergency,2024-12-27,7,2025-01-03,6512.42,12,Skilled Nursing Facility
A002796,P01124,48,0.582,Neurology,2025-03-26,9,2025-04-04,15691.06,6,Home
A003049,P01124,48,0.582,Neurology,2025-10-28,2,2025-10-30,2393.62,8,Home
A007033,P01124,48,0.582,Cardiology,2026-02-04,1,2026-02-05,1979.48,4,Home
A007302,P01124,48,0.582,Orthopedics,2026-06-12,3,2026-06-15,4072.02,7,Home
A007510,P01124,48,0.582,Neurology,2026-06-17,9,2026-06-26,12153.11,5,Home
A007995,P01124,48,0.582,Emergency,2026-08-28,2,2026-08-30,1980.6,18,Home
A008243,P01124,48,0.582,Emergency,2026-09-09,4,2026-09-13,4140.52,5,Home
A003239,P01125,50,0.017,Emergency,2024-11-18,5,2024-11-23,5096.54,5,Home
A005248,P01125,50,0.017,ICU,2025-07-13,2,2025-07-15,5424.84,3,Home Health Care
A005331,P01125,50,0.017,ICU,2025-12-21,7,2025-12-28,16979.54,6,Home
A005875,P01125,50,0.017,Cardiology,2026-04-16,6,2026-04-22,10970.38,6,Home Health Care
A006505,P01125,50,0.017,ICU,2026-08-03,2,2026-08-05,4628.49,4,Home
A007113,P01125,50,0.017,Emergency,2026-08-24,1,2026-08-25,1072.93,4,Home
A000084,P01126,65,0.199,Neurology,2025-01-15,3,2025-01-18,5173.47,6,Skilled Nursing Facility
A000135,P01126,65,0.199,General Surgery,2025-03-06,1,2025-03-07,1419.08,2,Against Medical Advice
A001478,P01126,65,0.199,Orthopedics,2025-03-09,3,2025-03-12,3776.16,4,Home
A002604,P01126,65,0.199,Cardiology,2025-07-02,5,2025-07-07,9366.01,4,Home Health Care
A003529,P01126,65,0.199,Neurology,2026-07-17,21,2026-08-07,28651.98,5,Home Health Care
A001133,P01127,65,0.257,General Surgery,2025-01-15,1,2025-01-16,1721.02,10,Home
A001346,P01127,65,0.257,General Surgery,2025-05-20,3,2025-05-23,4894.17,4,Home Health Care
A003866,P01127,65,0.257,Emergency,2025-07-21,23,2025-08-13,25638.12,5,Home
A007323,P01127,65,0.257,Neurology,2025-08-19,1,2025-08-20,1240.23,12,Home
A007377,P01127,65,0.257,Emergency,2026-06-23,3,2026-06-26,2567.29,4,Home
A000183,P01128,79,0.142,Emergency,2024-11-23,6,2024-11-29,6432.45,7,Home
A005721,P01128,79,0.142,General Surgery,2026-03-15,1,2026-03-16,1829.33,4,Home
A006344,P01128,79,0.142,ICU,2026-08-27,9,2026-09-05,23331.99,2,Skilled Nursing Facility
A000090,P01129,57,0.555,ICU,2024-12-25,2,2024-12-27,5047.0,3,Skilled Nursing Facility
A000096,P01129,57,0.555,Orthopedics,2025-02-17,2,2025-02-19,2378.37,7,Home
A000423,P01129,57,0.555,Neurology,2025-05-20,6,2025-05-26,7775.1,4,Home
A000932,P01129,57,0.555,Neurology,2025-08-29,2,2025-08-31,3213.15,8,Home
A001263,P01129,57,0.555,Neurology,2025-09-12,23,2025-10-05,37969.6,6,Home Health Care
A001692,P01129,57,0.555,Emergency,2026-06-28,4,2026-07-02,3648.55,8,Home
A002578,P01129,57,0.555,Cardiology,2026-08-11,14,2026-08-25,22954.51,9,Skilled Nursing Facility
A000638,P01130,29,0.252,Emergency,2024-10-19,1,2024-10-20,1123.51,4,Home
A001160,P01130,29,0.252,Neurology,2025-04-19,5,2025-04-24,6523.14,2,Home
A007722,P01130,29,0.252,Orthopedics,2026-05-11,9,2026-05-20,13354.8,5,Home Health Care
A003608,P01131,50,0.442,Neurology,2024-12-27,1,2024-12-28,1339.74,6,Home
A007179,P01131,50,0.442,Neurology,2025-02-09,2,2025-02-11,2923.69,6,Home
A008368,P01131,50,0.442,ICU,2025-03-29,1,2025-03-30,2721.03,6,Home Health Care
A008893,P01131,50,0.442,ICU,2025-10-04,8,2025-10-12,19863.01,5,Home
A008967,P01131,50,0.442,ICU,2026-06-16,2,2026-06-18,6098.93,5,Home Health Care
A009084,P01131,50,0.442,Neurology,2026-09-18,8,2026-09-26,13438.72,6,Home
A000299,P01132,31,0.175,General Surgery,2025-02-10,1,2025-02-11,1789.55,1,Home
A001808,P01133,22,0.142,ICU,2024-12-24,4,2024-12-28,8505.79,2,Home Health Care
A004757,P01133,22,0.142,Neurology,2024-12-29,1,2024-12-30,1247.94,3,Home
A005965,P01133,22,0.142,Cardiology,2025-12-01,2,2025-12-03,3974.31,6,Against Medical Advice
A006422,P01133,22,0.142,ICU,2026-04-07,7,2026-04-14,15068.24,1,Against Medical Advice
A006462,P01133,22,0.142,Neurology,2026-06-02,2,2026-06-04,2724.21,8,Home
A003323,P01134,65,0.142,Emergency,2024-10-09,2,2024-10-11,1565.34,0,Skilled Nursing Facility
A008369,P01134,65,0.142,Emergency,2025-04-15,13,2025-04-28,10674.47,4,Skilled Nursing Facility
A008611,P01134,65,0.142,Orthopedics,2025-08-07,3,2025-08-10,4719.05,7,Home
A001188,P01135,47,0.546,Cardiology,2025-01-03,8,2025-01-11,16015.48,5,Home
A003828,P01135,47,0.546,Cardiology,2025-03-18,2,2025-03-20,4250.6,3,Home Health Care
A003832,P01135,47,0.546,Emergency,2025-05-14,1,2025-05-15,906.94,10,Home Health Care
A004383,P01135,47,0.546,Cardiology,2025-06-22,12,2025-07-04,24969.24,1,Home
A005842,P01135,47,0.546,ICU,2025-09-17,4,2025-09-21,9889.39,6,Skilled Nursing Facility
A006157,P01135,47,0.546,Emergency,2025-10-01,13,2025-10-14,14313.95,13,Home Health Care
A006857,P01135,47,0.546,Orthopedics,2025-11-27,3,2025-11-30,3399.99,4,Home
A007149,P01135,47,0.546,General Surgery,2025-12-31,2,2026-01-02,2797.13,3,Home
A000665,P01136,71,0.527,General Surgery,2024-12-03,2,2024-12-05,2594.05,5,Home
A002395,P01136,71,0.527,General Surgery,2025-04-25,14,2025-05-09,25284.93,8,Home
A008046,P01136,71,0.527,Neurology,2025-05-19,9,2025-05-28,12035.57,9,Home
A008884,P01136,71,0.527,Emergency,2025-06-23,5,2025-06-28,3926.23,7,Home Health Care
A009404,P01136,71,0.527,Emergency,2026-03-15,8,2026-03-23,7735.89,7,Home
A009478,P01136,71,0.527,Orthopedics,2026-08-03,2,2026-08-05,2778.18,9,Home
A001901,P01137,78,0.222,Emergency,2024-11-11,1,2024-11-12,1058.52,5,Home
A002514,P01137,78,0.222,Cardiology,2025-02-19,1,2025-02-20,1652.18,8,Home
A004695,P01137,78,0.222,Neurology,2025-10-05,1,2025-10-06,1218.67,3,Home
A005607,P01137,78,0.222,Cardiology,2025-10-27,1,2025-10-28,2195.3,3,Skilled Nursing Facility
A006347,P01137,78,0.222,ICU,2025-12-13,5,2025-12-18,12496.12,6,Skilled Nursing Facility
A007546,P01137,78,0.222,Emergency,2026-01-06,4,2026-01-10,3635.76,5,Skilled Nursing Facility
A007548,P01137,78,0.222,General Surgery,2026-02-27,1,2026-02-28,1815.62,7,Home Health Care
A008508,P01137,78,0.222,Cardiology,2026-03-04,11,2026-03-15,17974.54,5,Skilled Nursing Facility
A008710,P01137,78,0.222,General Surgery,2026-03-27,6,2026-04-02,8583.18,3,Against Medical Advice
A008865,P01137,78,0.222,ICU,2026-04-25,1,2026-04-26,2386.89,3,Skilled Nursing Facility
A008923,P01137,78,0.222,Emergency,2026-07-13,7,2026-07-20,6678.24,4,Skilled Nursing Facility
A009364,P01137,78,0.222,Orthopedics,2026-09-18,3,2026-09-21,3380.04,3,Skilled Nursing Facility
A003375,P01138,35,0.5,Orthopedics,2024-10-25,29,2024-11-23,33456.3,6,Home
A003711,P01138,35,0.5,Emergency,2025-01-05,1,2025-01-06,978.87,6,Home Health Care
A006177,P01138,35,0.5,Orthopedics,2025-01-29,10,2025-02-08,12712.49,3,Against Medical Advice
A006594,P01138,35,0.5,Emergency,2025-02-09,2,2025-02-11,1582.51,8,Home
A007767,P01138,35,0.5,Cardiology,2025-08-13,3,2025-08-16,6247.38,4,Home
A007833,P01138,35,0.5,General Surgery,2026-02-17,2,2026-02-19,3638.76,5,Home
A007898,P01138,35,0.5,Orthopedics,2026-05-16,2,2026-05-18,2708.9,7,Home
A008132,P01138,35,0.5,Emergency,2026-05-29,15,2026-06-13,14783.14,3,Home Health Care
A008421,P01138,35,0.5,Emergency,2026-06-21,2,2026-06-23,1790.87,6,Home Health Care
A008668,P01138,35,0.5,ICU,2026-08-01,5,2026-08-06,14887.96,4,Home
A009059,P01138,35,0.5,Neurology,2026-08-21,9,2026-08-30,14787.89,3,Home
A000923,P01139,72,0.522,Emergency,2025-01-18,8,2025-01-26,7822.08,8,Home
A003870,P01139,72,0.522,Cardiology,2025-08-14,7,2025-08-21,13302.59,7,Home Health Care
A008166,P01139,72,0.522,Neurology,2026-06-06,1,2026-06-07,1427.68,8,Skilled Nursing Facility
A008426,P01139,72,0.522,General Surgery,2026-07-17,8,2026-07-25,10797.65,4,Home
A008754,P01139,72,0.522,Emergency,2026-08-21,4,2026-08-25,4414.48,12,Home
A001697,P01140,74,0.1,ICU,2024-10-17,7,2024-10-24,17128.96,4,Home
A004357,P01140,74,0.1,Emergency,2025-03-16,6,2025-03-22,4770.81,5,Home
A005588,P01140,74,0.1,General Surgery,2025-03-29,3,2025-04-01,4144.79,8,Home
A006701,P01140,74,0.1,Cardiology,2025-10-27,1,2025-10-28,1819.44,1,Home Health Care
A006850,P01140,74,0.1,Neurology,2025-11-08,1,2025-11-09,1375.75,0,Home Health Care
A006916,P01140,74,0.1,ICU,2026-07-30,1,2026-07-31,2337.17,2,Home Health Care
A001056,P01141,94,0.372,Emergency,2024-11-17,1,2024-11-18,973.87,2,Home
A001180,P01141,94,0.372,Cardiology,2025-03-24,2,2025-03-26,4306.13,7,Home
A004789,P01141,94,0.372,Cardiology,2025-09-19,7,2025-09-26,14603.74,6,Against Medical Advice
A005702,P01141,94,0.372,General Surgery,2025-10-09,13,2025-10-22,23478.03,5,Skilled Nursing Facility
A005719,P01141,94,0.372,General Surgery,2025-12-01,3,2025-12-04,3996.13,3,Skilled Nursing Facility
A006221,P01141,94,0.372,Neurology,2026-01-05,1,2026-01-06,1282.69,1,Skilled Nursing Facility
A006737,P01141,94,0.372,Cardiology,2026-02-18,3,2026-02-21,5758.02,5,Home Health Care
A007285,P01142,52,0.282,ICU,2024-09-29,4,2024-10-03,11974.89,2,Home
A008038,P01142,52,0.282,ICU,2024-11-10,2,2024-11-12,5286.32,4,Home
A009066,P01142,52,0.282,Emergency,2026-04-21,1,2026-04-22,1105.28,6,Home
A009528,P01142,52,0.282,Neurology,2026-06-23,5,2026-06-28,8383.98,6,Home
A009590,P01142,52,0.282,Neurology,2026-08-02,12,2026-08-14,15414.43,5,Home
A000265,P01143,30,0.235,Neurology,2024-10-06,5,2024-10-11,7651.35,3,Home
A000562,P01143,30,0.235,Emergency,2024-11-25,1,2024-11-26,932.27,1,Home
A001083,P01143,30,0.235,Neurology,2024-12-05,7,2024-12-12,9267.02,3,Home
A002308,P01143,30,0.235,Orthopedics,2024-12-28,3,2024-12-31,4357.81,4,Home Health Care
A003260,P01143,30,0.235,Neurology,2025-07-06,2,2025-07-08,2437.57,7,Home
A005136,P01143,30,0.235,Orthopedics,2025-11-28,3,2025-12-01,4534.18,0,Home
A008257,P01143,30,0.235,ICU,2026-09-20,12,2026-10-02,32534.24,2,Home
A003228,P01144,80,0.285,Neurology,2024-12-18,2,2024-12-20,2772.38,7,Against Medical Advice
A003421,P01144,80,0.285,Neurology,2025-03-09,7,2025-03-16,10125.42,5,Home
A005173,P01144,80,0.285,ICU,2025-08-08,3,2025-08-11,7722.8,8,Home
A006561,P01144,80,0.285,ICU,2025-08-20,5,2025-08-25,11197.31,8,Home Health Care
A006643,P01144,80,0.285,Emergency,2025-12-11,9,2025-12-20,9738.06,3,Home
A006654,P01144,80,0.285,Orthopedics,2026-03-19,7,2026-03-26,9134.94,5,Home
A007420,P01144,80,0.285,Cardiology,2026-04-28,14,2026-05-12,28926.99,5,Home
A007663,P01144,80,0.285,General Surgery,2026-05-19,2,2026-05-21,2792.18,7,Home
A005124,P01145,54,0.493,Cardiology,2024-11-25,1,2024-11-26,1759.78,8,Skilled Nursing Facility
A006406,P01145,54,0.493,Emergency,2024-12-28,1,2024-12-29,899.08,5,Home
A007626,P01145,54,0.493,Orthopedics,2025-07-13,3,2025-07-16,4028.19,6,Home
A008215,P01145,54,0.493,ICU,2026-05-20,7,2026-05-27,15309.78,4,Home
A008871,P01145,54,0.493,Orthopedics,2026-06-08,5,2026-06-13,7264.28,2,Home
A001466,P01146,67,0.353,General Surgery,2024-10-26,2,2024-10-28,3024.92,5,Skilled Nursing Facility
A001994,P01146,67,0.353,ICU,2024-11-15,13,2024-11-28,28983.82,4,Home
A005790,P01146,67,0.353,Cardiology,2025-03-30,13,2025-04-12,24477.05,6,Skilled Nursing Facility
A006455,P01146,67,0.353,General Surgery,2025-12-09,3,2025-12-12,5534.09,7,Home
A007088,P01146,67,0.353,Emergency,2026-05-19,9,2026-05-28,7916.4,5,Home
A001093,P01147,61,0.121,Emergency,2025-02-15,7,2025-02-22,6226.64,11,Home
A001719,P01147,61,0.121,Neurology,2025-03-08,1,2025-03-09,1222.5,6,Skilled Nursing Facility
A002769,P01147,61,0.121,ICU,2025-04-13,12,2025-04-25,33264.65,3,Skilled Nursing Facility
A003592,P01147,61,0.121,Emergency,2025-05-08,2,2025-05-10,1784.41,6,Skilled Nursing Facility
A007083,P01147,61,0.121,General Surgery,2025-05-27,7,2025-06-03,9190.15,1,Home
A007830,P01147,61,0.121,General Surgery,2025-07-25,1,2025-07-26,1656.53,1,Home
A008033,P01147,61,0.121,ICU,2026-06-01,2,2026-06-03,5765.02,4,Home
A008615,P01147,61,0.121,Neurology,2026-07-29,5,2026-08-03,7992.93,4,Home Health Care
A008774,P01147,61,0.121,ICU,2026-09-20,2,2026-09-22,5933.96,5,Home
A001816,P01148,57,0.091,Emergency,2024-11-15,8,2024-11-23,8335.09,4,Home
A002917,P01148,57,0.091,Neurology,2024-12-13,2,2024-12-15,3330.14,4,Home
A004163,P01148,57,0.091,Emergency,2025-01-07,7,2025-01-14,5569.78,4,Home Health Care
A005836,P01148,57,0.091,Neurology,2025-03-04,2,2025-03-06,2903.17,5,Home
A006012,P01148,57,0.091,Emergency,2025-05-29,2,2025-05-31,1557.54,3,Home
A006027,P01148,57,0.091,Emergency,2025-06-21,5,2025-06-26,5577.06,2,Home
A006226,P01148,57,0.091,Emergency,2025-09-20,6,2025-09-26,6429.58,0,Home
A007564,P01148,57,0.091,Emergency,2026-01-11,2,2026-01-13,1756.87,3,Home
A000808,P01149,80,0.311,Emergency,2024-10-11,2,2024-10-13,1697.6,3,Home Health Care
A001173,P01149,80,0.311,Emergency,2025-08-04,3,2025-08-07,2971.47,3,Home Health Care
A003840,P01149,80,0.311,Cardiology,2026-04-28,6,2026-05-04,13392.91,4,Home
A004490,P01149,80,0.311,Orthopedics,2026-05-22,1,2026-05-23,1234.29,1,Skilled Nursing Facility
A000133,P01150,49,0.483,Cardiology,2025-02-12,4,2025-02-16,8477.97,7,Home
A001207,P01150,49,0.483,General Surgery,2025-03-11,5,2025-03-16,6863.81,5,Home
A006129,P01150,49,0.483,Neurology,2025-04-22,3,2025-04-25,4795.87,8,Home
A006440,P01150,49,0.483,Cardiology,2025-04-28,1,2025-04-29,2181.72,6,Home
A006954,P01150,49,0.483,General Surgery,2025-05-13,5,2025-05-18,7220.49,8,Home Health Care
A007030,P01150,49,0.483,Orthopedics,2025-09-05,3,2025-09-08,3752.06,6,Home Health Care
A007061,P01150,49,0.483,Emergency,2025-09-17,15,2025-10-02,15459.6,6,Home
A007134,P01150,49,0.483,Neurology,2025-11-21,2,2025-11-23,3244.36,7,Home
A002300,P01151,65,0.322,ICU,2024-11-16,2,2024-11-18,4314.22,5,Home Health Care
A002712,P01151,65,0.322,Orthopedics,2024-12-17,3,2024-12-20,3862.4,5,Home
A006217,P01151,65,0.322,General Surgery,2026-01-30,1,2026-01-31,1369.23,2,Home Health Care
A007213,P01151,65,0.322,Emergency,2026-02-23,3,2026-02-26,2810.1,6,Against Medical Advice
A007535,P01151,65,0.322,Cardiology,2026-04-17,3,2026-04-20,6584.46,9,Home
A008117,P01151,65,0.322,General Surgery,2026-08-23,5,2026-08-28,7000.46,5,Home
A003902,P01152,65,0.527,ICU,2024-11-18,5,2024-11-23,15385.26,4,Home Health Care
A007555,P01152,65,0.527,Neurology,2025-01-14,5,2025-01-19,6457.28,7,Home Health Care
A007727,P01152,65,0.527,Emergency,2025-03-25,1,2025-03-26,846.11,5,Home
A008216,P01152,65,0.527,Neurology,2025-05-28,1,2025-05-29,1259.74,6,Home Health Care
A008941,P01152,65,0.527,Emergency,2025-12-14,8,2025-12-22,8568.93,4,Skilled Nursing Facility
A009057,P01152,65,0.527,Neurology,2026-03-17,6,2026-03-23,7801.55,8,Home
A002512,P01153,55,0.419,Emergency,2024-11-22,2,2024-11-24,1786.01,4,Home
A002882,P01153,55,0.419,Cardiology,2024-12-15,1,2024-12-16,2178.54,7,Home
A005381,P01153,55,0.419,Orthopedics,2025-06-22,9,2025-07-01,12468.52,3,Home
A005920,P01153,55,0.419,Neurology,2026-02-03,8,2026-02-11,9967.71,7,Home
A006139,P01153,55,0.419,Cardiology,2026-03-04,6,2026-03-10,10355.83,6,Home
A006379,P01153,55,0.419,Emergency,2026-06-03,7,2026-06-10,6943.07,6,Home
A007044,P01153,55,0.419,Cardiology,2026-09-10,1,2026-09-11,1663.68,9,Home
A000282,P01154,58,0.291,Emergency,2024-12-17,1,2024-12-18,1084.16,4,Home Health Care
A001134,P01154,58,0.291,Neurology,2025-07-23,6,2025-07-29,10130.73,9,Home
A003744,P01154,58,0.291,Neurology,2025-08-06,2,2025-08-08,2847.16,4,Home Health Care
A004070,P01154,58,0.291,Emergency,2025-11-05,4,2025-11-09,3547.33,6,Home
A004929,P01154,58,0.291,Cardiology,2025-11-30,8,2025-12-08,14619.6,4,Home
A005346,P01154,58,0.291,Orthopedics,2026-04-27,1,2026-04-28,1308.31,5,Home
A005469,P01154,58,0.291,General Surgery,2026-09-15,5,2026-09-20,8504.45,9,Home
A000712,P01155,43,0.161,Orthopedics,2024-10-31,3,2024-11-03,3382.43,2,Home Health Care
A000866,P01155,43,0.161,General Surgery,2025-03-19,4,2025-03-23,5514.21,4,Home
A002321,P01155,43,0.161,Emergency,2026-06-26,4,2026-06-30,4236.55,3,Home Health Care
A000220,P01156,53,0.194,ICU,2024-09-24,1,2024-09-25,2344.99,0,Skilled Nursing Facility
A000609,P01156,53,0.194,Emergency,2024-12-19,1,2024-12-20,878.47,6,Skilled Nursing Facility
A000865,P01156,53,0.194,Emergency,2025-02-24,5,2025-03-01,4446.28,1,Home Health Care
A002338,P01156,53,0.194,Cardiology,2025-04-14,1,2025-04-15,1545.5,4,Skilled Nursing Facility
A002739,P01156,53,0.194,Cardiology,2025-10-11,7,2025-10-18,14240.16,2,Home
A002969,P01156,53,0.194,ICU,2026-06-29,5,2026-07-04,11523.29,3,Home
A003079,P01156,53,0.194,Cardiology,2026-09-12,5,2026-09-17,9638.04,5,Home
A000322,P01157,53,0.134,Cardiology,2024-12-03,7,2024-12-10,14178.09,0,Skilled Nursing Facility
A000855,P01157,53,0.134,Neurology,2025-01-08,2,2025-01-10,2845.02,2,Home
A001746,P01157,53,0.134,Orthopedics,2025-02-23,1,2025-02-24,1236.0,2,Skilled Nursing Facility
A003349,P01157,53,0.134,Neurology,2025-05-01,6,2025-05-07,9750.84,2,Home
A004584,P01157,53,0.134,General Surgery,2026-07-09,3,2026-07-12,4142.74,5,Against Medical Advice
A005031,P01157,53,0.134,Emergency,2026-09-16,2,2026-09-18,2065.48,7,Skilled Nursing Facility
A001721,P01158,52,0.072,Emergency,2024-10-31,10,2024-11-10,9604.28,2,Home
A002365,P01158,52,0.072,ICU,2025-06-16,7,2025-06-23,18571.36,1,Home
A003774,P01158,52,0.072,Emergency,2025-11-05,1,2025-11-06,1101.22,2,Home Health Care
A002052,P01159,55,0.432,Cardiology,2024-10-27,4,2024-10-31,6804.63,5,Home
A002170,P01159,55,0.432,Neurology,2025-09-28,11,2025-10-09,14420.49,3,Home
A002268,P01159,55,0.432,ICU,2026-03-26,8,2026-04-03,19950.29,3,Home
A002715,P01159,55,0.432,Emergency,2026-05-16,4,2026-05-20,3770.88,5,Skilled Nursing Facility
A004646,P01159,55,0.432,General Surgery,2026-05-21,4,2026-05-25,6777.01,8,Home
A006046,P01159,55,0.432,Cardiology,2026-09-16,1,2026-09-17,1567.94,5,Home Health Care
A000595,P01160,71,0.329,ICU,2025-02-09,1,2025-02-10,2751.85,2,Skilled Nursing Facility
A000985,P01160,71,0.329,Orthopedics,2025-02-15,4,2025-02-19,6388.99,3,Skilled Nursing Facility
A001915,P01160,71,0.329,Orthopedics,2025-03-07,2,2025-03-09,2872.14,4,Home Health Care
A002795,P01160,71,0.329,Neurology,2025-04-28,6,2025-05-04,8564.64,6,Home
A005979,P01160,71,0.329,ICU,2025-08-16,3,2025-08-19,7866.63,3,Home Health Care
A006343,P01160,71,0.329,Emergency,2026-01-09,15,2026-01-24,14347.49,2,Home Health Care
A006936,P01160,71,0.329,Emergency,2026-03-23,7,2026-03-30,6246.15,3,Home Health Care
A007594,P01160,71,0.329,Cardiology,2026-06-06,10,2026-06-16,15999.88,4,Skilled Nursing Facility
A008910,P01160,71,0.329,Neurology,2026-09-16,1,2026-09-17,1726.96,2,Home
A001367,P01161,48,0.454,Neurology,2024-11-27,1,2024-11-28,1371.99,9,Home Health Care
A004552,P01161,48,0.454,Neurology,2025-07-31,4,2025-08-04,6687.81,6,Home
A005641,P01161,48,0.454,Emergency,2025-10-13,2,2025-10-15,1901.87,1,Home
A008546,P01161,48,0.454,Emergency,2025-12-21,1,2025-12-22,860.04,7,Home
A008809,P01161,48,0.454,Emergency,2026-02-01,11,2026-02-12,11431.58,5,Skilled Nursing Facility
A008920,P01161,48,0.454,Neurology,2026-02-17,4,2026-02-21,5423.13,5,Home Health Care
A009213,P01161,48,0.454,Orthopedics,2026-04-04,7,2026-04-11,9268.27,6,Home
A009300,P01161,48,0.454,ICU,2026-04-15,8,2026-04-23,17007.02,5,Home Health Care
A009353,P01161,48,0.454,Emergency,2026-06-21,11,2026-07-02,11465.53,3,Home Health Care
A000422,P01162,88,0.361,Emergency,2024-11-07,6,2024-11-13,5462.68,2,Home Health Care
A002179,P01162,88,0.361,Emergency,2024-11-14,9,2024-11-23,7023.98,5,Skilled Nursing Facility
A003150,P01162,88,0.361,Cardiology,2025-05-22,10,2025-06-01,20729.58,5,Home
A003205,P01162,88,0.361,Emergency,2025-07-05,5,2025-07-10,4756.78,5,Home
A003413,P01162,88,0.361,Orthopedics,2025-08-11,4,2025-08-15,5712.86,7,Home
A005131,P01162,88,0.361,Neurology,2025-09-30,5,2025-10-05,7534.03,3,Against Medical Advice
A005476,P01162,88,0.361,Orthopedics,2025-11-12,4,2025-11-16,4736.66,2,Against Medical Advice
A005740,P01162,88,0.361,Emergency,2026-02-24,5,2026-03-01,4214.0,10,Home
A005837,P01162,88,0.361,Cardiology,2026-08-29,4,2026-09-02,8255.68,7,Against Medical Advice
A000316,P01163,50,0.22,Neurology,2024-10-22,2,2024-10-24,2421.99,4,Home
A000455,P01163,50,0.22,Emergency,2024-11-01,7,2024-11-08,7777.81,4,Home Health Care
A001492,P01163,50,0.22,Cardiology,2025-02-27,14,2025-03-13,26002.33,9,Home Health Care
A006148,P01163,50,0.22,Neurology,2025-04-15,11,2025-04-26,14668.28,3,Against Medical Advice
A007311,P01163,50,0.22,Neurology,2025-05-03,3,2025-05-06,4291.0,3,Against Medical Advice
A007327,P01163,50,0.22,Neurology,2025-05-23,4,2025-05-27,6694.27,4,Home
A008021,P01163,50,0.22,Neurology,2025-06-04,3,2025-06-07,3703.96,3,Home Health Care
A009174,P01163,50,0.22,Orthopedics,2025-12-25,1,2025-12-26,1609.29,1,Home
A009215,P01163,50,0.22,General Surgery,2026-08-19,6,2026-08-25,7790.13,0,Skilled Nursing Facility
A000193,P01164,18,0.62,Orthopedics,2024-09-30,9,2024-10-09,14405.56,4,Skilled Nursing Facility
A000960,P01164,18,0.62,Orthopedics,2024-11-16,6,2024-11-22,8903.57,8,Against Medical Advice
A002804,P01164,18,0.62,Emergency,2024-12-06,14,2024-12-20,12412.13,8,Skilled Nursing Facility
A003803,P01164,18,0.62,Orthopedics,2025-03-04,5,2025-03-09,7997.76,5,Skilled Nursing Facility
A004619,P01164,18,0.62,General Surgery,2025-03-25,2,2025-03-27,2690.42,5,Home Health Care
A005948,P01164,18,0.62,Emergency,2025-04-19,3,2025-04-22,2642.86,4,Skilled Nursing Facility
A006311,P01164,18,0.62,Emergency,2025-08-10,2,2025-08-12,1721.97,4,Home
A006354,P01164,18,0.62,ICU,2026-02-20,17,2026-03-09,49810.9,8,Skilled Nursing Facility
A006732,P01164,18,0.62,General Surgery,2026-06-21,2,2026-06-23,3590.33,5,Skilled Nursing Facility
A000517,P01165,46,0.539,Cardiology,2024-10-27,1,2024-10-28,2248.11,6,Home
A003050,P01165,46,0.539,ICU,2025-02-13,3,2025-02-16,7675.57,4,Home
A003882,P01165,46,0.539,Cardiology,2025-06-04,5,2025-06-09,7757.75,10,Home
A004153,P01165,46,0.539,Emergency,2025-07-22,9,2025-07-31,7762.03,6,Home
A006727,P01165,46,0.539,Emergency,2025-08-23,6,2025-08-29,4595.37,7,Home
A007241,P01165,46,0.539,Emergency,2025-09-09,2,2025-09-11,1999.77,6,Home
A007362,P01165,46,0.539,ICU,2026-04-05,1,2026-04-06,2881.51,7,Home
A007764,P01165,46,0.539,Cardiology,2026-08-18,7,2026-08-25,12042.16,4,Skilled Nursing Facility
A007865,P01165,46,0.539,General Surgery,2026-08-29,7,2026-09-05,9268.28,5,Skilled Nursing Facility
A008009,P01165,46,0.539,Emergency,2026-09-13,7,2026-09-20,6680.19,7,Home Health Care
A000669,P01166,63,0.461,Orthopedics,2024-09-27,1,2024-09-28,1391.26,6,Home Health Care
A001178,P01166,63,0.461,Cardiology,2024-12-28,4,2025-01-01,6273.59,12,Home
A006140,P01166,63,0.461,Emergency,2026-05-20,8,2026-05-28,8864.68,5,Skilled Nursing Facility
A006649,P01166,63,0.461,Neurology,2026-07-18,10,2026-07-28,14965.47,9,Home Health Care
A006682,P01166,63,0.461,Cardiology,2026-08-21,3,2026-08-24,4920.48,8,Skilled Nursing Facility
A000546,P01167,61,0.175,ICU,2024-12-24,6,2024-12-30,13409.16,1,Home Health Care
A002325,P01167,61,0.175,ICU,2025-01-04,1,2025-01-05,2494.91,1,Home
A003715,P01167,61,0.175,Emergency,2025-04-22,14,2025-05-06,15272.23,5,Against Medical Advice
A005191,P01167,61,0.175,Cardiology,2025-08-09,3,2025-08-12,4691.85,2,Home Health Care
A006695,P01167,61,0.175,Emergency,2025-10-12,1,2025-10-13,872.35,4,Home
A007228,P01167,61,0.175,General Surgery,2026-02-05,1,2026-02-06,1423.1,4,Skilled Nursing Facility
A007883,P01167,61,0.175,Orthopedics,2026-02-17,8,2026-02-25,12468.13,5,Home Health Care
A008290,P01167,61,0.175,Emergency,2026-04-07,6,2026-04-13,5676.43,3,Skilled Nursing Facility
A008464,P01167,61,0.175,Emergency,2026-04-18,1,2026-04-19,984.8,2,Home
A009101,P01167,61,0.175,ICU,2026-07-03,4,2026-07-07,10375.51,3,Home
A000036,P01168,78,0.431,General Surgery,2024-11-23,2,2024-11-25,3481.93,6,Home Health Care
A000614,P01168,78,0.431,ICU,2025-10-11,1,2025-10-12,2222.67,7,Home Health Care
A001089,P01168,78,0.431,ICU,2025-12-21,2,2025-12-23,6228.08,5,Home
A001532,P01169,46,0.155,Emergency,2024-12-15,2,2024-12-17,2080.45,5,Home
A002050,P01169,46,0.155,Cardiology,2025-03-16,1,2025-03-17,1641.97,2,Home
A002254,P01169,46,0.155,Emergency,2025-04-04,1,2025-04-05,839.03,6,Home
A007246,P01169,46,0.155,Emergency,2025-10-22,5,2025-10-27,5263.69,4,Home
A008155,P01169,46,0.155,Emergency,2026-06-28,7,2026-07-05,6965.26,1,Home
A008763,P01169,46,0.155,ICU,2026-08-21,6,2026-08-27,17767.71,4,Home Health Care
A000689,P01170,36,0.401,ICU,2024-09-28,3,2024-10-01,6601.03,6,Home
A002058,P01170,36,0.401,ICU,2024-10-10,2,2024-10-12,5266.45,6,Home
A003881,P01170,36,0.401,General Surgery,2025-01-04,9,2025-01-13,13630.38,5,Home
A004855,P01170,36,0.401,Orthopedics,2025-02-09,13,2025-02-22,17478.15,8,Home Health Care
A005345,P01170,36,0.401,General Surgery,2025-06-13,2,2025-06-15,3326.64,6,Home
A005633,P01170,36,0.401,Emergency,2025-10-08,1,2025-10-09,987.16,4,Home
A006777,P01170,36,0.401,Cardiology,2025-11-29,3,2025-12-02,6728.58,7,Home
A006874,P01170,36,0.401,Neurology,2025-12-03,1,2025-12-04,1427.75,4,Home
A007221,P01170,36,0.401,General Surgery,2026-01-22,2,2026-01-24,2995.47,4,Home
A008090,P01170,36,0.401,ICU,2026-01-26,4,2026-01-30,9815.59,5,Home
A000110,P01171,14,0.324,General Surgery,2024-11-07,2,2024-11-09,2760.75,8,Home Health Care
A000435,P01171,14,0.324,General Surgery,2025-03-17,4,2025-03-21,6825.09,9,Home
A000796,P01171,14,0.324,Emergency,2025-06-01,1,2025-06-02,815.78,4,Home
A001554,P01171,14,0.324,Neurology,2025-10-06,7,2025-10-13,8410.28,9,Against Medical Advice
A003629,P01171,14,0.324,General Surgery,2025-10-15,5,2025-10-20,6509.3,4,Skilled Nursing Facility
A007238,P01171,14,0.324,Neurology,2025-10-26,1,2025-10-27,1652.34,1,Home
A007569,P01171,14,0.324,Emergency,2025-11-04,1,2025-11-05,856.27,4,Home
A007705,P01171,14,0.324,General Surgery,2026-02-22,15,2026-03-09,25205.19,3,Skilled Nursing Facility
A007737,P01171,14,0.324,Orthopedics,2026-05-17,2,2026-05-19,2432.18,5,Home Health Care
A008656,P01171,14,0.324,ICU,2026-05-27,6,2026-06-02,17485.08,7,Home Health Care
A008731,P01171,14,0.324,General Surgery,2026-06-07,6,2026-06-13,10092.64,5,Home
A000156,P01172,59,0.183,Emergency,2024-11-30,2,2024-12-02,1761.45,3,Home
A002820,P01172,59,0.183,Emergency,2024-12-07,3,2024-12-10,3052.83,6,Home
A003223,P01172,59,0.183,ICU,2025-04-28,23,2025-05-21,56902.48,3,Home
A004007,P01172,59,0.183,ICU,2025-09-03,4,2025-09-07,10833.16,4,Home
A004920,P01172,59,0.183,Neurology,2025-11-04,9,2025-11-13,14770.93,6,Against Medical Advice
A007168,P01172,59,0.183,Neurology,2026-03-02,1,2026-03-03,1362.58,5,Home
A001853,P01173,64,0.321,Emergency,2024-10-07,5,2024-10-12,5580.87,6,Home
A003423,P01173,64,0.321,Emergency,2024-12-26,3,2024-12-29,3115.01,0,Home
A003600,P01173,64,0.321,Cardiology,2025-05-31,3,2025-06-03,6241.27,2,Home
A004734,P01173,64,0.321,Cardiology,2025-12-01,4,2025-12-05,6893.93,4,Home
A007074,P01173,64,0.321,Emergency,2026-06-11,9,2026-06-20,8995.41,7,Home
A001206,P01174,42,0.171,Orthopedics,2024-10-26,6,2024-11-01,8013.39,2,Home
A003445,P01174,42,0.171,General Surgery,2025-02-19,3,2025-02-22,4455.26,4,Home
A004941,P01174,42,0.171,ICU,2025-05-06,6,2025-05-12,12826.67,4,Home
A005485,P01174,42,0.171,General Surgery,2025-07-14,13,2025-07-27,22768.73,1,Home
A007718,P01174,42,0.171,Emergency,2026-01-11,6,2026-01-17,4677.38,6,Home Health Care
A008178,P01174,42,0.171,Cardiology,2026-02-16,4,2026-02-20,8840.42,3,Home
A000074,P01175,71,0.486,ICU,2025-01-09,4,2025-01-13,11752.73,13,Home
A001193,P01175,71,0.486,Orthopedics,2025-01-27,22,2025-02-18,35705.97,4,Home
A005421,P01175,71,0.486,Emergency,2026-01-23,22,2026-02-14,23473.8,11,Skilled Nursing Facility
A005861,P01175,71,0.486,Orthopedics,2026-07-21,2,2026-07-23,3225.04,8,Skilled Nursing Facility
A000657,P01176,88,0.213,Emergency,2025-02-05,8,2025-02-13,8815.61,5,Home Health Care
A002177,P01176,88,0.213,ICU,2025-03-23,6,2025-03-29,14187.31,5,Home
A004691,P01176,88,0.213,Emergency,2025-12-10,5,2025-12-15,4177.56,3,Home
A006225,P01176,88,0.213,Emergency,2026-04-14,9,2026-04-23,8354.91,3,Home
A000034,P01177,77,0.134,Cardiology,2024-10-23,1,2024-10-24,2114.09,5,Home
A000722,P01177,77,0.134,Emergency,2024-12-25,3,2024-12-28,2866.53,3,Home
A005477,P01177,77,0.134,Emergency,2025-01-05,6,2025-01-11,5925.76,2,Against Medical Advice
A005943,P01177,77,0.134,Emergency,2025-02-12,22,2025-03-06,23548.99,3,Home
A006268,P01177,77,0.134,Cardiology,2025-05-11,1,2025-05-12,1869.85,4,Home Health Care
A006676,P01177,77,0.134,Orthopedics,2026-01-08,4,2026-01-12,5117.27,3,Home
A006787,P01177,77,0.134,Cardiology,2026-01-27,1,2026-01-28,1739.4,10,Home Health Care
A006809,P01177,77,0.134,General Surgery,2026-03-24,1,2026-03-25,1677.92,3,Home
A007193,P01177,77,0.134,Neurology,2026-08-22,3,2026-08-25,3665.65,4,Home
A007207,P01177,77,0.134,Emergency,2026-09-20,5,2026-09-25,5361.34,4,Home Health Care
A000654,P01178,77,0.11,Emergency,2024-10-10,8,2024-10-18,8341.38,5,Home
A000883,P01178,77,0.11,Neurology,2024-12-22,1,2024-12-23,1279.48,4,Home
A000983,P01178,77,0.11,ICU,2025-06-03,3,2025-06-06,7593.52,6,Home
A003238,P01178,77,0.11,General Surgery,2025-07-18,2,2025-07-20,3247.78,3,Home Health Care
A004836,P01178,77,0.11,Emergency,2025-09-18,3,2025-09-21,3324.84,4,Home
A000815,P01179,47,0.206,Neurology,2025-01-23,2,2025-01-25,2549.32,4,Skilled Nursing Facility
A001314,P01179,47,0.206,Orthopedics,2025-03-20,4,2025-03-24,6333.63,2,Home
A002394,P01179,47,0.206,Orthopedics,2025-05-10,11,2025-05-21,14655.9,5,Home Health Care
A005596,P01179,47,0.206,General Surgery,2025-07-21,5,2025-07-26,8034.49,4,Home
A006211,P01179,47,0.206,Emergency,2025-11-10,1,2025-11-11,1023.57,3,Home Health Care
A006233,P01179,47,0.206,General Surgery,2025-11-27,15,2025-12-12,21670.48,2,Home
A006652,P01179,47,0.206,Emergency,2026-05-06,2,2026-05-08,1793.15,6,Home Health Care
A001287,P01180,51,0.527,Cardiology,2025-01-16,6,2025-01-22,10302.68,7,Against Medical Advice
A002716,P01180,51,0.527,Emergency,2025-03-23,1,2025-03-24,850.15,10,Skilled Nursing Facility
A004030,P01180,51,0.527,Neurology,2025-07-26,5,2025-07-31,7561.27,4,Home Health Care
A005386,P01180,51,0.527,General Surgery,2025-09-14,3,2025-09-17,5437.15,9,Skilled Nursing Facility
A006334,P01180,51,0.527,ICU,2025-11-19,1,2025-11-20,2386.57,6,Home Health Care
A006908,P01180,51,0.527,Neurology,2026-06-07,2,2026-06-09,2612.51,4,Against Medical Advice
A007649,P01180,51,0.527,Neurology,2026-07-04,5,2026-07-09,8143.69,6,Home Health Care
A008268,P01180,51,0.527,ICU,2026-07-17,15,2026-08-01,32512.45,5,Home
A008636,P01180,51,0.527,Emergency,2026-08-25,8,2026-09-02,7206.74,7,Home
A000109,P01181,34,0.13,Cardiology,2024-12-25,11,2025-01-05,23835.81,4,Home
A000252,P01181,34,0.13,General Surgery,2025-08-20,7,2025-08-27,9065.29,1,Home
A000778,P01181,34,0.13,Orthopedics,2025-10-30,1,2025-10-31,1359.74,4,Home
A002206,P01181,34,0.13,Emergency,2026-03-31,2,2026-04-02,1634.41,4,Home Health Care
A001067,P01182,59,0.225,Emergency,2025-02-02,2,2025-02-04,2012.84,5,Home
A004272,P01182,59,0.225,General Surgery,2025-07-16,1,2025-07-17,1804.99,3,Home Health Care
A005446,P01182,59,0.225,ICU,2025-07-22,5,2025-07-27,13179.42,3,Home
A005528,P01182,59,0.225,Orthopedics,2026-02-11,5,2026-02-16,6098.86,2,Home
A000909,P01183,55,0.189,Emergency,2024-10-21,3,2024-10-24,2634.56,2,Skilled Nursing Facility
A001046,P01183,55,0.189,Cardiology,2024-12-10,6,2024-12-16,11866.42,9,Home
A001972,P01183,55,0.189,ICU,2025-02-17,6,2025-02-23,17954.34,4,Skilled Nursing Facility
A002826,P01183,55,0.189,Orthopedics,2025-04-16,3,2025-04-19,4233.68,3,Home
A003184,P01183,55,0.189,Cardiology,2025-05-15,5,2025-05-20,11000.07,3,Home
A006528,P01183,55,0.189,Emergency,2025-06-28,2,2025-06-30,2153.24,6,Home
A008548,P01183,55,0.189,Emergency,2025-08-18,1,2025-08-19,869.53,5,Home
A008877,P01183,55,0.189,Cardiology,2025-08-20,2,2025-08-22,3093.85,2,Home Health Care
A008900,P01183,55,0.189,ICU,2025-08-25,2,2025-08-27,5945.68,1,Home Health Care
A009177,P01183,55,0.189,Emergency,2025-11-01,8,2025-11-09,7709.9,3,Home
A000152,P01184,51,0.638,Orthopedics,2025-01-17,1,2025-01-18,1322.59,6,Home Health Care
A001416,P01184,51,0.638,Cardiology,2025-02-04,5,2025-02-09,10582.25,5,Home
A004398,P01184,51,0.638,Emergency,2025-11-30,2,2025-12-02,2223.32,4,Home
A004957,P01184,51,0.638,Neurology,2025-12-26,9,2026-01-04,11603.3,8,Home
A006305,P01184,51,0.638,Emergency,2026-05-19,14,2026-06-02,14237.98,7,Home
A007339,P01184,51,0.638,ICU,2026-07-13,2,2026-07-15,4523.77,10,Home
A000515,P01185,60,0.015,Orthopedics,2025-01-30,2,2025-02-01,2916.58,3,Home
A000590,P01185,60,0.015,Emergency,2025-05-07,1,2025-05-08,999.71,5,Home Health Care
A001241,P01186,60,0.077,Neurology,2024-11-19,5,2024-11-24,8466.24,5,Home
A001434,P01186,60,0.077,ICU,2025-04-13,4,2025-04-17,11150.4,7,Home
A004489,P01186,60,0.077,General Surgery,2025-06-30,2,2025-07-02,3065.93,1,Home
A001069,P01187,63,0.379,ICU,2024-10-05,7,2024-10-12,18727.36,3,Home
A001694,P01187,63,0.379,Orthopedics,2025-01-30,3,2025-02-02,4119.94,6,Home Health Care
A002872,P01187,63,0.379,ICU,2025-07-20,2,2025-07-22,5385.69,6,Skilled Nursing Facility
A003398,P01187,63,0.379,ICU,2025-08-22,9,2025-08-31,21480.9,6,Home
A004011,P01187,63,0.379,Cardiology,2026-01-15,1,2026-01-16,1754.12,4,Home
A005932,P01187,63,0.379,Emergency,2026-02-24,5,2026-03-01,4146.46,8,Home Health Care
A007165,P01187,63,0.379,Emergency,2026-04-18,16,2026-05-04,15432.94,6,Home
A000284,P01188,53,0.133,Emergency,2025-02-04,8,2025-02-12,7251.15,0,Home
A001232,P01188,53,0.133,General Surgery,2025-04-03,12,2025-04-15,21382.68,3,Home Health Care
A002766,P01188,53,0.133,Emergency,2025-07-11,1,2025-07-12,1051.69,1,Skilled Nursing Facility
A002998,P01188,53,0.133,General Surgery,2025-08-03,1,2025-08-04,1293.02,3,Home Health Care
A003123,P01188,53,0.133,ICU,2025-08-24,17,2025-09-10,47270.08,5,Home Health Care
A003564,P01188,53,0.133,Emergency,2025-09-13,9,2025-09-22,9265.89,4,Home Health Care
A005927,P01188,53,0.133,Neurology,2026-04-22,6,2026-04-28,8938.6,2,Home Health Care
A000626,P01189,73,0.641,Orthopedics,2024-12-10,3,2024-12-13,3552.75,3,Home Health Care
A002142,P01189,73,0.641,Neurology,2025-01-12,1,2025-01-13,1387.89,7,Home Health Care
A005220,P01189,73,0.641,Orthopedics,2025-03-01,8,2025-03-09,12098.6,6,Home Health Care
A005553,P01189,73,0.641,General Surgery,2025-05-20,16,2025-06-05,21604.85,10,Home Health Care
A006125,P01189,73,0.641,Cardiology,2025-07-11,1,2025-07-12,2181.42,14,Home Health Care
A007530,P01189,73,0.641,Cardiology,2025-07-29,16,2025-08-14,31408.43,8,Home
A008439,P01189,73,0.641,ICU,2026-01-10,1,2026-01-11,2736.5,7,Against Medical Advice
A009343,P01189,73,0.641,Neurology,2026-05-06,1,2026-05-07,1592.03,4,Home
A003107,P01190,67,0.299,Cardiology,2025-01-19,3,2025-01-22,6714.35,7,Home
A007169,P01190,67,0.299,ICU,2025-04-15,4,2025-04-19,11924.86,3,Home Health Care
A008195,P01190,67,0.299,ICU,2025-05-06,3,2025-05-09,7495.92,5,Home Health Care
A008402,P01190,67,0.299,ICU,2025-07-30,1,2025-07-31,2833.75,6,Home
A008561,P01190,67,0.299,ICU,2025-11-27,5,2025-12-02,13101.58,9,Home
A009294,P01190,67,0.299,Cardiology,2026-07-04,27,2026-07-31,50314.23,3,Home
A002478,P01191,17,0.206,Emergency,2024-10-01,2,2024-10-03,1706.26,2,Home
A003904,P01191,17,0.206,Emergency,2024-12-13,7,2024-12-20,5791.98,4,Home
A003986,P01191,17,0.206,Emergency,2025-10-11,5,2025-10-16,3904.44,1,Home
A004016,P01191,17,0.206,Emergency,2026-02-13,11,2026-02-24,11446.6,7,Home Health Care
A004773,P01191,17,0.206,Emergency,2026-08-01,1,2026-08-02,845.94,7,Home Health Care
A001387,P01192,42,0.204,Emergency,2024-10-09,4,2024-10-13,3895.47,4,Home Health Care
A001731,P01192,42,0.204,ICU,2024-11-17,19,2024-12-06,47020.05,3,Home
A003773,P01192,42,0.204,Emergency,2025-01-23,7,2025-01-30,6088.43,7,Home
A005011,P01192,42,0.204,General Surgery,2025-02-20,1,2025-02-21,1686.41,4,Skilled Nursing Facility
A005455,P01192,42,0.204,Emergency,2025-05-15,3,2025-05-18,2701.49,2,Home
A006473,P01192,42,0.204,Neurology,2025-07-08,6,2025-07-14,8977.5,6,Home
A006523,P01192,42,0.204,ICU,2025-12-10,3,2025-12-13,7403.26,4,Against Medical Advice
A007391,P01192,42,0.204,Neurology,2026-01-14,5,2026-01-19,7463.28,5,Skilled Nursing Facility
A007968,P01192,42,0.204,General Surgery,2026-02-17,2,2026-02-19,2853.42,7,Home
A008591,P01192,42,0.204,General Surgery,2026-07-02,1,2026-07-03,1548.09,4,Home
A001453,P01193,67,0.55,Neurology,2025-01-24,1,2025-01-25,1298.64,11,Home
A002353,P01193,67,0.55,Emergency,2025-03-01,1,2025-03-02,1009.26,7,Home
A004087,P01193,67,0.55,ICU,2025-03-14,10,2025-03-24,24813.93,2,Home Health Care
A005749,P01193,67,0.55,Cardiology,2025-04-02,1,2025-04-03,1970.54,8,Home
A006084,P01193,67,0.55,Emergency,2025-06-29,10,2025-07-09,10407.08,5,Home
A007681,P01193,67,0.55,Emergency,2025-08-17,14,2025-08-31,11293.22,5,Home
A009563,P01193,67,0.55,Emergency,2025-09-21,3,2025-09-24,2495.64,12,Home
A009576,P01193,67,0.55,Emergency,2026-07-01,5,2026-07-06,5539.31,8,Home
A001493,P01194,55,0.617,Cardiology,2025-01-04,19,2025-01-23,30920.02,8,Home
A001507,P01194,55,0.617,Emergency,2025-05-27,10,2025-06-06,10414.68,6,Home
A001625,P01194,55,0.617,Emergency,2025-07-31,4,2025-08-04,4122.32,4,Skilled Nursing Facility
A002404,P01194,55,0.617,Cardiology,2025-08-24,1,2025-08-25,1603.98,10,Against Medical Advice
A004042,P01194,55,0.617,ICU,2025-09-01,1,2025-09-02,2171.5,5,Skilled Nursing Facility
A004702,P01194,55,0.617,Neurology,2025-12-02,13,2025-12-15,19746.08,8,Home
A004754,P01194,55,0.617,Emergency,2026-02-10,4,2026-02-14,3668.84,8,Home
A005385,P01194,55,0.617,Emergency,2026-05-10,9,2026-05-19,7491.38,6,Home Health Care
A006026,P01194,55,0.617,General Surgery,2026-06-30,3,2026-07-03,5458.06,10,Skilled Nursing Facility
A006830,P01194,55,0.617,Cardiology,2026-07-31,4,2026-08-04,7625.6,2,Skilled Nursing Facility
A007787,P01194,55,0.617,General Surgery,2026-09-24,2,2026-09-26,3382.97,7,Home Health Care
A000149,P01195,60,0.07,General Surgery,2025-01-11,1,2025-01-12,1664.46,2,Skilled Nursing Facility
A000153,P01195,60,0.07,Neurology,2025-02-28,1,2025-03-01,1617.09,5,Home
A000449,P01195,60,0.07,ICU,2025-05-17,2,2025-05-19,5476.57,5,Home Health Care
A002128,P01195,60,0.07,General Surgery,2025-10-31,4,2025-11-04,6655.01,1,Home
A005129,P01195,60,0.07,ICU,2026-03-21,4,2026-03-25,8547.65,5,Home Health Care
A005249,P01195,60,0.07,ICU,2026-05-08,2,2026-05-10,5188.93,2,Against Medical Advice
A005339,P01195,60,0.07,Emergency,2026-08-19,1,2026-08-20,817.13,1,Home
A002654,P01196,80,0.132,General Surgery,2024-10-21,5,2024-10-26,6418.41,4,Skilled Nursing Facility
A007578,P01196,80,0.132,ICU,2025-01-13,2,2025-01-15,5315.41,4,Home
A007772,P01196,80,0.132,Cardiology,2025-03-22,2,2025-03-24,3459.38,4,Home Health Care
A008528,P01196,80,0.132,ICU,2025-07-16,1,2025-07-17,2630.69,5,Home
A008760,P01196,80,0.132,Emergency,2026-04-23,1,2026-04-24,916.4,4,Against Medical Advice
A008998,P01196,80,0.132,Emergency,2026-06-01,10,2026-06-11,10501.91,2,Skilled Nursing Facility
A009075,P01196,80,0.132,Neurology,2026-07-31,1,2026-08-01,1287.8,1,Home Health Care
A009250,P01196,80,0.132,ICU,2026-08-23,1,2026-08-24,2628.57,3,Home
A000950,P01197,16,0.12,Orthopedics,2025-01-27,1,2025-01-28,1298.06,4,Home Health Care
A001572,P01197,16,0.12,Cardiology,2025-08-10,2,2025-08-12,3196.64,4,Home
A004099,P01197,16,0.12,Emergency,2026-02-21,1,2026-02-22,813.93,3,Home
A007481,P01197,16,0.12,Neurology,2026-08-22,2,2026-08-24,3171.68,5,Skilled Nursing Facility
A002077,P01198,54,0.264,ICU,2025-01-15,7,2025-01-22,19641.84,6,Home Health Care
A008050,P01198,54,0.264,Emergency,2025-07-12,13,2025-07-25,13249.32,3,Home
A008423,P01198,54,0.264,General Surgery,2025-09-13,3,2025-09-16,4526.16,1,Home
A008695,P01198,54,0.264,Cardiology,2026-07-03,1,2026-07-04,2178.3,5,Skilled Nursing Facility
A008820,P01198,54,0.264,General Surgery,2026-08-18,6,2026-08-24,9934.27,4,Skilled Nursing Facility
A001450,P01199,57,0.199,Emergency,2024-10-12,1,2024-10-13,984.33,10,Home Health Care
A001656,P01199,57,0.199,Emergency,2024-10-19,3,2024-10-22,2698.41,3,Home Health Care
A003720,P01199,57,0.199,General Surgery,2025-04-23,4,2025-04-27,5131.41,5,Home Health Care
A006036,P01199,57,0.199,ICU,2025-06-06,4,2025-06-10,8644.44,4,Against Medical Advice
A006056,P01199,57,0.199,Emergency,2025-08-22,2,2025-08-24,2230.53,2,Home
A007620,P01199,57,0.199,Emergency,2025-10-22,3,2025-10-25,3057.77,4,Home Health Care
A008813,P01199,57,0.199,General Surgery,2025-11-03,1,2025-11-04,1416.54,5,Home
A008892,P01199,57,0.199,Neurology,2026-06-14,5,2026-06-19,6130.64,7,Home
A001226,P01200,46,0.212,Cardiology,2024-10-14,1,2024-10-15,1738.63,5,Home
A008222,P01200,46,0.212,Neurology,2025-10-05,11,2025-10-16,13280.92,3,Home
A008253,P01200,46,0.212,Orthopedics,2026-09-23,2,2026-09-25,2338.67,5,Skilled Nursing Facility
A000734,P01201,62,0.42,Orthopedics,2024-12-15,5,2024-12-20,6133.01,1,Home Health Care
A001741,P01201,62,0.42,General Surgery,2025-03-23,3,2025-03-26,4126.61,8,Home
A005499,P01201,62,0.42,Emergency,2025-05-31,5,2025-06-05,4175.2,4,Home Health Care
A005990,P01201,62,0.42,General Surgery,2026-02-10,2,2026-02-12,3410.36,4,Home
A006204,P01201,62,0.42,Emergency,2026-03-04,1,2026-03-05,1115.05,3,Skilled Nursing Facility
A006773,P01201,62,0.42,Emergency,2026-03-21,5,2026-03-26,3888.81,8,Home
A006977,P01201,62,0.42,Orthopedics,2026-05-17,21,2026-06-07,24944.15,5,Home
A000179,P01202,51,0.106,Cardiology,2024-10-31,1,2024-11-01,2230.54,2,Home
A000551,P01202,51,0.106,ICU,2025-03-31,4,2025-04-04,12388.2,3,Home
A003075,P01202,51,0.106,Emergency,2025-11-25,1,2025-11-26,767.52,4,Home
A003127,P01202,51,0.106,Emergency,2026-05-01,5,2026-05-06,4286.88,4,Home
A003211,P01202,51,0.106,Emergency,2026-06-07,6,2026-06-13,5254.33,5,Home Health Care
A004735,P01202,51,0.106,Emergency,2026-07-07,11,2026-07-18,9046.72,4,Home
A001873,P01203,38,0.089,Emergency,2024-10-10,5,2024-10-15,4471.56,4,Skilled Nursing Facility
A003420,P01203,38,0.089,General Surgery,2024-11-23,21,2024-12-14,37848.26,4,Home
A003487,P01203,38,0.089,Emergency,2025-01-09,4,2025-01-13,3180.38,4,Skilled Nursing Facility
A006511,P01203,38,0.089,ICU,2025-01-23,1,2025-01-24,2741.21,3,Home
A006562,P01203,38,0.089,ICU,2025-08-10,11,2025-08-21,30512.37,6,Skilled Nursing Facility
A006680,P01203,38,0.089,Emergency,2025-09-12,1,2025-09-13,970.3,4,Against Medical Advice
A007070,P01203,38,0.089,Cardiology,2025-10-02,2,2025-10-04,3854.34,2,Skilled Nursing Facility
A007171,P01203,38,0.089,Emergency,2026-01-06,4,2026-01-10,3950.71,3,Skilled Nursing Facility
A007699,P01203,38,0.089,Neurology,2026-02-02,7,2026-02-09,8507.29,1,Home
A007780,P01203,38,0.089,Emergency,2026-05-30,3,2026-06-02,3264.28,2,Home
A002573,P01204,87,0.364,Neurology,2024-10-26,7,2024-11-02,8844.89,6,Home Health Care
A003464,P01204,87,0.364,Neurology,2025-01-22,4,2025-01-26,5839.08,7,Home Health Care
A003482,P01204,87,0.364,Neurology,2025-02-23,5,2025-02-28,6777.04,3,Home Health Care
A005092,P01204,87,0.364,Neurology,2025-03-03,1,2025-03-04,1344.35,7,Home
A005158,P01204,87,0.364,General Surgery,2025-05-11,13,2025-05-24,19905.62,6,Home Health Care
A006914,P01204,87,0.364,Cardiology,2025-05-31,7,2025-06-07,14484.23,6,Home
A007921,P01204,87,0.364,Neurology,2025-06-17,6,2025-06-23,8547.35,3,Home Health Care
A001732,P01205,85,0.296,ICU,2024-12-03,4,2024-12-07,10871.12,6,Home
A005056,P01205,85,0.296,Cardiology,2025-02-16,4,2025-02-20,6668.7,5,Home
A000403,P01206,44,0.224,ICU,2025-02-11,1,2025-02-12,2955.58,3,Home
A000605,P01206,44,0.224,ICU,2025-04-27,4,2025-05-01,9897.7,6,Home
A001641,P01206,44,0.224,ICU,2025-05-24,5,2025-05-29,12716.01,9,Home
A001794,P01206,44,0.224,Orthopedics,2025-06-07,1,2025-06-08,1304.05,2,Home Health Care
A002836,P01206,44,0.224,Neurology,2025-08-21,4,2025-08-25,4803.36,4,Home
A003436,P01206,44,0.224,Emergency,2025-09-24,3,2025-09-27,2955.63,7,Home
A005377,P01206,44,0.224,Emergency,2026-02-09,2,2026-02-11,1726.22,7,Home
A001325,P01207,63,0.355,Emergency,2024-12-16,4,2024-12-20,4265.49,6,Home Health Care
A002354,P01207,63,0.355,ICU,2024-12-28,3,2024-12-31,9351.21,6,Home
A002540,P01207,63,0.355,Neurology,2025-03-30,3,2025-04-02,4729.98,4,Skilled Nursing Facility
A002897,P01207,63,0.355,General Surgery,2025-04-24,3,2025-04-27,4950.18,4,Home
A004104,P01207,63,0.355,Emergency,2025-09-05,18,2025-09-23,15346.62,6,Against Medical Advice
A004247,P01207,63,0.355,Cardiology,2025-11-09,2,2025-11-11,4278.82,7,Skilled Nursing Facility
A004518,P01207,63,0.355,ICU,2025-12-18,2,2025-12-20,5305.7,5,Home
A002146,P01208,60,0.287,Neurology,2024-12-30,8,2025-01-07,11721.97,6,Skilled Nursing Facility
A006689,P01208,60,0.287,Emergency,2025-02-01,3,2025-02-04,3198.6,6,Home
A006780,P01208,60,0.287,Cardiology,2025-06-25,4,2025-06-29,7988.75,4,Skilled Nursing Facility
A008391,P01208,60,0.287,Neurology,2025-10-22,3,2025-10-25,4052.76,4,Home
A008749,P01208,60,0.287,Emergency,2026-05-30,2,2026-06-01,1605.82,8,Home
A001107,P01209,52,0.305,Neurology,2025-02-06,2,2025-02-08,3198.87,9,Home
A002259,P01209,52,0.305,Neurology,2025-11-27,4,2025-12-01,6150.5,4,Home
A003337,P01209,52,0.305,Neurology,2025-12-26,1,2025-12-27,1534.34,6,Home
A004647,P01209,52,0.305,Emergency,2026-06-11,3,2026-06-14,2399.43,5,Home Health Care
A007447,P01209,52,0.305,Emergency,2026-08-08,7,2026-08-15,5628.74,3,Home Health Care
A001822,P01210,74,0.253,ICU,2024-12-08,3,2024-12-11,7517.16,6,Skilled Nursing Facility
A002558,P01210,74,0.253,ICU,2025-04-29,14,2025-05-13,39510.89,3,Home Health Care
A002821,P01210,74,0.253,Neurology,2026-08-17,6,2026-08-23,10185.53,6,Home Health Care
A000873,P01211,50,0.411,Neurology,2025-01-18,1,2025-01-19,1580.52,3,Home Health Care
A005693,P01211,50,0.411,Neurology,2025-05-30,4,2025-06-03,5602.66,6,Home
A007712,P01211,50,0.411,Neurology,2025-07-30,13,2025-08-12,20958.29,7,Home
A008207,P01211,50,0.411,Emergency,2025-08-25,3,2025-08-28,3000.96,8,Home
A009014,P01211,50,0.411,ICU,2025-11-13,3,2025-11-16,8763.24,7,Home
A009092,P01211,50,0.411,General Surgery,2026-03-27,14,2026-04-10,22265.36,6,Home
A000105,P01212,54,0.222,Emergency,2025-01-31,1,2025-02-01,814.82,6,Home
A000406,P01212,54,0.222,ICU,2025-03-28,2,2025-03-30,5615.49,7,Home
A001876,P01212,54,0.222,Emergency,2025-05-08,1,2025-05-09,936.53,4,Skilled Nursing Facility
A005161,P01212,54,0.222,General Surgery,2025-06-02,5,2025-06-07,9142.13,1,Home Health Care
A005401,P01212,54,0.222,Cardiology,2025-07-13,5,2025-07-18,10542.39,7,Home
A006821,P01212,54,0.222,ICU,2025-09-27,3,2025-09-30,7226.56,1,Home
A006882,P01212,54,0.222,Emergency,2026-01-19,4,2026-01-23,4380.16,3,Home
A007423,P01212,54,0.222,Orthopedics,2026-05-19,4,2026-05-23,5451.04,3,Home Health Care
A000256,P01213,61,0.111,Emergency,2025-01-12,2,2025-01-14,2034.14,8,Skilled Nursing Facility
A000651,P01213,61,0.111,Cardiology,2025-05-05,1,2025-05-06,1735.12,5,Home
A002100,P01213,61,0.111,Neurology,2025-07-03,4,2025-07-07,4786.89,2,Skilled Nursing Facility
A004738,P01213,61,0.111,General Surgery,2025-07-19,10,2025-07-29,15388.32,3,Home
A005892,P01213,61,0.111,Cardiology,2025-09-03,1,2025-09-04,1835.92,4,Home
A007263,P01213,61,0.111,Cardiology,2026-02-26,2,2026-02-28,4164.78,5,Home Health Care
A008610,P01213,61,0.111,Neurology,2026-09-23,3,2026-09-26,4221.88,2,Home
A002555,P01214,63,0.371,ICU,2024-10-19,4,2024-10-23,9700.5,6,Home Health Care
A004022,P01214,63,0.371,Emergency,2025-01-06,23,2025-01-29,25376.28,6,Home Health Care
A004659,P01214,63,0.371,Cardiology,2025-03-23,11,2025-04-03,21854.25,5,Home
A004923,P01214,63,0.371,Emergency,2025-04-29,12,2025-05-11,9316.15,1,Home
A004994,P01214,63,0.371,ICU,2025-08-07,4,2025-08-11,10352.0,4,Skilled Nursing Facility
A005135,P01214,63,0.371,Emergency,2025-09-11,6,2025-09-17,5816.82,7,Home
A007715,P01214,63,0.371,Emergency,2026-05-30,4,2026-06-03,4187.31,5,Home
A001712,P01215,49,0.259,Orthopedics,2024-10-23,2,2024-10-25,3063.09,5,Home
A003261,P01215,49,0.259,Emergency,2025-05-03,4,2025-05-07,4035.89,4,Home
A003964,P01215,49,0.259,Emergency,2025-09-17,3,2025-09-20,3019.54,6,Home
A004838,P01215,49,0.259,Neurology,2025-11-07,5,2025-11-12,6632.39,5,Home
A005199,P01215,49,0.259,Emergency,2025-12-30,4,2026-01-03,3823.6,5,Skilled Nursing Facility
A007422,P01215,49,0.259,Emergency,2026-02-08,3,2026-02-11,3084.4,3,Home Health Care
A007827,P01215,49,0.259,Neurology,2026-05-25,1,2026-05-26,1433.09,2,Home
A003431,P01216,95,0.144,Emergency,2025-02-12,2,2025-02-14,1756.78,8,Home
A004876,P01216,95,0.144,Cardiology,2025-11-08,12,2025-11-20,19692.87,4,Home
A004779,P01217,67,0.004,ICU,2024-11-18,1,2024-11-19,2652.9,2,Against Medical Advice
A006448,P01217,67,0.004,General Surgery,2024-12-30,3,2025-01-02,5426.39,2,Home
A006476,P01217,67,0.004,ICU,2025-04-04,3,2025-04-07,6587.94,4,Home
A006583,P01217,67,0.004,ICU,2025-07-26,2,2025-07-28,5631.7,5,Home Health Care
A007294,P01217,67,0.004,ICU,2025-10-12,10,2025-10-22,27374.91,3,Home
A007673,P01217,67,0.004,General Surgery,2026-03-18,1,2026-03-19,1281.84,3,Home
A007676,P01217,67,0.004,Emergency,2026-05-18,1,2026-05-19,798.6,5,Home
A007867,P01217,67,0.004,General Surgery,2026-07-28,3,2026-07-31,5044.68,1,Home Health Care
A000247,P01218,47,0.385,ICU,2025-01-12,13,2025-01-25,36340.4,6,Home
A002021,P01218,47,0.385,Cardiology,2025-04-14,10,2025-04-24,15670.79,2,Home
A004935,P01218,47,0.385,Orthopedics,2025-04-28,2,2025-04-30,2542.95,6,Home
A005379,P01218,47,0.385,Cardiology,2026-01-15,7,2026-01-22,13613.91,4,Home Health Care
A005753,P01218,47,0.385,Emergency,2026-02-09,3,2026-02-12,2726.78,6,Home Health Care
A006968,P01218,47,0.385,General Surgery,2026-03-23,20,2026-04-12,34562.24,5,Skilled Nursing Facility
A007276,P01218,47,0.385,Neurology,2026-06-18,4,2026-06-22,5798.72,6,Home
A007600,P01218,47,0.385,ICU,2026-07-15,8,2026-07-23,21291.59,3,Home Health Care
A008401,P01218,47,0.385,Neurology,2026-07-30,9,2026-08-08,12405.22,7,Home
A000373,P01219,76,0.166,Orthopedics,2025-01-17,7,2025-01-24,10606.78,7,Home
A002553,P01220,76,0.294,Emergency,2024-11-21,6,2024-11-27,5001.68,3,Home
A002798,P01220,76,0.294,Emergency,2025-05-30,1,2025-05-31,912.57,5,Skilled Nursing Facility
A002909,P01220,76,0.294,Emergency,2025-09-05,1,2025-09-06,786.67,7,Home
A003006,P01220,76,0.294,Emergency,2026-03-13,1,2026-03-14,843.97,4,Skilled Nursing Facility
A004417,P01220,76,0.294,Emergency,2026-03-28,11,2026-04-08,10661.96,10,Home
A000218,P01221,62,0.439,Emergency,2025-01-07,7,2025-01-14,5926.71,9,Home
A002302,P01221,62,0.439,ICU,2025-02-13,12,2025-02-25,37258.02,12,Home
A003005,P01221,62,0.439,ICU,2026-06-16,2,2026-06-18,4311.01,5,Home
A004778,P01221,62,0.439,Emergency,2026-06-20,2,2026-06-22,2177.37,6,Home Health Care
A007239,P01221,62,0.439,Orthopedics,2026-08-27,9,2026-09-05,13439.02,7,Home
A000033,P01222,70,0.355,Neurology,2024-12-19,1,2024-12-20,1714.48,5,Home Health Care
A000328,P01222,70,0.355,General Surgery,2025-01-26,10,2025-02-05,13454.77,4,Home Health Care
A000695,P01222,70,0.355,Neurology,2025-06-10,14,2025-06-24,22723.09,5,Against Medical Advice
A001499,P01222,70,0.355,Emergency,2025-07-14,5,2025-07-19,5130.36,5,Home Health Care
A003266,P01222,70,0.355,General Surgery,2025-08-07,2,2025-08-09,2634.68,5,Home Health Care
A003640,P01222,70,0.355,Neurology,2026-03-10,8,2026-03-18,11628.62,1,Against Medical Advice
A004666,P01222,70,0.355,Orthopedics,2026-06-04,1,2026-06-05,1345.0,6,Home
A006620,P01222,70,0.355,Emergency,2026-07-22,1,2026-07-23,928.75,3,Home
A002487,P01223,71,0.609,Emergency,2025-01-18,6,2025-01-24,6631.28,3,Home
A002899,P01223,71,0.609,Orthopedics,2025-01-29,4,2025-02-02,5858.2,2,Home
A002905,P01223,71,0.609,ICU,2025-06-23,22,2025-07-15,64687.91,2,Home
A004681,P01223,71,0.609,Neurology,2025-07-20,4,2025-07-24,6456.1,8,Home
A004890,P01223,71,0.609,Neurology,2025-08-14,3,2025-08-17,4348.38,11,Home
A005246,P01223,71,0.609,Cardiology,2026-09-10,2,2026-09-12,3557.69,7,Home Health Care
A001253,P01224,34,0.386,Orthopedics,2025-01-04,1,2025-01-05,1264.12,3,Home Health Care
A004451,P01224,34,0.386,Neurology,2025-02-07,20,2025-02-27,29511.61,5,Home
A004531,P01224,34,0.386,Emergency,2025-03-03,8,2025-03-11,8911.93,4,Skilled Nursing Facility
A005676,P01224,34,0.386,ICU,2025-04-05,3,2025-04-08,6417.46,7,Home
A005735,P01224,34,0.386,Emergency,2025-06-10,9,2025-06-19,7814.53,14,Home Health Care
A007838,P01224,34,0.386,Neurology,2025-06-20,3,2025-06-23,4260.76,2,Home Health Care
A009019,P01224,34,0.386,Cardiology,2025-10-30,1,2025-10-31,2068.88,3,Home
A009187,P01224,34,0.386,Emergency,2026-04-17,1,2026-04-18,1108.91,6,Against Medical Advice
A009633,P01224,34,0.386,General Surgery,2026-06-17,6,2026-06-23,10170.34,5,Home Health Care
A001565,P01225,60,0.153,Cardiology,2025-01-08,3,2025-01-11,6436.12,2,Home
A002748,P01225,60,0.153,Orthopedics,2025-03-10,10,2025-03-20,11756.2,7,Skilled Nursing Facility
A003087,P01225,60,0.153,Emergency,2025-03-23,2,2025-03-25,1966.78,2,Against Medical Advice
A003203,P01225,60,0.153,Cardiology,2025-04-15,1,2025-04-16,1720.44,1,Home
A004348,P01225,60,0.153,ICU,2025-06-10,1,2025-06-11,2377.57,4,Home
A004399,P01225,60,0.153,ICU,2025-09-25,4,2025-09-29,9392.73,2,Home
A007130,P01225,60,0.153,Emergency,2026-07-29,4,2026-08-02,3374.3,3,Home Health Care
A007754,P01225,60,0.153,Neurology,2026-09-02,6,2026-09-08,7227.83,5,Skilled Nursing Facility
A004823,P01226,47,0.084,Emergency,2024-10-18,3,2024-10-21,2588.58,2,Skilled Nursing Facility
A004866,P01226,47,0.084,ICU,2025-01-20,3,2025-01-23,7209.4,7,Home
A004963,P01226,47,0.084,Emergency,2025-04-24,2,2025-04-26,1788.64,5,Home Health Care
A005473,P01226,47,0.084,Emergency,2025-05-11,1,2025-05-12,1072.32,5,Home
A005859,P01226,47,0.084,Emergency,2025-05-16,7,2025-05-23,7297.66,1,Home
A006704,P01226,47,0.084,Neurology,2025-07-23,1,2025-07-24,1543.23,4,Home Health Care
A007251,P01226,47,0.084,Emergency,2025-08-07,2,2025-08-09,1886.54,5,Skilled Nursing Facility
A007495,P01226,47,0.084,Emergency,2025-08-21,1,2025-08-22,1055.96,6,Home
A007503,P01226,47,0.084,Neurology,2025-09-30,9,2025-10-09,13065.38,1,Against Medical Advice
A008278,P01226,47,0.084,General Surgery,2025-11-18,6,2025-11-24,10717.8,5,Home
A008346,P01226,47,0.084,Emergency,2025-12-22,1,2025-12-23,1057.82,3,Home
A008999,P01226,47,0.084,Emergency,2026-03-02,5,2026-03-07,4215.15,7,Home
A001528,P01227,83,0.491,Orthopedics,2024-12-13,6,2024-12-19,7979.35,7,Skilled Nursing Facility
A002410,P01227,83,0.491,Neurology,2024-12-31,4,2025-01-04,5480.41,8,Home
A004901,P01227,83,0.491,Neurology,2025-01-20,1,2025-01-21,1440.63,2,Skilled Nursing Facility
A005538,P01227,83,0.491,ICU,2025-02-15,12,2025-02-27,33488.23,6,Skilled Nursing Facility
A006253,P01227,83,0.491,General Surgery,2025-03-12,1,2025-03-13,1614.83,7,Home
A006514,P01227,83,0.491,Emergency,2025-05-07,1,2025-05-08,1083.46,10,Home
A006543,P01227,83,0.491,Emergency,2025-08-12,4,2025-08-16,4106.03,6,Home Health Care
A006990,P01227,83,0.491,Emergency,2025-09-28,8,2025-10-06,7128.61,6,Home
A009010,P01227,83,0.491,Neurology,2026-01-08,2,2026-01-10,3368.29,6,Home
A009204,P01227,83,0.491,Emergency,2026-03-02,3,2026-03-05,2378.67,10,Home
A000881,P01228,88,0.405,ICU,2025-01-11,7,2025-01-18,19293.22,5,Skilled Nursing Facility
A001826,P01228,88,0.405,ICU,2025-03-13,7,2025-03-20,17630.27,6,Home Health Care
A002744,P01228,88,0.405,ICU,2025-04-29,1,2025-04-30,2788.01,4,Home Health Care
A005079,P01228,88,0.405,Orthopedics,2025-06-06,1,2025-06-07,1488.01,8,Skilled Nursing Facility
A005871,P01228,88,0.405,Emergency,2025-06-16,3,2025-06-19,2577.35,5,Home
A006180,P01228,88,0.405,General Surgery,2025-08-07,1,2025-08-08,1529.55,4,Home Health Care
A007013,P01228,88,0.405,Orthopedics,2025-11-27,2,2025-11-29,2716.45,11,Home Health Care
A007054,P01228,88,0.405,Emergency,2026-07-15,3,2026-07-18,2492.61,3,Home
A008271,P01228,88,0.405,Emergency,2026-08-12,20,2026-09-01,19416.46,6,Home
A002581,P01229,51,0.201,Neurology,2024-12-13,4,2024-12-17,6349.41,2,Skilled Nursing Facility
A006298,P01229,51,0.201,Emergency,2025-03-26,1,2025-03-27,1008.03,2,Home
A008144,P01229,51,0.201,Neurology,2025-04-16,2,2025-04-18,2718.74,4,Home
A008378,P01229,51,0.201,Neurology,2025-07-28,2,2025-07-30,2661.19,4,Home
A008860,P01229,51,0.201,Orthopedics,2026-01-05,1,2026-01-06,1135.52,7,Home
A009017,P01229,51,0.201,ICU,2026-03-14,4,2026-03-18,10999.8,1,Skilled Nursing Facility
A009145,P01229,51,0.201,ICU,2026-07-09,7,2026-07-16,15258.43,2,Home
A001274,P01230,59,0.078,Neurology,2024-11-28,3,2024-12-01,3966.08,2,Home
A001421,P01230,59,0.078,Emergency,2025-07-15,10,2025-07-25,8412.72,2,Home Health Care
A002027,P01230,59,0.078,Emergency,2025-10-01,6,2025-10-07,5563.91,2,Skilled Nursing Facility
A003496,P01230,59,0.078,Emergency,2025-11-17,3,2025-11-20,2415.74,4,Skilled Nursing Facility
A004406,P01230,59,0.078,General Surgery,2025-12-29,1,2025-12-30,1594.4,5,Home
A003938,P01231,48,0.078,Emergency,2024-12-28,2,2024-12-30,2192.26,6,Home
A008677,P01231,48,0.078,Neurology,2025-06-12,4,2025-06-16,5886.21,3,Home Health Care
A009038,P01231,48,0.078,Orthopedics,2025-06-17,1,2025-06-18,1114.9,1,Against Medical Advice
A009144,P01231,48,0.078,Orthopedics,2025-07-21,3,2025-07-24,4278.11,4,Home
A009584,P01231,48,0.078,Neurology,2025-11-24,3,2025-11-27,3574.1,1,Home
A009640,P01231,48,0.078,Cardiology,2026-03-04,2,2026-03-06,3486.2,4,Home
A009661,P01231,48,0.078,ICU,2026-08-08,2,2026-08-10,4862.99,3,Skilled Nursing Facility
A003694,P01232,59,0.117,Orthopedics,2024-11-02,10,2024-11-12,14198.94,7,Home
A006950,P01232,59,0.117,Orthopedics,2025-10-19,1,2025-10-20,1355.84,4,Home Health Care
A007977,P01232,59,0.117,Emergency,2026-06-09,2,2026-06-11,2219.65,6,Against Medical Advice
A008013,P01232,59,0.117,Emergency,2026-07-23,9,2026-08-01,9529.09,4,Home Health Care
A008065,P01232,59,0.117,Neurology,2026-08-20,1,2026-08-21,1327.28,3,Home
A008260,P01232,59,0.117,Orthopedics,2026-09-04,2,2026-09-06,3166.16,1,Against Medical Advice
A001032,P01233,51,0.369,Neurology,2025-01-23,15,2025-02-07,20196.59,5,Home Health Care
A001491,P01233,51,0.369,Emergency,2025-03-15,6,2025-03-21,6100.36,4,Home Health Care
A003304,P01233,51,0.369,General Surgery,2025-09-07,1,2025-09-08,1642.27,4,Home
A003661,P01233,51,0.369,Orthopedics,2025-11-22,8,2025-11-30,9582.29,3,Home Health Care
A004158,P01233,51,0.369,ICU,2026-05-05,6,2026-05-11,18651.25,3,Skilled Nursing Facility
A006194,P01233,51,0.369,ICU,2026-06-05,5,2026-06-10,12935.72,3,Home
A000483,P01234,66,0.282,Orthopedics,2024-10-11,2,2024-10-13,2835.43,7,Home Health Care
A000718,P01234,66,0.282,General Surgery,2025-09-12,5,2025-09-17,6948.88,5,Home
A003880,P01235,59,0.11,Emergency,2024-10-17,1,2024-10-18,878.91,3,Home
A004069,P01235,59,0.11,Emergency,2024-12-17,5,2024-12-22,4910.16,3,Home
A004216,P01235,59,0.11,General Surgery,2025-01-29,1,2025-01-30,1706.13,3,Home
A005019,P01235,59,0.11,ICU,2025-05-24,6,2025-05-30,14166.98,5,Home Health Care
A005108,P01235,59,0.11,ICU,2025-11-27,1,2025-11-28,2839.83,6,Home Health Care
A005116,P01235,59,0.11,General Surgery,2026-02-01,6,2026-02-07,8961.16,0,Home
A005176,P01235,59,0.11,Neurology,2026-04-16,5,2026-04-21,6178.01,6,Home
A007639,P01235,59,0.11,Emergency,2026-08-14,1,2026-08-15,1084.43,5,Home
A008190,P01235,59,0.11,General Surgery,2026-09-11,2,2026-09-13,2755.98,0,Home
A001447,P01236,49,0.19,ICU,2024-10-15,4,2024-10-19,10929.93,3,Skilled Nursing Facility
A001969,P01236,49,0.19,Orthopedics,2024-10-21,1,2024-10-22,1547.62,2,Home
A002093,P01236,49,0.19,Cardiology,2025-05-30,5,2025-06-04,10190.76,3,Skilled Nursing Facility
A003950,P01236,49,0.19,General Surgery,2025-08-12,3,2025-08-15,4780.92,5,Home
A004830,P01236,49,0.19,Neurology,2026-04-03,1,2026-04-04,1377.0,4,Home
A006428,P01236,49,0.19,Emergency,2026-05-15,1,2026-05-16,1023.45,0,Home
A007935,P01236,49,0.19,ICU,2026-06-03,1,2026-06-04,2174.73,5,Home
A001212,P01237,38,0.238,Neurology,2024-10-17,1,2024-10-18,1476.28,6,Home
A003172,P01237,38,0.238,General Surgery,2025-09-02,5,2025-09-07,8741.38,6,Home Health Care
A003645,P01237,38,0.238,General Surgery,2025-09-16,1,2025-09-17,1796.89,4,Skilled Nursing Facility
A003710,P01237,38,0.238,Emergency,2025-10-18,8,2025-10-26,6999.65,2,Skilled Nursing Facility
A005228,P01237,38,0.238,Cardiology,2025-10-28,14,2025-11-11,26885.89,4,Home
A005414,P01237,38,0.238,ICU,2026-03-11,2,2026-03-13,5519.31,6,Home
A006403,P01237,38,0.238,Emergency,2026-05-02,1,2026-05-03,805.96,4,Home
A003073,P01238,47,0.142,ICU,2025-01-12,4,2025-01-16,12424.83,1,Skilled Nursing Facility
A005976,P01238,47,0.142,Emergency,2025-01-24,1,2025-01-25,1085.7,7,Home
A008249,P01238,47,0.142,ICU,2025-05-27,9,2025-06-05,20203.09,4,Home Health Care
A009139,P01238,47,0.142,Orthopedics,2025-07-22,2,2025-07-24,2631.86,2,Home Health Care
A009222,P01238,47,0.142,Orthopedics,2026-01-23,2,2026-01-25,2449.73,3,Home Health Care
A009270,P01238,47,0.142,ICU,2026-03-03,2,2026-03-05,4789.56,3,Home
A009292,P01238,47,0.142,General Surgery,2026-04-21,2,2026-04-23,3349.73,4,Home
A001529,P01239,93,0.431,Orthopedics,2024-10-18,4,2024-10-22,6458.59,6,Home Health Care
A006517,P01239,93,0.431,General Surgery,2025-06-05,2,2025-06-07,2792.83,8,Home
A007265,P01239,93,0.431,Emergency,2025-06-25,2,2025-06-27,2129.66,6,Home
A008032,P01239,93,0.431,Cardiology,2025-11-04,1,2025-11-05,1788.82,5,Home
A008827,P01239,93,0.431,Orthopedics,2026-03-12,8,2026-03-20,10391.45,9,Home
A003618,P01240,26,0.274,Neurology,2024-12-28,3,2024-12-31,3645.44,7,Home Health Care
A004335,P01240,26,0.274,Neurology,2025-01-19,9,2025-01-28,12755.4,3,Home
A008417,P01240,26,0.274,Cardiology,2025-04-02,9,2025-04-11,19634.2,4,Home
A008752,P01240,26,0.274,Orthopedics,2026-01-15,1,2026-01-16,1229.4,2,Home
A009201,P01240,26,0.274,ICU,2026-06-22,2,2026-06-24,4587.92,4,Home Health Care
A009458,P01240,26,0.274,Emergency,2026-07-07,2,2026-07-09,1907.14,2,Home
A000215,P01241,71,0.365,General Surgery,2024-10-27,2,2024-10-29,2784.21,5,Home Health Care
A001345,P01241,71,0.365,Orthopedics,2025-06-04,1,2025-06-05,1486.85,8,Home
A002025,P01241,71,0.365,Emergency,2025-06-16,9,2025-06-25,8564.23,11,Against Medical Advice
A003424,P01241,71,0.365,Emergency,2025-07-17,4,2025-07-21,3602.54,4,Home
A004562,P01241,71,0.365,Emergency,2025-12-13,1,2025-12-14,978.19,1,Home
A006258,P01241,71,0.365,Cardiology,2026-01-22,6,2026-01-28,10548.8,2,Home
A000999,P01242,57,0.151,Neurology,2025-02-13,1,2025-02-14,1255.1,4,Home
A002844,P01242,57,0.151,Emergency,2025-06-03,2,2025-06-05,2094.31,2,Home
A004459,P01242,57,0.151,Emergency,2026-02-01,11,2026-02-12,10152.59,4,Home
A007209,P01242,57,0.151,Neurology,2026-08-28,12,2026-09-09,16749.39,3,Home Health Care
A000973,P01243,64,0.387,ICU,2024-10-09,6,2024-10-15,17504.11,6,Skilled Nursing Facility
A001933,P01243,64,0.387,Cardiology,2025-01-10,5,2025-01-15,7995.06,6,Home
A004261,P01243,64,0.387,Neurology,2025-05-15,7,2025-05-22,8362.26,2,Home
A007224,P01243,64,0.387,General Surgery,2025-07-04,3,2025-07-07,4480.65,8,Home
A007701,P01243,64,0.387,General Surgery,2025-07-12,2,2025-07-14,2827.39,6,Home
A000069,P01244,48,0.648,Emergency,2025-02-14,10,2025-02-24,8677.46,8,Home
A002981,P01244,48,0.648,General Surgery,2025-07-02,10,2025-07-12,13495.92,8,Home Health Care
A005144,P01244,48,0.648,ICU,2025-10-21,2,2025-10-23,4817.78,13,Home Health Care
A005609,P01244,48,0.648,Cardiology,2025-12-09,5,2025-12-14,8725.32,12,Home
A005980,P01244,48,0.648,Emergency,2026-06-25,23,2026-07-18,24997.0,5,Home
A007032,P01244,48,0.648,Emergency,2026-09-18,8,2026-09-26,8617.11,2,Home
A002689,P01245,62,0.311,Orthopedics,2025-02-14,4,2025-02-18,5057.81,2,Home
A005885,P01245,62,0.311,ICU,2025-04-21,8,2025-04-29,19199.44,2,Home
A006257,P01245,62,0.311,ICU,2025-06-09,1,2025-06-10,2285.08,8,Home
A007279,P01245,62,0.311,Emergency,2026-08-22,2,2026-08-24,1804.83,4,Skilled Nursing Facility
A002159,P01246,61,0.078,Orthopedics,2024-12-17,1,2024-12-18,1253.65,3,Home
A002624,P01246,61,0.078,ICU,2024-12-28,7,2025-01-04,19464.2,4,Home
A004669,P01246,61,0.078,Orthopedics,2025-08-21,1,2025-08-22,1461.09,6,Home
A006242,P01246,61,0.078,Neurology,2025-10-02,8,2025-10-10,11537.65,4,Home
A006532,P01246,61,0.078,Emergency,2025-11-30,1,2025-12-01,1071.26,4,Home
A006533,P01246,61,0.078,Neurology,2026-09-11,3,2026-09-14,3825.77,5,Skilled Nursing Facility
A000843,P01247,61,0.47,Emergency,2024-10-25,2,2024-10-27,2026.28,5,Home
A003528,P01247,61,0.47,General Surgery,2025-02-27,1,2025-02-28,1452.53,3,Home Health Care
A004802,P01247,61,0.47,Cardiology,2025-03-03,3,2025-03-06,5249.0,3,Home Health Care
A006042,P01247,61,0.47,Orthopedics,2025-04-03,2,2025-04-05,3011.18,7,Home Health Care
A006477,P01247,61,0.47,ICU,2025-04-22,7,2025-04-29,18808.26,3,Home
A006743,P01247,61,0.47,Emergency,2026-01-08,3,2026-01-11,3056.32,3,Home
A006801,P01247,61,0.47,Emergency,2026-04-19,6,2026-04-25,5039.17,6,Home
A001288,P01248,66,0.479,General Surgery,2025-01-07,3,2025-01-10,4315.06,6,Home
A002441,P01248,66,0.479,Neurology,2025-01-29,2,2025-01-31,2398.9,3,Home
A005184,P01248,66,0.479,Cardiology,2025-07-20,14,2025-08-03,21907.7,8,Skilled Nursing Facility
A008801,P01248,66,0.479,ICU,2025-08-28,3,2025-08-31,7315.15,2,Home
A009111,P01248,66,0.479,Neurology,2025-10-26,7,2025-11-02,8456.83,5,Home Health Care
A009158,P01248,66,0.479,General Surgery,2025-12-18,8,2025-12-26,13025.17,5,Home
A009329,P01248,66,0.479,ICU,2026-03-05,1,2026-03-06,2769.19,7,Home
A009374,P01248,66,0.479,ICU,2026-04-11,12,2026-04-23,35939.77,2,Home Health Care
A009495,P01248,66,0.479,General Surgery,2026-05-29,11,2026-06-09,20583.15,2,Skilled Nursing Facility
A009577,P01248,66,0.479,Emergency,2026-07-02,1,2026-07-03,1095.73,4,Home
A009594,P01248,66,0.479,Cardiology,2026-08-11,1,2026-08-12,2211.0,8,Skilled Nursing Facility
A001704,P01249,62,0.177,Orthopedics,2024-12-23,1,2024-12-24,1378.45,6,Skilled Nursing Facility
A003931,P01249,62,0.177,Cardiology,2025-01-14,4,2025-01-18,8542.01,3,Home Health Care
A004475,P01249,62,0.177,Orthopedics,2025-04-18,11,2025-04-29,17342.84,5,Home Health Care
A005154,P01249,62,0.177,Neurology,2025-05-18,2,2025-05-20,2611.57,3,Home Health Care
A005422,P01249,62,0.177,ICU,2025-06-22,1,2025-06-23,2844.71,1,Home
A006485,P01249,62,0.177,General Surgery,2025-08-21,5,2025-08-26,9026.82,4,Skilled Nursing Facility
A006629,P01249,62,0.177,Emergency,2025-09-26,9,2025-10-05,7039.19,3,Skilled Nursing Facility
A008743,P01249,62,0.177,Emergency,2025-10-13,4,2025-10-17,3404.2,3,Home
A008832,P01249,62,0.177,Cardiology,2026-02-15,8,2026-02-23,12797.5,3,Home
A009263,P01249,62,0.177,Emergency,2026-03-14,5,2026-03-19,4764.83,6,Home
A009291,P01249,62,0.177,ICU,2026-07-15,5,2026-07-20,15604.15,5,Home Health Care
A002623,P01250,56,0.586,Emergency,2025-01-10,5,2025-01-15,4461.03,7,Home
A003848,P01250,56,0.586,Cardiology,2025-03-28,12,2025-04-09,21161.93,8,Home
A004650,P01250,56,0.586,General Surgery,2025-07-24,3,2025-07-27,4018.51,1,Against Medical Advice
A006028,P01250,56,0.586,Orthopedics,2025-08-23,4,2025-08-27,5187.73,9,Home
A006961,P01250,56,0.586,Emergency,2026-07-07,1,2026-07-08,847.62,8,Home
A006997,P01250,56,0.586,Cardiology,2026-09-11,5,2026-09-16,10470.16,6,Home Health Care
A003038,P01251,27,0.295,Emergency,2024-10-07,5,2024-10-12,5536.13,3,Home
A005054,P01251,27,0.295,ICU,2025-01-16,12,2025-01-28,25595.2,6,Home
A005266,P01251,27,0.295,ICU,2025-03-02,4,2025-03-06,10388.36,5,Home
A005904,P01251,27,0.295,General Surgery,2025-11-11,4,2025-11-15,5245.46,5,Skilled Nursing Facility
A006703,P01251,27,0.295,ICU,2026-02-20,1,2026-02-21,2437.34,9,Skilled Nursing Facility
A008400,P01251,27,0.295,Emergency,2026-03-19,1,2026-03-20,844.31,7,Home
A008673,P01251,27,0.295,Emergency,2026-05-17,5,2026-05-22,4589.12,5,Home
A008775,P01251,27,0.295,Emergency,2026-08-13,5,2026-08-18,4945.23,7,Home
A000159,P01252,100,0.197,Emergency,2024-12-06,5,2024-12-11,5247.73,3,Skilled Nursing Facility
A002009,P01252,100,0.197,Emergency,2025-04-22,6,2025-04-28,4608.37,4,Home
A002185,P01252,100,0.197,General Surgery,2026-06-12,5,2026-06-17,7224.55,2,Skilled Nursing Facility
A002238,P01253,70,0.427,Emergency,2024-12-12,2,2024-12-14,1999.58,7,Home Health Care
A003800,P01253,70,0.427,Emergency,2025-03-20,2,2025-03-22,1544.46,9,Skilled Nursing Facility
A003861,P01253,70,0.427,Neurology,2025-09-03,3,2025-09-06,3970.8,6,Skilled Nursing Facility
A004319,P01253,70,0.427,General Surgery,2025-10-23,3,2025-10-26,3876.89,3,Home
A004676,P01253,70,0.427,Orthopedics,2025-10-27,2,2025-10-29,2603.77,13,Home
A005083,P01253,70,0.427,Emergency,2026-03-12,5,2026-03-17,4636.03,5,Home
A006296,P01253,70,0.427,Emergency,2026-04-09,2,2026-04-11,2205.51,6,Home Health Care
A007111,P01253,70,0.427,Neurology,2026-09-03,7,2026-09-10,9299.59,5,Home
A002036,P01254,100,0.207,Emergency,2024-12-23,1,2024-12-24,810.65,5,Home Health Care
A002417,P01254,100,0.207,Emergency,2025-04-21,12,2025-05-03,10510.61,9,Home
A002810,P01254,100,0.207,Emergency,2025-11-06,4,2025-11-10,4282.38,0,Home
A003786,P01254,100,0.207,General Surgery,2026-09-06,5,2026-09-11,7189.25,2,Home
A004121,P01255,70,0.39,Emergency,2024-10-20,4,2024-10-24,4192.59,5,Home Health Care
A005119,P01255,70,0.39,Emergency,2024-12-07,19,2024-12-26,14641.11,6,Skilled Nursing Facility
A005225,P01255,70,0.39,Emergency,2025-08-15,3,2025-08-18,2833.62,4,Home Health Care
A005489,P01255,70,0.39,Cardiology,2026-02-16,11,2026-02-27,24165.6,4,Home
A005523,P01255,70,0.39,Orthopedics,2026-05-27,6,2026-06-02,9472.17,8,Skilled Nursing Facility
A006746,P01255,70,0.39,ICU,2026-06-21,3,2026-06-24,6778.05,1,Skilled Nursing Facility
A002681,P01256,14,0.383,Emergency,2025-01-31,9,2025-02-09,8980.82,4,Home
A005662,P01256,14,0.383,Emergency,2025-08-22,23,2025-09-14,23169.71,5,Home
A007063,P01256,14,0.383,Orthopedics,2025-11-18,2,2025-11-20,2616.65,2,Home Health Care
A007945,P01256,14,0.383,Neurology,2025-11-21,14,2025-12-05,18094.14,6,Home Health Care
A009003,P01256,14,0.383,Orthopedics,2026-01-27,7,2026-02-03,8516.65,3,Against Medical Advice
A009115,P01256,14,0.383,Orthopedics,2026-03-01,3,2026-03-04,3640.95,5,Home
A009312,P01256,14,0.383,Neurology,2026-03-16,3,2026-03-19,4406.58,4,Home Health Care
A009325,P01256,14,0.383,Emergency,2026-09-06,2,2026-09-08,1554.71,5,Home
A002005,P01257,42,0.245,Cardiology,2024-11-17,1,2024-11-18,2018.09,3,Home Health Care
A003366,P01257,42,0.245,General Surgery,2025-03-31,5,2025-04-05,6416.65,6,Skilled Nursing Facility
A005474,P01257,42,0.245,Orthopedics,2025-05-03,1,2025-05-04,1489.95,3,Against Medical Advice
A006580,P01257,42,0.245,Neurology,2025-06-18,8,2025-06-26,12883.18,7,Home
A007563,P01257,42,0.245,Emergency,2025-07-14,1,2025-07-15,1121.89,8,Home
A008366,P01257,42,0.245,Emergency,2025-08-01,2,2025-08-03,2175.52,7,Home
A009425,P01257,42,0.245,Neurology,2025-11-28,7,2025-12-05,9446.65,2,Home
A009430,P01257,42,0.245,Cardiology,2026-03-20,1,2026-03-21,2188.25,3,Skilled Nursing Facility
A009451,P01257,42,0.245,Emergency,2026-06-30,2,2026-07-02,1765.43,8,Home
A009482,P01257,42,0.245,ICU,2026-08-20,8,2026-08-28,22822.44,5,Home
A009544,P01257,42,0.245,General Surgery,2026-09-13,22,2026-10-05,30695.51,5,Home Health Care
A000615,P01258,47,0.145,Cardiology,2024-11-02,1,2024-11-03,2110.47,5,Home
A001885,P01258,47,0.145,ICU,2025-06-07,12,2025-06-19,32575.97,4,Home Health Care
A002405,P01258,47,0.145,General Surgery,2025-08-21,4,2025-08-25,5317.09,6,Home Health Care
A003683,P01258,47,0.145,Emergency,2025-08-30,8,2025-09-07,6243.52,2,Home
A003801,P01258,47,0.145,Cardiology,2026-02-07,8,2026-02-15,17731.63,3,Home Health Care
A005846,P01258,47,0.145,ICU,2026-03-07,8,2026-03-15,19685.16,4,Home
A006834,P01258,47,0.145,Emergency,2026-09-22,5,2026-09-27,4142.11,1,Home
A000213,P01259,63,0.084,Cardiology,2025-01-25,1,2025-01-26,1704.47,5,Against Medical Advice
A001369,P01259,63,0.084,Cardiology,2025-02-22,1,2025-02-23,1689.87,4,Home
A002584,P01259,63,0.084,Emergency,2026-01-06,1,2026-01-07,927.99,6,Home
A003103,P01259,63,0.084,ICU,2026-02-06,10,2026-02-16,29803.83,2,Home
A004628,P01259,63,0.084,Emergency,2026-06-13,4,2026-06-17,3639.63,2,Home
A001483,P01260,23,0.408,ICU,2024-11-20,6,2024-11-26,16951.71,7,Home
A004719,P01260,23,0.408,Emergency,2024-12-06,5,2024-12-11,4872.38,3,Skilled Nursing Facility
A007997,P01260,23,0.408,Emergency,2024-12-24,1,2024-12-25,1056.7,4,Home Health Care
A008350,P01260,23,0.408,General Surgery,2024-12-26,6,2025-01-01,10086.89,3,Skilled Nursing Facility
A009262,P01260,23,0.408,Emergency,2025-02-18,9,2025-02-27,8464.24,10,Home
A009337,P01260,23,0.408,ICU,2025-05-07,2,2025-05-09,4616.18,4,Home
A009376,P01260,23,0.408,Orthopedics,2025-05-25,1,2025-05-26,1165.71,7,Home
A009386,P01260,23,0.408,Emergency,2025-09-12,3,2025-09-15,3235.04,6,Skilled Nursing Facility
A009420,P01260,23,0.408,ICU,2025-11-26,8,2025-12-04,18861.23,4,Home Health Care
A009443,P01260,23,0.408,Neurology,2026-02-20,3,2026-02-23,3696.71,3,Skilled Nursing Facility
A009500,P01260,23,0.408,General Surgery,2026-04-04,1,2026-04-05,1766.2,4,Home
A003335,P01261,38,0.462,General Surgery,2024-10-21,5,2024-10-26,6394.6,8,Home Health Care
A004704,P01261,38,0.462,Emergency,2025-01-18,1,2025-01-19,992.37,6,Home
A005258,P01261,38,0.462,Emergency,2025-07-02,4,2025-07-06,3686.88,5,Skilled Nursing Facility
A005763,P01261,38,0.462,ICU,2025-08-11,12,2025-08-23,30503.52,5,Home
A007857,P01261,38,0.462,Cardiology,2026-02-12,15,2026-02-27,29708.87,6,Home
A008787,P01261,38,0.462,Cardiology,2026-03-26,2,2026-03-28,3922.5,10,Home Health Care
A001300,P01262,70,0.386,Orthopedics,2024-12-22,3,2024-12-25,4039.19,7,Home Health Care
A002339,P01262,70,0.386,Neurology,2025-02-05,6,2025-02-11,7520.41,7,Home
A002898,P01262,70,0.386,Cardiology,2026-01-06,3,2026-01-09,5681.01,5,Home Health Care
A002983,P01262,70,0.386,Emergency,2026-03-18,1,2026-03-19,903.49,7,Skilled Nursing Facility
A003414,P01262,70,0.386,Emergency,2026-03-28,2,2026-03-30,1631.08,3,Home
A003508,P01262,70,0.386,Emergency,2026-05-30,1,2026-05-31,870.24,9,Home
A003723,P01262,70,0.386,Neurology,2026-06-10,7,2026-06-17,9513.54,4,Home
A000958,P01263,65,0.35,Emergency,2025-02-13,3,2025-02-16,2438.1,3,Home Health Care
A001138,P01263,65,0.35,Emergency,2025-05-08,1,2025-05-09,908.11,13,Home Health Care
A001301,P01263,65,0.35,Cardiology,2025-05-25,9,2025-06-03,13946.82,5,Home
A001334,P01263,65,0.35,Emergency,2026-03-25,4,2026-03-29,3649.51,4,Home
A001577,P01263,65,0.35,Cardiology,2026-04-18,7,2026-04-25,15335.85,4,Home
A002522,P01263,65,0.35,ICU,2026-04-27,3,2026-04-30,9259.74,7,Home
A004091,P01263,65,0.35,ICU,2026-07-01,9,2026-07-10,22100.88,3,Home
A001064,P01264,33,0.075,ICU,2024-12-27,9,2025-01-05,20733.48,3,Skilled Nursing Facility
A002313,P01264,33,0.075,Emergency,2025-02-09,1,2025-02-10,913.04,3,Against Medical Advice
A003064,P01264,33,0.075,General Surgery,2025-05-10,7,2025-05-17,9207.44,2,Home
A003083,P01264,33,0.075,Neurology,2025-10-18,1,2025-10-19,1667.22,3,Home
A000002,P01265,53,0.329,ICU,2024-10-23,1,2024-10-24,2857.45,5,Home
A000499,P01265,53,0.329,Cardiology,2024-10-28,4,2024-11-01,8495.82,7,Home
A001322,P01265,53,0.329,Emergency,2024-11-30,3,2024-12-03,2772.94,3,Home Health Care
A002147,P01265,53,0.329,General Surgery,2026-01-24,1,2026-01-25,1313.13,6,Home
A002763,P01265,53,0.329,ICU,2026-09-12,12,2026-09-24,29414.39,6,Against Medical Advice
A000882,P01266,47,0.188,Emergency,2024-12-04,7,2024-12-11,5421.24,6,Home
A001033,P01266,47,0.188,Cardiology,2025-03-22,7,2025-03-29,13136.57,4,Home
A001417,P01266,47,0.188,Emergency,2025-11-11,7,2025-11-18,6747.07,6,Home
A001486,P01266,47,0.188,ICU,2026-06-19,1,2026-06-20,2824.18,5,Home
A002489,P01267,61,0.198,Neurology,2025-02-17,1,2025-02-18,1616.28,4,Against Medical Advice
A003331,P01267,61,0.198,Emergency,2025-02-28,1,2025-03-01,1035.95,3,Skilled Nursing Facility
A003728,P01267,61,0.198,Neurology,2025-06-16,5,2025-06-21,6367.62,1,Skilled Nursing Facility
A003863,P01267,61,0.198,General Surgery,2025-07-17,5,2025-07-22,6922.36,7,Against Medical Advice
A004120,P01267,61,0.198,Orthopedics,2025-07-31,1,2025-08-01,1271.11,7,Home
A006444,P01267,61,0.198,Cardiology,2026-02-02,6,2026-02-08,11460.92,6,Home
A006664,P01267,61,0.198,Emergency,2026-08-02,2,2026-08-04,1630.21,2,Home
A000938,P01268,64,0.114,Orthopedics,2024-11-20,6,2024-11-26,7619.32,6,Home Health Care
A002352,P01268,64,0.114,Emergency,2025-07-22,1,2025-07-23,980.3,5,Home
A004039,P01268,64,0.114,Neurology,2026-04-26,2,2026-04-28,2931.74,1,Home Health Care
A004067,P01268,64,0.114,Cardiology,2026-06-23,11,2026-07-04,17686.65,6,Home Health Care
A004578,P01268,64,0.114,Neurology,2026-09-19,6,2026-09-25,8833.54,2,Skilled Nursing Facility
A000929,P01269,89,0.132,Emergency,2025-01-11,1,2025-01-12,928.18,4,Home
A002936,P01269,89,0.132,General Surgery,2025-01-18,2,2025-01-20,2922.58,3,Home
A004055,P01269,89,0.132,Emergency,2025-06-26,1,2025-06-27,808.76,6,Skilled Nursing Facility
A004722,P01269,89,0.132,Orthopedics,2026-03-22,3,2026-03-25,3867.61,1,Home
A008687,P01269,89,0.132,General Surgery,2026-04-10,1,2026-04-11,1609.62,0,Home Health Care
A009137,P01269,89,0.132,ICU,2026-09-07,4,2026-09-11,11614.96,3,Home
A002057,P01270,70,0.145,Emergency,2025-02-14,8,2025-02-22,6845.93,2,Skilled Nursing Facility
A002459,P01270,70,0.145,Neurology,2025-08-09,6,2025-08-15,7641.23,2,Home Health Care
A004320,P01270,70,0.145,Neurology,2025-12-12,1,2025-12-13,1678.64,7,Home Health Care
A005098,P01270,70,0.145,Emergency,2026-03-29,1,2026-03-30,801.14,4,Home Health Care
A001768,P01271,49,0.358,Cardiology,2025-02-13,3,2025-02-16,6567.37,5,Home
A004770,P01271,49,0.358,Neurology,2025-11-04,12,2025-11-16,18914.23,5,Skilled Nursing Facility
A005818,P01271,49,0.358,General Surgery,2025-11-26,3,2025-11-29,3949.75,4,Skilled Nursing Facility
A006846,P01271,49,0.358,Orthopedics,2026-03-02,5,2026-03-07,6381.05,6,Home
A000414,P01272,30,0.294,ICU,2024-09-30,2,2024-10-02,4549.35,4,Home
A000675,P01272,30,0.294,Orthopedics,2025-04-18,1,2025-04-19,1315.69,5,Home Health Care
A000913,P01272,30,0.294,ICU,2025-11-21,11,2025-12-02,27477.25,1,Home Health Care
A001579,P01272,30,0.294,Cardiology,2026-01-16,6,2026-01-22,10599.27,2,Skilled Nursing Facility
A002333,P01272,30,0.294,Orthopedics,2026-02-13,13,2026-02-26,18094.17,6,Home
A002884,P01272,30,0.294,Emergency,2026-04-20,2,2026-04-22,1802.28,4,Home
A005072,P01272,30,0.294,ICU,2026-06-28,2,2026-06-30,6173.79,1,Home Health Care
A005924,P01272,30,0.294,ICU,2026-09-15,1,2026-09-16,3020.97,3,Home Health Care
A000352,P01273,13,0.326,General Surgery,2024-12-01,3,2024-12-04,4254.69,3,Skilled Nursing Facility
A002759,P01273,13,0.326,ICU,2025-01-03,1,2025-01-04,2697.02,6,Home
A003469,P01273,13,0.326,Orthopedics,2025-03-13,4,2025-03-17,6007.05,8,Against Medical Advice
A005340,P01273,13,0.326,Emergency,2025-03-29,2,2025-03-31,1874.19,3,Home Health Care
A008899,P01273,13,0.326,ICU,2025-04-07,8,2025-04-15,18340.82,7,Home
A009242,P01273,13,0.326,Emergency,2026-01-09,1,2026-01-10,886.04,1,Home Health Care
A009457,P01273,13,0.326,General Surgery,2026-06-22,11,2026-07-03,18513.76,4,Home
A001429,P01274,77,0.35,Cardiology,2024-10-01,1,2024-10-02,2247.91,4,Home
A002706,P01274,77,0.35,General Surgery,2025-02-02,6,2025-02-08,9527.38,4,Home Health Care
A003004,P01274,77,0.35,General Surgery,2025-04-14,1,2025-04-15,1739.99,6,Home
A003333,P01274,77,0.35,General Surgery,2025-08-10,10,2025-08-20,14779.4,5,Home Health Care
A000824,P01275,43,0.409,Orthopedics,2024-11-09,11,2024-11-20,14544.92,6,Home Health Care
A001852,P01275,43,0.409,Emergency,2025-07-04,6,2025-07-10,4746.33,7,Skilled Nursing Facility
A002997,P01275,43,0.409,Cardiology,2025-10-12,3,2025-10-15,4926.72,4,Home
A006176,P01275,43,0.409,ICU,2025-10-24,12,2025-11-05,33705.38,6,Home Health Care
A006201,P01275,43,0.409,Cardiology,2026-01-29,2,2026-01-31,4259.44,3,Skilled Nursing Facility
A006639,P01275,43,0.409,General Surgery,2026-03-28,4,2026-04-01,7084.33,5,Home
A007147,P01275,43,0.409,Emergency,2026-06-07,10,2026-06-17,8560.93,7,Home
A007210,P01275,43,0.409,Cardiology,2026-09-02,2,2026-09-04,3484.71,5,Home
A003429,P01276,72,0.056,Cardiology,2024-12-02,4,2024-12-06,7057.27,5,Home
A003594,P01276,72,0.056,Cardiology,2025-02-25,5,2025-03-02,10666.8,3,Home
A003702,P01276,72,0.056,Emergency,2025-08-09,2,2025-08-11,1740.81,2,Home
A004094,P01277,66,0.435,Orthopedics,2024-12-12,14,2024-12-26,16666.75,4,Home
A004384,P01277,66,0.435,General Surgery,2025-04-01,3,2025-04-04,5221.81,5,Skilled Nursing Facility
A004497,P01277,66,0.435,Cardiology,2025-05-02,2,2025-05-04,4099.92,7,Home Health Care
A005635,P01277,66,0.435,Emergency,2025-06-07,6,2025-06-13,5556.14,6,Against Medical Advice
A006412,P01277,66,0.435,ICU,2025-07-24,7,2025-07-31,17682.22,4,Home Health Care
A006766,P01277,66,0.435,General Surgery,2025-09-12,1,2025-09-13,1332.65,7,Home
A006935,P01277,66,0.435,General Surgery,2026-06-02,13,2026-06-15,21682.27,7,Home
A000893,P01278,69,0.199,Cardiology,2024-12-19,3,2024-12-22,6376.09,3,Home
A001185,P01278,69,0.199,Cardiology,2025-02-11,21,2025-03-04,47190.53,5,Home Health Care
A001574,P01278,69,0.199,ICU,2025-04-19,1,2025-04-20,2587.84,2,Home Health Care
A002701,P01278,69,0.199,ICU,2025-07-25,8,2025-08-02,21216.23,6,Home
A002880,P01278,69,0.199,Neurology,2025-08-22,1,2025-08-23,1712.53,3,Home Health Care
A008293,P01278,69,0.199,General Surgery,2025-10-04,8,2025-10-12,10238.68,4,Home
A008937,P01278,69,0.199,Emergency,2026-03-17,11,2026-03-28,10852.59,4,Home
A009366,P01278,69,0.199,Emergency,2026-07-01,1,2026-07-02,804.19,5,Against Medical Advice
A009445,P01278,69,0.199,General Surgery,2026-07-23,3,2026-07-26,4390.31,4,Home Health Care
A009467,P01278,69,0.199,Cardiology,2026-09-14,2,2026-09-16,4061.52,1,Home
A000004,P01279,28,0.398,Emergency,2024-12-22,5,2024-12-27,4735.34,4,Home
A001698,P01279,28,0.398,Emergency,2025-03-06,1,2025-03-07,933.76,7,Home
A002726,P01279,28,0.398,General Surgery,2025-08-17,2,2025-08-19,3514.39,7,Home
A006527,P01279,28,0.398,Emergency,2026-04-07,3,2026-04-10,2469.48,4,Home
A007942,P01279,28,0.398,Emergency,2026-04-16,4,2026-04-20,3816.96,3,Home Health Care
A008824,P01279,28,0.398,Neurology,2026-06-09,1,2026-06-10,1567.36,4,Home
A001258,P01280,59,0.034,Emergency,2024-09-25,2,2024-09-27,1982.61,3,Skilled Nursing Facility
A002629,P01280,59,0.034,General Surgery,2024-10-08,1,2024-10-09,1754.59,6,Home
A003199,P01280,59,0.034,Neurology,2024-11-26,5,2024-12-01,7770.94,2,Home
A003766,P01280,59,0.034,General Surgery,2025-04-19,3,2025-04-22,4937.42,3,Home
A003925,P01280,59,0.034,Emergency,2025-06-20,2,2025-06-22,2127.0,4,Skilled Nursing Facility
A005114,P01280,59,0.034,Cardiology,2025-06-30,1,2025-07-01,1562.5,1,Home Health Care
A006468,P01280,59,0.034,Emergency,2025-09-11,1,2025-09-12,969.31,3,Home
A006763,P01280,59,0.034,Neurology,2026-08-29,2,2026-08-31,2917.52,5,Home
A005047,P01281,81,0.253,General Surgery,2024-11-09,10,2024-11-19,16400.09,4,Home
A005097,P01281,81,0.253,General Surgery,2024-11-22,1,2024-11-23,1850.3,8,Home
A005612,P01281,81,0.253,Cardiology,2025-09-03,9,2025-09-12,15398.96,2,Home Health Care
A005845,P01281,81,0.253,Emergency,2025-11-15,1,2025-11-16,880.57,2,Home
A007566,P01281,81,0.253,Emergency,2026-03-01,9,2026-03-10,8326.75,7,Home
A001438,P01282,58,0.049,Cardiology,2024-10-30,5,2024-11-04,8046.34,8,Home
A002199,P01282,58,0.049,Orthopedics,2025-11-27,2,2025-11-29,3242.88,4,Skilled Nursing Facility
A004777,P01282,58,0.049,Emergency,2025-12-13,4,2025-12-17,4336.32,6,Home
A004965,P01282,58,0.049,Emergency,2026-04-13,4,2026-04-17,4374.62,3,Home
A005067,P01282,58,0.049,Emergency,2026-05-24,5,2026-05-29,5279.41,5,Home
A005159,P01282,58,0.049,Neurology,2026-06-16,1,2026-06-17,1192.85,5,Home
A001143,P01283,70,0.127,Neurology,2025-02-15,3,2025-02-18,4480.89,4,Home
A002855,P01283,70,0.127,ICU,2025-05-31,3,2025-06-03,7921.71,1,Home
A004470,P01283,70,0.127,ICU,2025-06-11,4,2025-06-15,11187.13,2,Home
A004999,P01283,70,0.127,Emergency,2025-10-27,4,2025-10-31,4133.29,5,Home Health Care
A006818,P01283,70,0.127,Emergency,2026-08-04,4,2026-08-08,3260.66,3,Home Health Care
A000257,P01284,60,0.211,Emergency,2025-01-04,4,2025-01-08,3480.9,3,Home
A002010,P01284,60,0.211,General Surgery,2025-04-02,3,2025-04-05,5560.84,4,Home Health Care
A004122,P01284,60,0.211,Emergency,2025-05-17,3,2025-05-20,2629.54,4,Home
A005094,P01284,60,0.211,Neurology,2025-06-14,2,2025-06-16,3185.01,3,Against Medical Advice
A006392,P01284,60,0.211,ICU,2025-09-03,10,2025-09-13,27776.18,4,Home Health Care
A007439,P01284,60,0.211,Emergency,2025-09-16,2,2025-09-18,2096.56,4,Skilled Nursing Facility
A008374,P01284,60,0.211,Cardiology,2025-09-29,2,2025-10-01,4024.4,5,Against Medical Advice
A008804,P01284,60,0.211,Cardiology,2025-10-29,6,2025-11-04,13442.68,4,Home
A001918,P01285,48,0.199,Neurology,2024-10-11,2,2024-10-13,3201.55,5,Home
A003378,P01285,48,0.199,General Surgery,2025-04-08,1,2025-04-09,1844.28,4,Home
A006267,P01285,48,0.199,Cardiology,2025-05-10,5,2025-05-15,9270.79,5,Home
A007601,P01285,48,0.199,Emergency,2025-05-30,4,2025-06-03,3216.87,4,Home Health Care
A008474,P01285,48,0.199,Neurology,2025-07-10,8,2025-07-18,9567.58,5,Home
A008709,P01285,48,0.199,General Surgery,2025-09-09,1,2025-09-10,1410.8,7,Against Medical Advice
A008837,P01285,48,0.199,Cardiology,2026-04-18,6,2026-04-24,9846.44,6,Home Health Care
A000043,P01286,43,0.28,ICU,2024-10-30,8,2024-11-07,17746.3,9,Home
A000457,P01286,43,0.28,Emergency,2025-02-12,1,2025-02-13,899.39,5,Home
A001413,P01286,43,0.28,Neurology,2025-03-29,4,2025-04-02,6092.65,3,Home
A004808,P01286,43,0.28,Emergency,2025-08-10,9,2025-08-19,8860.21,4,Home
A005085,P01286,43,0.28,Emergency,2026-02-02,1,2026-02-03,1089.79,5,Against Medical Advice
A005748,P01286,43,0.28,ICU,2026-02-20,4,2026-02-24,10863.95,5,Home Health Care
A006442,P01286,43,0.28,General Surgery,2026-03-19,6,2026-03-25,10699.55,6,Home
A006469,P01286,43,0.28,Emergency,2026-05-08,3,2026-05-11,2665.15,3,Home Health Care
A006851,P01286,43,0.28,General Surgery,2026-07-26,5,2026-07-31,9282.44,6,Home
A007868,P01286,43,0.28,ICU,2026-08-08,1,2026-08-09,2560.22,3,Home
A001366,P01287,74,0.278,General Surgery,2024-10-01,15,2024-10-16,20702.8,7,Home
A003771,P01287,74,0.278,General Surgery,2025-02-20,4,2025-02-24,6552.44,8,Home
A003899,P01287,74,0.278,Emergency,2025-07-21,5,2025-07-26,4458.58,4,Home
A005002,P01287,74,0.278,General Surgery,2025-12-04,3,2025-12-07,5344.79,2,Home
A006623,P01287,74,0.278,Emergency,2026-03-25,5,2026-03-30,4813.13,5,Home
A001137,P01288,75,0.273,Cardiology,2024-10-17,2,2024-10-19,3699.21,11,Home Health Care
A001170,P01288,75,0.273,ICU,2025-07-11,5,2025-07-16,13128.53,5,Home
A002740,P01288,75,0.273,General Surgery,2025-08-13,12,2025-08-25,16952.17,4,Against Medical Advice
A004879,P01288,75,0.273,Emergency,2025-10-27,2,2025-10-29,2145.3,7,Home Health Care
A004903,P01288,75,0.273,Emergency,2025-11-03,1,2025-11-04,1006.23,6,Home
A004977,P01288,75,0.273,Orthopedics,2026-02-17,5,2026-02-22,8047.96,7,Home Health Care
A005214,P01288,75,0.273,Cardiology,2026-05-23,7,2026-05-30,12527.23,6,Home
A000445,P01289,51,0.404,General Surgery,2025-02-06,1,2025-02-07,1817.25,9,Home
A000749,P01289,51,0.404,Emergency,2025-03-03,2,2025-03-05,2201.24,5,Home
A000948,P01289,51,0.404,ICU,2025-06-16,4,2025-06-20,9602.54,5,Home
A003813,P01289,51,0.404,Emergency,2025-07-10,7,2025-07-17,6615.56,4,Home
A004234,P01289,51,0.404,Emergency,2025-10-29,6,2025-11-04,4948.0,7,Home
A005584,P01289,51,0.404,Orthopedics,2026-09-06,2,2026-09-08,2344.17,6,Skilled Nursing Facility
A006509,P01289,51,0.404,ICU,2026-09-13,7,2026-09-20,19454.7,4,Home
A000662,P01290,87,0.265,ICU,2024-11-18,5,2024-11-23,14736.82,5,Home
A001286,P01290,87,0.265,Emergency,2025-08-05,2,2025-08-07,1885.48,2,Home
A002085,P01290,87,0.265,Orthopedics,2025-09-14,2,2025-09-16,2619.45,4,Home Health Care
A004729,P01290,87,0.265,Emergency,2026-06-02,10,2026-06-12,7966.56,4,Home
A001117,P01291,79,0.51,ICU,2024-12-29,18,2025-01-16,51438.34,8,Home
A001371,P01291,79,0.51,Emergency,2025-04-17,6,2025-04-23,6079.7,9,Home Health Care
A002141,P01291,79,0.51,Neurology,2025-04-27,1,2025-04-28,1485.74,5,Home Health Care
A003385,P01291,79,0.51,General Surgery,2025-05-02,2,2025-05-04,2605.76,2,Home
A004473,P01291,79,0.51,Emergency,2025-10-10,1,2025-10-11,894.66,6,Skilled Nursing Facility
A005121,P01291,79,0.51,Emergency,2025-12-15,11,2025-12-26,10393.33,5,Skilled Nursing Facility
A007644,P01291,79,0.51,ICU,2026-02-17,1,2026-02-18,2924.75,7,Skilled Nursing Facility
A007892,P01291,79,0.51,ICU,2026-04-02,10,2026-04-12,23726.63,6,Skilled Nursing Facility
A008098,P01291,79,0.51,General Surgery,2026-05-08,5,2026-05-13,8163.85,3,Home Health Care
A008659,P01291,79,0.51,ICU,2026-07-08,18,2026-07-26,45799.58,3,Home
A005185,P01292,43,0.228,Emergency,2025-01-09,7,2025-01-16,7687.04,3,Home
A005630,P01292,43,0.228,Neurology,2025-04-01,6,2025-04-07,8288.62,5,Home
A006123,P01292,43,0.228,Emergency,2025-05-30,3,2025-06-02,3112.75,5,Skilled Nursing Facility
A007853,P01292,43,0.228,Emergency,2025-08-10,3,2025-08-13,2932.48,3,Home
A008466,P01292,43,0.228,General Surgery,2026-03-31,2,2026-04-02,3486.86,0,Home
A009298,P01292,43,0.228,Neurology,2026-04-19,2,2026-04-21,2422.78,5,Against Medical Advice
A009384,P01292,43,0.228,Emergency,2026-04-30,10,2026-05-10,10298.01,3,Home
A009431,P01292,43,0.228,ICU,2026-06-25,4,2026-06-29,9296.04,5,Home
A000047,P01293,71,0.104,Cardiology,2025-01-18,1,2025-01-19,1887.28,7,Home
A006526,P01293,71,0.104,Orthopedics,2025-04-24,2,2025-04-26,3086.17,1,Home
A007881,P01293,71,0.104,ICU,2025-07-28,2,2025-07-30,5672.55,1,Skilled Nursing Facility
A007953,P01293,71,0.104,Cardiology,2025-08-03,2,2025-08-05,4451.8,3,Home Health Care
A008661,P01293,71,0.104,Orthopedics,2025-09-24,8,2025-10-02,11116.88,4,Home
A008831,P01293,71,0.104,ICU,2025-12-07,4,2025-12-11,10533.93,6,Skilled Nursing Facility
A009586,P01293,71,0.104,General Surgery,2025-12-19,3,2025-12-22,4462.72,4,Home
A001602,P01294,78,0.202,Orthopedics,2024-12-20,1,2024-12-21,1454.36,0,Home
A002230,P01294,78,0.202,Neurology,2025-01-08,2,2025-01-10,3209.91,3,Home
A003763,P01294,78,0.202,Neurology,2025-04-30,1,2025-05-01,1504.56,2,Against Medical Advice
A004499,P01294,78,0.202,General Surgery,2025-08-19,2,2025-08-21,2619.53,5,Home
A005797,P01294,78,0.202,Orthopedics,2026-02-13,2,2026-02-15,2284.55,7,Against Medical Advice
A006772,P01294,78,0.202,Emergency,2026-03-30,14,2026-04-13,12681.25,3,Home
A002041,P01295,78,0.168,Cardiology,2024-11-03,7,2024-11-10,14225.93,3,Home Health Care
A002359,P01295,78,0.168,Emergency,2024-12-07,2,2024-12-09,1919.03,3,Home
A003598,P01295,78,0.168,Emergency,2025-04-18,6,2025-04-24,4626.19,7,Home
A004636,P01295,78,0.168,Emergency,2025-08-05,8,2025-08-13,6238.2,3,Home
A005363,P01295,78,0.168,Neurology,2026-04-04,3,2026-04-07,5006.51,5,Home
A007366,P01295,78,0.168,Emergency,2026-05-23,9,2026-06-01,6911.6,4,Home
A005882,P01296,52,0.044,Cardiology,2024-12-27,1,2024-12-28,1535.26,5,Home Health Care
A006320,P01296,52,0.044,General Surgery,2025-04-21,1,2025-04-22,1420.33,2,Home Health Care
A006802,P01296,52,0.044,Emergency,2026-04-29,2,2026-05-01,2085.57,4,Home
A008048,P01296,52,0.044,Cardiology,2026-05-11,1,2026-05-12,1661.84,2,Home
A008348,P01296,52,0.044,Orthopedics,2026-06-15,4,2026-06-19,5892.37,2,Against Medical Advice
A009233,P01296,52,0.044,Neurology,2026-06-21,2,2026-06-23,3041.14,6,Skilled Nursing Facility
A009322,P01296,52,0.044,Neurology,2026-07-20,1,2026-07-21,1279.74,4,Home
A009398,P01296,52,0.044,Orthopedics,2026-08-04,8,2026-08-12,12917.96,4,Against Medical Advice
A001669,P01297,54,0.437,ICU,2024-12-12,4,2024-12-16,12223.33,5,Home
A002240,P01297,54,0.437,Orthopedics,2025-03-12,12,2025-03-24,18364.16,8,Home
A003989,P01297,54,0.437,General Surgery,2025-10-27,5,2025-11-01,7520.6,5,Home
A006644,P01297,54,0.437,Cardiology,2026-01-01,3,2026-01-04,5540.62,5,Home
A007230,P01297,54,0.437,Emergency,2026-01-12,5,2026-01-17,4697.92,5,Home
A007795,P01297,54,0.437,ICU,2026-03-10,2,2026-03-12,5978.46,1,Home Health Care
A000741,P01298,55,0.419,Emergency,2024-12-16,1,2024-12-17,861.62,4,Home
A001087,P01298,55,0.419,Neurology,2024-12-18,1,2024-12-19,1261.72,2,Home Health Care
A002246,P01298,55,0.419,Neurology,2024-12-31,10,2025-01-10,16098.62,7,Home
A002692,P01298,55,0.419,Cardiology,2025-03-20,6,2025-03-26,9567.71,6,Skilled Nursing Facility
A006179,P01298,55,0.419,ICU,2025-08-20,2,2025-08-22,5675.98,6,Home
A007092,P01298,55,0.419,Emergency,2025-08-30,9,2025-09-08,9482.13,3,Skilled Nursing Facility
A007455,P01298,55,0.419,ICU,2025-12-20,5,2025-12-25,12643.41,4,Home Health Care
A007561,P01298,55,0.419,General Surgery,2026-09-18,7,2026-09-25,11425.5,2,Home
A000433,P01299,87,0.208,Neurology,2025-02-16,6,2025-02-22,10028.4,3,Home Health Care
A003314,P01299,87,0.208,Cardiology,2025-04-16,1,2025-04-17,2195.62,1,Home
A003451,P01299,87,0.208,Cardiology,2025-07-13,2,2025-07-15,3193.24,8,Home
A003991,P01299,87,0.208,ICU,2025-08-30,4,2025-09-03,9741.3,4,Against Medical Advice
A004232,P01299,87,0.208,Emergency,2025-09-08,5,2025-09-13,4123.74,8,Home Health Care
A006659,P01299,87,0.208,Neurology,2025-11-06,2,2025-11-08,2860.64,5,Home
A007136,P01299,87,0.208,Emergency,2025-12-20,3,2025-12-23,2404.37,3,Skilled Nursing Facility
A007150,P01299,87,0.208,General Surgery,2026-03-04,7,2026-03-11,9095.83,2,Skilled Nursing Facility
A007181,P01299,87,0.208,Orthopedics,2026-03-19,8,2026-03-27,10091.48,4,Home
A007231,P01299,87,0.208,Cardiology,2026-09-08,12,2026-09-20,24435.69,6,Home
A001102,P01300,22,0.237,Orthopedics,2024-10-15,3,2024-10-18,4691.34,6,Home
A003204,P01300,22,0.237,Neurology,2024-11-08,30,2024-12-08,37284.73,5,Home
A004324,P01300,22,0.237,Emergency,2025-05-09,5,2025-05-14,3921.06,9,Home Health Care
A005487,P01300,22,0.237,ICU,2025-08-23,4,2025-08-27,11881.52,1,Home
A007109,P01300,22,0.237,Orthopedics,2025-10-09,12,2025-10-21,16467.29,3,Home
A007850,P01300,22,0.237,Orthopedics,2025-10-27,5,2025-11-01,7850.66,6,Home
A009196,P01300,22,0.237,ICU,2025-11-21,11,2025-12-02,31860.83,2,Skilled Nursing Facility
A009198,P01300,22,0.237,ICU,2026-02-21,3,2026-02-24,6801.33,5,Home Health Care
A009472,P01300,22,0.237,Neurology,2026-07-02,2,2026-07-04,2845.9,6,Skilled Nursing Facility
A009503,P01300,22,0.237,General Surgery,2026-07-15,4,2026-07-19,5601.78,5,Home Health Care
A000335,P01301,48,0.08,Cardiology,2024-10-07,1,2024-10-08,1609.46,3,Home
A000446,P01301,48,0.08,Emergency,2024-10-30,2,2024-11-01,1867.0,6,Home Health Care
A000850,P01301,48,0.08,Cardiology,2024-11-28,5,2024-12-03,10989.98,3,Home
A001100,P01301,48,0.08,Emergency,2025-04-05,2,2025-04-07,1704.74,6,Skilled Nursing Facility
A001319,P01301,48,0.08,Emergency,2025-04-30,1,2025-05-01,1093.77,5,Home
A002134,P01301,48,0.08,General Surgery,2026-02-15,4,2026-02-19,5224.5,2,Home
A003415,P01301,48,0.08,Emergency,2026-08-24,2,2026-08-26,1983.88,4,Home Health Care
A003480,P01301,48,0.08,Emergency,2026-09-12,5,2026-09-17,5099.03,6,Against Medical Advice
A001737,P01302,72,0.42,Cardiology,2024-11-02,27,2024-11-29,42253.07,8,Home
A003727,P01302,72,0.42,Neurology,2025-04-14,12,2025-04-26,16478.89,11,Home
A004988,P01302,72,0.42,Neurology,2025-07-05,5,2025-07-10,8159.1,5,Home
A006432,P01302,72,0.42,General Surgery,2025-11-24,5,2025-11-29,7057.62,7,Home Health Care
A007637,P01302,72,0.42,ICU,2026-04-23,9,2026-05-02,22115.22,9,Home Health Care
A008031,P01302,72,0.42,ICU,2026-07-09,2,2026-07-11,5571.33,5,Home
A000827,P01303,94,0.322,Emergency,2024-11-03,1,2024-11-04,808.72,3,Home
A001562,P01303,94,0.322,Emergency,2024-12-05,6,2024-12-11,4721.83,8,Home
A002016,P01303,94,0.322,Emergency,2024-12-28,9,2025-01-06,7777.2,6,Home
A003146,P01303,94,0.322,Emergency,2025-06-20,3,2025-06-23,2562.16,2,Skilled Nursing Facility
A003892,P01303,94,0.322,Emergency,2025-10-08,1,2025-10-09,1062.98,7,Home
A004785,P01303,94,0.322,Neurology,2025-11-04,6,2025-11-10,10051.28,5,Home
A005517,P01303,94,0.322,Cardiology,2025-11-18,18,2025-12-06,31043.86,6,Home
A006272,P01303,94,0.322,Emergency,2026-01-28,4,2026-02-01,4358.59,2,Home Health Care
A006375,P01303,94,0.322,Neurology,2026-06-28,4,2026-07-02,5086.16,4,Skilled Nursing Facility
A006506,P01303,94,0.322,Orthopedics,2026-08-26,6,2026-09-01,7907.84,2,Home
A000502,P01304,33,0.108,Emergency,2024-10-06,7,2024-10-13,5417.15,6,Home Health Care
A001051,P01304,33,0.108,Emergency,2024-10-27,10,2024-11-06,8181.82,6,Home
A002279,P01304,33,0.108,Emergency,2025-01-30,4,2025-02-03,3071.81,5,Skilled Nursing Facility
A005423,P01304,33,0.108,Orthopedics,2025-02-12,3,2025-02-15,4820.87,1,Home
A007667,P01304,33,0.108,Emergency,2025-03-23,8,2025-03-31,6450.96,4,Home
A008878,P01304,33,0.108,ICU,2025-09-13,4,2025-09-17,8855.69,1,Home Health Care
A009255,P01304,33,0.108,Cardiology,2025-11-13,1,2025-11-14,2153.42,5,Skilled Nursing Facility
A009380,P01304,33,0.108,Neurology,2026-01-15,4,2026-01-19,5591.85,2,Home
A003979,P01305,65,0.198,Neurology,2024-10-14,1,2024-10-15,1335.8,4,Against Medical Advice
A007378,P01305,65,0.198,ICU,2024-12-04,7,2024-12-11,17032.02,2,Skilled Nursing Facility
A007908,P01305,65,0.198,Neurology,2024-12-19,1,2024-12-20,1545.48,7,Home
A008471,P01305,65,0.198,Neurology,2025-09-24,4,2025-09-28,6883.22,5,Home
A008873,P01305,65,0.198,Cardiology,2025-12-01,7,2025-12-08,14021.87,3,Home
A008943,P01305,65,0.198,ICU,2026-02-14,4,2026-02-18,8885.74,4,Home
A009130,P01305,65,0.198,Orthopedics,2026-08-20,12,2026-09-01,14607.04,2,Against Medical Advice
A009315,P01305,65,0.198,General Surgery,2026-09-12,4,2026-09-16,6076.39,9,Skilled Nursing Facility
A000086,P01306,100,0.18,Cardiology,2024-12-02,9,2024-12-11,16985.22,3,Home
A001556,P01306,100,0.18,Emergency,2024-12-19,3,2024-12-22,2934.36,5,Home Health Care
A001588,P01306,100,0.18,Orthopedics,2025-02-24,4,2025-02-28,6138.69,4,Home Health Care
A005202,P01306,100,0.18,Emergency,2025-08-04,12,2025-08-16,12249.0,5,Home Health Care
A006393,P01306,100,0.18,Cardiology,2026-04-01,13,2026-04-14,24012.84,8,Home
A006402,P01306,100,0.18,ICU,2026-06-02,5,2026-06-07,11978.73,6,Home
A000311,P01307,68,0.318,ICU,2025-01-15,7,2025-01-22,15936.12,7,Home
A001563,P01307,68,0.318,Neurology,2025-06-09,3,2025-06-12,4497.37,1,Home
A003621,P01307,68,0.318,General Surgery,2025-12-01,9,2025-12-10,12204.58,5,Home
A004019,P01307,68,0.318,Neurology,2026-01-25,2,2026-01-27,3455.41,7,Skilled Nursing Facility
A004731,P01307,68,0.318,Emergency,2026-06-26,3,2026-06-29,2383.56,5,Home
A000618,P01308,73,0.218,Emergency,2025-01-10,2,2025-01-12,1890.11,3,Home
A001332,P01308,73,0.218,General Surgery,2025-02-15,6,2025-02-21,9956.49,2,Home
A001485,P01308,73,0.218,Neurology,2025-07-02,5,2025-07-07,6845.59,4,Home
A002400,P01308,73,0.218,General Surgery,2026-03-13,2,2026-03-15,3304.64,4,Home
A002600,P01308,73,0.218,Neurology,2026-07-30,11,2026-08-10,14145.56,5,Home
A000212,P01309,67,0.251,Emergency,2025-01-26,2,2025-01-28,2206.93,3,Home
A001023,P01309,67,0.251,ICU,2025-02-28,1,2025-03-01,2573.24,6,Home
A002101,P01309,67,0.251,Orthopedics,2026-05-25,1,2026-05-26,1187.89,8,Skilled Nursing Facility
A006880,P01309,67,0.251,Emergency,2026-06-29,7,2026-07-06,6819.47,3,Home Health Care
A007763,P01309,67,0.251,Cardiology,2026-07-31,5,2026-08-05,10899.73,4,Home
A000545,P01310,34,0.26,Emergency,2025-01-15,3,2025-01-18,3033.43,5,Home
A001123,P01310,34,0.26,Emergency,2025-04-23,1,2025-04-24,933.38,6,Home
A001989,P01310,34,0.26,Orthopedics,2026-01-29,1,2026-01-30,1310.48,1,Home
A002866,P01310,34,0.26,Emergency,2026-09-10,4,2026-09-14,3217.72,4,Home
A000402,P01311,58,0.126,General Surgery,2025-01-08,1,2025-01-09,1553.3,3,Home
A000820,P01311,58,0.126,General Surgery,2025-06-05,5,2025-06-10,8610.24,1,Home
A003372,P01311,58,0.126,Cardiology,2025-06-11,3,2025-06-14,5824.66,4,Home
A004285,P01311,58,0.126,Emergency,2026-08-10,1,2026-08-11,946.83,2,Home
A002059,P01312,60,0.127,ICU,2024-12-02,4,2024-12-06,12205.84,5,Home
A003147,P01312,60,0.127,ICU,2025-06-30,3,2025-07-03,7929.76,1,Home
A003224,P01312,60,0.127,Emergency,2025-09-13,6,2025-09-19,6455.29,5,Home
A005211,P01312,60,0.127,ICU,2026-01-31,1,2026-02-01,3046.14,6,Skilled Nursing Facility
A005734,P01312,60,0.127,Emergency,2026-02-25,5,2026-03-02,5526.64,4,Home
A007062,P01312,60,0.127,Neurology,2026-03-04,2,2026-03-06,3432.09,4,Home
A007415,P01312,60,0.127,Emergency,2026-06-09,1,2026-06-10,1073.75,2,Skilled Nursing Facility
A001298,P01313,55,0.308,Emergency,2024-11-18,3,2024-11-21,3185.08,3,Home
A002023,P01313,55,0.308,Emergency,2025-12-29,2,2025-12-31,1543.64,5,Home
A000112,P01314,59,0.3,Emergency,2025-02-02,4,2025-02-06,3081.54,8,Home
A004408,P01314,59,0.3,General Surgery,2025-02-26,14,2025-03-12,25859.46,4,Home
A007522,P01314,59,0.3,ICU,2025-03-31,1,2025-04-01,2673.36,7,Home
A008521,P01314,59,0.3,General Surgery,2025-06-06,7,2025-06-13,11358.71,3,Home Health Care
A009077,P01314,59,0.3,Neurology,2025-08-24,1,2025-08-25,1501.15,6,Home
A009143,P01314,59,0.3,General Surgery,2026-07-27,7,2026-08-03,11334.24,7,Home Health Care
A001161,P01315,70,0.367,General Surgery,2024-10-23,4,2024-10-27,7324.66,6,Home
A005358,P01315,70,0.367,Emergency,2025-04-05,4,2025-04-09,3674.93,5,Home Health Care
A006074,P01315,70,0.367,Neurology,2025-09-03,2,2025-09-05,2460.22,4,Home
A006156,P01315,70,0.367,General Surgery,2026-03-10,8,2026-03-18,12699.95,6,Home Health Care
A006235,P01315,70,0.367,Emergency,2026-03-28,1,2026-03-29,1020.3,8,Against Medical Advice
A006739,P01315,70,0.367,General Surgery,2026-07-03,7,2026-07-10,12895.35,5,Against Medical Advice
A006826,P01315,70,0.367,Cardiology,2026-07-11,15,2026-07-26,28330.6,7,Home
A001208,P01316,59,0.347,Orthopedics,2024-12-21,3,2024-12-24,4287.28,4,Home Health Care
A001374,P01316,59,0.347,Cardiology,2024-12-27,18,2025-01-14,40348.22,9,Home Health Care
A003643,P01316,59,0.347,Emergency,2025-11-18,3,2025-11-21,2774.37,4,Home
A006249,P01316,59,0.347,General Surgery,2025-12-20,16,2026-01-05,27165.07,3,Home
A007527,P01316,59,0.347,Neurology,2026-03-23,2,2026-03-25,3138.37,3,Home
A008095,P01316,59,0.347,Emergency,2026-09-02,9,2026-09-11,7355.67,7,Home
A009094,P01316,59,0.347,General Surgery,2026-09-13,3,2026-09-16,5612.36,3,Home
A000761,P01317,61,0.229,Cardiology,2025-01-12,7,2025-01-19,15215.65,3,Home
A002741,P01317,61,0.229,Emergency,2025-03-28,7,2025-04-04,7176.58,10,Skilled Nursing Facility
A002984,P01317,61,0.229,ICU,2025-04-23,3,2025-04-26,8529.86,3,Home
A003677,P01317,61,0.229,Orthopedics,2025-07-30,10,2025-08-09,11101.66,4,Home
A004393,P01317,61,0.229,Emergency,2026-03-31,1,2026-04-01,996.51,11,Home
A004970,P01317,61,0.229,Orthopedics,2026-07-13,4,2026-07-17,4548.4,2,Home
A000942,P01318,77,0.093,Neurology,2024-10-22,10,2024-11-01,15930.66,1,Skilled Nursing Facility
A001124,P01318,77,0.093,Orthopedics,2025-01-21,2,2025-01-23,2479.74,5,Home
A001624,P01318,77,0.093,Emergency,2025-04-11,1,2025-04-12,829.09,3,Skilled Nursing Facility
A001837,P01318,77,0.093,Emergency,2025-04-17,8,2025-04-25,7144.18,2,Home Health Care
A002564,P01318,77,0.093,Emergency,2025-07-23,8,2025-07-31,7469.92,1,Home
A001101,P01319,40,0.354,Emergency,2024-12-05,5,2024-12-10,4861.64,7,Home
A001409,P01319,40,0.354,Emergency,2025-06-23,4,2025-06-27,4426.57,3,Home
A002782,P01319,40,0.354,Emergency,2026-01-17,2,2026-01-19,1809.97,5,Home
A002923,P01319,40,0.354,Emergency,2026-01-25,7,2026-02-01,7538.06,9,Home
A000645,P01320,39,0.104,Neurology,2025-01-26,7,2025-02-02,9152.18,4,Home
A002175,P01320,39,0.104,Cardiology,2025-08-21,4,2025-08-25,7504.8,1,Skilled Nursing Facility
A002426,P01320,39,0.104,ICU,2025-11-22,2,2025-11-24,5949.88,3,Skilled Nursing Facility
A003450,P01320,39,0.104,Emergency,2026-01-19,3,2026-01-22,2954.13,1,Home
A006571,P01320,39,0.104,Emergency,2026-09-15,4,2026-09-19,3654.63,4,Home
A004462,P01321,66,0.057,Emergency,2025-02-05,2,2025-02-07,1600.09,3,Home
A005938,P01321,66,0.057,Emergency,2025-11-01,5,2025-11-06,4759.92,5,Home Health Care
A000503,P01322,43,0.058,ICU,2024-12-11,1,2024-12-12,2827.04,3,Home Health Care
A003342,P01322,43,0.058,General Surgery,2025-04-05,6,2025-04-11,8692.98,7,Home
A003708,P01322,43,0.058,Emergency,2026-07-27,5,2026-08-01,4260.62,1,Home Health Care
A000234,P01323,58,0.627,Emergency,2024-10-05,1,2024-10-06,877.47,10,Home
A000975,P01323,58,0.627,General Surgery,2025-01-21,2,2025-01-23,3516.43,10,Home
A003627,P01323,58,0.627,General Surgery,2025-02-15,2,2025-02-17,2728.07,4,Home Health Care
A006980,P01323,58,0.627,Emergency,2025-04-20,2,2025-04-22,1657.31,6,Skilled Nursing Facility
A007189,P01323,58,0.627,General Surgery,2025-05-13,6,2025-05-19,8623.22,12,Skilled Nursing Facility
A007532,P01323,58,0.627,Orthopedics,2025-06-17,13,2025-06-30,17272.13,4,Home
A007758,P01323,58,0.627,Orthopedics,2026-05-21,7,2026-05-28,8890.39,9,Home
A000376,P01324,37,0.265,Emergency,2024-11-19,3,2024-11-22,2995.38,1,Home
A001736,P01324,37,0.265,Emergency,2024-12-12,12,2024-12-24,11754.22,6,Home
A001950,P01324,37,0.265,Emergency,2025-03-01,10,2025-03-11,9896.9,6,Home
A003100,P01324,37,0.265,Neurology,2025-08-25,6,2025-08-31,9445.1,4,Home
A003430,P01325,19,0.236,Emergency,2025-01-03,4,2025-01-07,4423.77,2,Home
A004412,P01325,19,0.236,Neurology,2025-10-08,1,2025-10-09,1544.55,2,Home
A005876,P01325,19,0.236,Orthopedics,2025-11-16,1,2025-11-17,1347.18,1,Home
A006627,P01325,19,0.236,Cardiology,2026-09-08,1,2026-09-09,2200.06,5,Home Health Care
A007971,P01325,19,0.236,General Surgery,2026-09-19,1,2026-09-20,1399.29,1,Home
A002182,P01326,51,0.36,Cardiology,2024-10-08,10,2024-10-18,16178.22,3,Home Health Care
A004998,P01326,51,0.36,Orthopedics,2025-01-16,1,2025-01-17,1234.1,8,Home
A008700,P01326,51,0.36,Neurology,2025-02-24,6,2025-03-02,7531.37,6,Home Health Care
A008790,P01326,51,0.36,General Surgery,2025-03-09,6,2025-03-15,10975.67,5,Home
A008847,P01326,51,0.36,General Surgery,2025-04-11,2,2025-04-13,3738.06,3,Skilled Nursing Facility
A009244,P01326,51,0.36,Emergency,2025-05-11,6,2025-05-17,5831.94,4,Home
A009257,P01326,51,0.36,Emergency,2025-08-02,1,2025-08-03,1090.06,2,Home
A009348,P01326,51,0.36,Cardiology,2025-10-15,2,2025-10-17,3675.41,9,Home
A009429,P01326,51,0.36,Emergency,2025-10-22,1,2025-10-23,863.19,6,Home
A009437,P01326,51,0.36,Neurology,2025-12-23,1,2025-12-24,1493.15,3,Home
A009546,P01326,51,0.36,Orthopedics,2026-02-04,14,2026-02-18,21193.79,7,Home
A009596,P01326,51,0.36,Orthopedics,2026-03-25,7,2026-04-01,10935.24,5,Home Health Care
A009630,P01326,51,0.36,Neurology,2026-04-05,6,2026-04-11,9599.86,3,Home
A009678,P01326,51,0.36,General Surgery,2026-08-22,13,2026-09-04,17285.48,2,Home
A009683,P01326,51,0.36,General Surgery,2026-09-15,4,2026-09-19,6765.19,7,Home
A000569,P01327,49,0.134,Neurology,2024-09-25,3,2024-09-28,4666.52,1,Home
A001508,P01327,49,0.134,Cardiology,2024-11-12,2,2024-11-14,3563.79,2,Skilled Nursing Facility
A001723,P01327,49,0.134,Emergency,2025-01-25,11,2025-02-05,10406.39,3,Home
A001888,P01327,49,0.134,Emergency,2025-07-10,10,2025-07-20,10383.82,2,Home
A002112,P01327,49,0.134,Neurology,2026-07-11,5,2026-07-16,6975.22,4,Home
A000375,P01328,66,0.091,Orthopedics,2024-11-15,2,2024-11-17,3003.37,5,Home
A000946,P01328,66,0.091,Orthopedics,2024-12-18,1,2024-12-19,1537.36,3,Skilled Nursing Facility
A005132,P01328,66,0.091,General Surgery,2025-03-30,3,2025-04-02,5077.03,2,Home Health Care
A006631,P01328,66,0.091,Neurology,2025-04-29,7,2025-05-06,11741.95,6,Home
A007491,P01328,66,0.091,Cardiology,2026-02-21,4,2026-02-25,6937.2,5,Home
A005430,P01329,23,0.257,Neurology,2024-12-10,2,2024-12-12,3480.25,5,Home Health Care
A007480,P01329,23,0.257,Cardiology,2025-05-02,7,2025-05-09,12665.58,1,Home
A008547,P01329,23,0.257,Neurology,2025-07-24,3,2025-07-27,4895.26,4,Skilled Nursing Facility
A008576,P01329,23,0.257,Emergency,2025-08-09,1,2025-08-10,966.9,2,Home Health Care
A008991,P01329,23,0.257,Emergency,2025-11-09,3,2025-11-12,2311.67,4,Skilled Nursing Facility
A009365,P01329,23,0.257,ICU,2025-11-27,34,2025-12-31,79686.23,4,Skilled Nursing Facility
A009399,P01329,23,0.257,Emergency,2026-01-31,10,2026-02-10,9847.27,8,Home Health Care
A009523,P01329,23,0.257,Orthopedics,2026-06-04,8,2026-06-12,12121.86,4,Skilled Nursing Facility
A009604,P01329,23,0.257,Orthopedics,2026-08-01,2,2026-08-03,2416.34,5,Home
A009637,P01329,23,0.257,Cardiology,2026-08-10,2,2026-08-12,3884.36,3,Home Health Care
A009669,P01329,23,0.257,Neurology,2026-09-11,3,2026-09-14,3960.51,3,Home
A000390,P01330,46,0.63,ICU,2024-11-17,1,2024-11-18,2334.42,14,Skilled Nursing Facility
A003595,P01330,46,0.63,Emergency,2025-01-25,14,2025-02-08,10916.1,16,Home
A003745,P01330,46,0.63,Cardiology,2025-04-15,4,2025-04-19,6913.68,4,Home Health Care
A004504,P01330,46,0.63,Orthopedics,2025-05-19,3,2025-05-22,4404.89,9,Home
A004658,P01330,46,0.63,Cardiology,2025-07-19,1,2025-07-20,1542.59,8,Home
A004721,P01330,46,0.63,Emergency,2026-03-08,6,2026-03-14,5433.92,1,Home
A005532,P01330,46,0.63,Emergency,2026-04-16,1,2026-04-17,935.32,11,Home
A007006,P01330,46,0.63,ICU,2026-06-22,10,2026-07-02,25356.41,6,Home
A007031,P01330,46,0.63,Emergency,2026-07-09,2,2026-07-11,1813.64,6,Home
A007087,P01330,46,0.63,Neurology,2026-08-15,9,2026-08-24,12663.04,11,Home
A000704,P01331,33,0.218,Cardiology,2024-10-29,4,2024-11-02,7571.42,2,Skilled Nursing Facility
A000787,P01331,33,0.218,Cardiology,2025-08-03,7,2025-08-10,15360.38,4,Home
A000980,P01331,33,0.218,Emergency,2025-10-10,1,2025-10-11,847.82,4,Home
A002383,P01331,33,0.218,Emergency,2026-03-05,2,2026-03-07,1686.58,6,Home Health Care
A003090,P01331,33,0.218,Emergency,2026-03-17,21,2026-04-07,20337.7,0,Skilled Nursing Facility
A000922,P01332,36,0.077,General Surgery,2024-11-28,1,2024-11-29,1534.57,2,Skilled Nursing Facility
A002434,P01332,36,0.077,Cardiology,2025-03-31,8,2025-04-08,17909.09,5,Skilled Nursing Facility
A003196,P01332,36,0.077,General Surgery,2025-04-27,1,2025-04-28,1455.87,7,Home
A004609,P01332,36,0.077,ICU,2025-06-30,2,2025-07-02,5454.67,5,Home
A005304,P01332,36,0.077,Cardiology,2025-12-26,5,2025-12-31,9250.29,4,Home
A006582,P01332,36,0.077,ICU,2026-05-22,1,2026-05-23,2898.5,2,Home
A008087,P01332,36,0.077,Neurology,2026-07-17,17,2026-08-03,27225.54,6,Home Health Care
A008964,P01332,36,0.077,General Surgery,2026-08-31,2,2026-09-02,3301.1,4,Home
A000309,P01333,44,0.215,Emergency,2024-12-07,3,2024-12-10,2568.99,4,Home
A002694,P01333,44,0.215,Emergency,2025-03-21,5,2025-03-26,4806.41,1,Home
A003545,P01333,44,0.215,Neurology,2025-04-26,4,2025-04-30,6479.92,3,Home
A004983,P01333,44,0.215,Orthopedics,2025-07-31,1,2025-08-01,1536.22,7,Against Medical Advice
A005505,P01333,44,0.215,ICU,2025-09-16,1,2025-09-17,2595.36,5,Skilled Nursing Facility
A007383,P01333,44,0.215,ICU,2025-09-26,5,2025-10-01,12601.36,4,Home
A007588,P01333,44,0.215,General Surgery,2025-11-14,2,2025-11-16,3277.76,4,Home
A008830,P01333,44,0.215,Emergency,2026-04-26,2,2026-04-28,2170.06,7,Home
A009006,P01333,44,0.215,Orthopedics,2026-05-09,7,2026-05-16,8201.25,3,Home
A009171,P01333,44,0.215,Emergency,2026-09-06,4,2026-09-10,3491.19,3,Skilled Nursing Facility
A009227,P01333,44,0.215,ICU,2026-09-17,3,2026-09-20,6810.23,2,Against Medical Advice
A002295,P01334,79,0.123,Emergency,2024-12-16,2,2024-12-18,2204.62,5,Home
A004190,P01334,79,0.123,General Surgery,2025-05-16,4,2025-05-20,6666.26,3,Home
A004283,P01334,79,0.123,ICU,2025-07-07,6,2025-07-13,18361.62,3,Home
A004806,P01334,79,0.123,General Surgery,2026-02-19,4,2026-02-23,6591.81,6,Home
A000461,P01335,75,0.746,General Surgery,2024-10-24,8,2024-11-01,13621.05,8,Skilled Nursing Facility
A000476,P01335,75,0.746,Cardiology,2024-12-27,1,2024-12-28,2212.31,5,Home
A000608,P01335,75,0.746,General Surgery,2025-01-15,14,2025-01-29,19281.64,9,Home Health Care
A000891,P01335,75,0.746,ICU,2025-02-19,3,2025-02-22,6920.82,9,Home Health Care
A001795,P01335,75,0.746,Emergency,2025-05-26,3,2025-05-29,2810.75,8,Home
A003994,P01335,75,0.746,Emergency,2025-07-29,18,2025-08-16,14545.99,6,Against Medical Advice
A006817,P01335,75,0.746,Emergency,2025-08-18,5,2025-08-23,4348.49,13,Home
A007202,P01335,75,0.746,General Surgery,2025-09-21,6,2025-09-27,7700.99,9,Home
A008034,P01335,75,0.746,Neurology,2025-12-06,1,2025-12-07,1669.68,7,Home
A008135,P01335,75,0.746,Emergency,2025-12-13,5,2025-12-18,5367.1,4,Home
A008387,P01335,75,0.746,Orthopedics,2026-01-18,4,2026-01-22,6426.5,7,Skilled Nursing Facility
A009199,P01335,75,0.746,Emergency,2026-01-31,1,2026-02-01,1119.1,6,Home Health Care
A009383,P01335,75,0.746,Cardiology,2026-03-03,3,2026-03-06,5658.65,7,Home
A009415,P01335,75,0.746,Emergency,2026-03-13,7,2026-03-20,7261.84,8,Skilled Nursing Facility
A009427,P01335,75,0.746,Cardiology,2026-06-06,2,2026-06-08,3365.76,10,Home
A000354,P01336,55,0.219,Emergency,2024-09-25,2,2024-09-27,2148.86,7,Home
A001675,P01336,55,0.219,Emergency,2024-10-05,4,2024-10-09,3409.16,2,Home
A002482,P01336,55,0.219,Cardiology,2024-10-13,8,2024-10-21,17730.05,5,Home
A002746,P01336,55,0.219,Orthopedics,2025-02-17,11,2025-02-28,14743.67,5,Home
A003118,P01336,55,0.219,Neurology,2025-05-25,1,2025-05-26,1564.47,3,Home
A004437,P01336,55,0.219,Emergency,2026-01-26,1,2026-01-27,944.74,4,Skilled Nursing Facility
A005773,P01336,55,0.219,Cardiology,2026-02-22,2,2026-02-24,3356.43,2,Skilled Nursing Facility
A007661,P01336,55,0.219,Emergency,2026-04-15,8,2026-04-23,6606.49,1,Skilled Nursing Facility
A008889,P01336,55,0.219,General Surgery,2026-05-13,7,2026-05-20,12432.44,5,Home Health Care
A009188,P01336,55,0.219,Emergency,2026-07-02,3,2026-07-05,2302.14,3,Home
A005432,P01337,31,0.485,Neurology,2025-01-29,1,2025-01-30,1417.74,3,Skilled Nursing Facility
A006111,P01337,31,0.485,Emergency,2025-04-27,18,2025-05-15,19006.22,1,Home
A006307,P01337,31,0.485,Emergency,2025-05-20,3,2025-05-23,2870.35,7,Home
A007425,P01337,31,0.485,Emergency,2025-05-27,17,2025-06-13,14529.0,4,Home Health Care
A007453,P01337,31,0.485,Emergency,2025-06-20,1,2025-06-21,1039.65,6,Skilled Nursing Facility
A008181,P01337,31,0.485,General Surgery,2025-10-26,7,2025-11-02,10129.89,1,Home
A008793,P01337,31,0.485,Emergency,2025-12-06,1,2025-12-07,933.46,6,Home
A009160,P01337,31,0.485,Emergency,2026-09-01,6,2026-09-07,4652.53,11,Home
A000184,P01338,38,0.201,Emergency,2025-01-12,8,2025-01-20,8720.35,4,Skilled Nursing Facility
A000760,P01338,38,0.201,Emergency,2025-03-11,8,2025-03-19,8886.53,8,Home
A001096,P01338,38,0.201,Orthopedics,2025-05-10,4,2025-05-14,5361.72,4,Home
A001469,P01338,38,0.201,ICU,2025-11-17,24,2025-12-11,69593.16,6,Home Health Care
A001895,P01338,38,0.201,General Surgery,2026-03-08,3,2026-03-11,3859.27,3,Home
A002369,P01338,38,0.201,Emergency,2026-06-11,1,2026-06-12,1066.99,4,Home Health Care
A000129,P01339,86,0.107,Emergency,2024-11-07,2,2024-11-09,1649.66,5,Home
A001973,P01339,86,0.107,General Surgery,2025-03-23,1,2025-03-24,1761.49,1,Home Health Care
A002986,P01339,86,0.107,Emergency,2025-05-17,4,2025-05-21,3195.42,7,Home
A005151,P01339,86,0.107,ICU,2025-05-24,3,2025-05-27,7819.02,2,Home Health Care
A006872,P01339,86,0.107,Emergency,2026-08-09,5,2026-08-14,5073.11,0,Skilled Nursing Facility
A000716,P01340,46,0.155,General Surgery,2024-10-27,6,2024-11-02,10329.25,1,Home
A003975,P01340,46,0.155,Cardiology,2024-12-10,7,2024-12-17,11262.32,5,Home
A004235,P01340,46,0.155,Orthopedics,2025-10-17,7,2025-10-24,9732.44,4,Skilled Nursing Facility
A004745,P01340,46,0.155,ICU,2026-01-20,1,2026-01-21,2368.96,2,Home Health Care
A005081,P01340,46,0.155,General Surgery,2026-02-10,8,2026-02-18,14948.6,2,Home
A001436,P01341,38,0.24,ICU,2024-12-30,15,2025-01-14,40152.95,3,Home
A001863,P01341,38,0.24,Emergency,2025-03-01,11,2025-03-12,10697.43,2,Home
A004060,P01341,38,0.24,ICU,2025-03-28,4,2025-04-01,10215.36,6,Home Health Care
A005387,P01341,38,0.24,Neurology,2025-05-06,6,2025-05-12,9199.56,8,Home
A007284,P01341,38,0.24,Neurology,2025-09-27,4,2025-10-01,5231.06,5,Home
A008599,P01341,38,0.24,General Surgery,2025-10-14,1,2025-10-15,1756.52,4,Home
A008810,P01341,38,0.24,ICU,2025-12-28,3,2025-12-31,6947.98,5,Home
A009050,P01341,38,0.24,Neurology,2026-08-23,3,2026-08-26,5196.25,2,Home
A000054,P01342,82,0.262,General Surgery,2025-02-07,11,2025-02-18,19804.73,4,Home
A002140,P01342,82,0.262,Neurology,2025-11-10,5,2025-11-15,6353.44,4,Home
A004298,P01342,82,0.262,Emergency,2025-12-01,4,2025-12-05,3709.17,3,Home
A005343,P01342,82,0.262,Emergency,2026-09-14,15,2026-09-29,15770.32,2,Home
A002793,P01343,61,0.327,General Surgery,2024-11-21,4,2024-11-25,7483.81,6,Skilled Nursing Facility
A003463,P01343,61,0.327,Emergency,2025-05-09,6,2025-05-15,5909.52,4,Skilled Nursing Facility
A004581,P01343,61,0.327,Neurology,2025-06-02,4,2025-06-06,5033.67,9,Home
A006230,P01343,61,0.327,General Surgery,2025-08-09,1,2025-08-10,1688.07,4,Skilled Nursing Facility
A006569,P01343,61,0.327,Emergency,2025-08-27,4,2025-08-31,3094.4,6,Home
A007408,P01343,61,0.327,Neurology,2025-10-18,1,2025-10-19,1680.0,4,Home
A008363,P01343,61,0.327,Neurology,2025-11-24,7,2025-12-01,10839.6,3,Home
A008583,P01343,61,0.327,General Surgery,2026-01-04,7,2026-01-11,11019.88,5,Home Health Care
A009168,P01343,61,0.327,Emergency,2026-08-25,17,2026-09-11,13614.19,3,Home Health Care
A000633,P01344,46,0.125,Cardiology,2025-01-30,7,2025-02-06,11150.66,4,Skilled Nursing Facility
A000817,P01344,46,0.125,ICU,2025-05-22,8,2025-05-30,17041.7,6,Home
A004368,P01344,46,0.125,ICU,2025-06-27,4,2025-07-01,9229.66,1,Home
A005806,P01344,46,0.125,Cardiology,2025-09-02,5,2025-09-07,9879.57,3,Home
A006598,P01344,46,0.125,ICU,2025-10-03,7,2025-10-10,20420.28,2,Skilled Nursing Facility
A006956,P01344,46,0.125,General Surgery,2025-11-09,1,2025-11-10,1473.31,1,Home
A008217,P01344,46,0.125,General Surgery,2026-04-02,2,2026-04-04,2767.34,4,Home
A008565,P01344,46,0.125,ICU,2026-05-04,4,2026-05-08,8524.13,5,Home
A008780,P01344,46,0.125,Orthopedics,2026-06-14,18,2026-07-02,29098.14,2,Home
A000953,P01345,76,0.029,Emergency,2025-02-14,1,2025-02-15,1024.14,6,Home
A002032,P01345,76,0.029,General Surgery,2025-04-17,3,2025-04-20,4090.06,2,Home Health Care
A000466,P01346,64,0.654,ICU,2024-12-23,13,2025-01-05,30400.0,11,Home
A000730,P01346,64,0.654,ICU,2025-04-20,2,2025-04-22,4947.72,8,Home
A001591,P01346,64,0.654,Orthopedics,2025-07-16,2,2025-07-18,2921.34,3,Home
A001978,P01346,64,0.654,Emergency,2025-11-01,3,2025-11-04,3362.55,9,Home Health Care
A002137,P01346,64,0.654,ICU,2026-01-31,8,2026-02-08,19328.84,7,Home
A000441,P01347,69,0.249,ICU,2024-10-12,3,2024-10-15,8149.59,8,Skilled Nursing Facility
A000524,P01347,69,0.249,General Surgery,2024-11-27,3,2024-11-30,3964.8,11,Home
A000673,P01347,69,0.249,Neurology,2025-01-26,3,2025-01-29,4495.59,3,Home Health Care
A000801,P01347,69,0.249,General Surgery,2025-04-25,6,2025-05-01,10434.67,3,Home Health Care
A001348,P01347,69,0.249,General Surgery,2025-05-21,13,2025-06-03,23166.88,8,Home
A003444,P01347,69,0.249,Emergency,2025-08-17,9,2025-08-26,7785.26,5,Home
A005615,P01347,69,0.249,Emergency,2026-05-19,6,2026-05-25,6117.67,2,Home Health Care
A006671,P01347,69,0.249,Emergency,2026-06-04,7,2026-06-11,5713.64,6,Home Health Care
A004005,P01348,66,0.223,ICU,2025-01-03,3,2025-01-06,6574.12,4,Home
A004443,P01348,66,0.223,Neurology,2025-02-26,4,2025-03-02,5418.33,9,Home
A004693,P01348,66,0.223,Emergency,2025-05-16,5,2025-05-21,3843.91,6,Home
A006302,P01348,66,0.223,Emergency,2025-11-24,1,2025-11-25,974.24,1,Home
A006366,P01348,66,0.223,ICU,2026-04-07,6,2026-04-13,15632.18,4,Home
A007343,P01348,66,0.223,Emergency,2026-04-16,4,2026-04-20,4132.03,4,Home
A000106,P01349,58,0.142,Orthopedics,2024-10-04,4,2024-10-08,4439.44,2,Skilled Nursing Facility
A001115,P01349,58,0.142,Emergency,2024-10-30,7,2024-11-06,5786.2,6,Home
A001547,P01349,58,0.142,Orthopedics,2025-03-30,1,2025-03-31,1458.78,2,Skilled Nursing Facility
A001907,P01349,58,0.142,Emergency,2025-06-16,2,2025-06-18,2174.03,3,Skilled Nursing Facility
A002015,P01349,58,0.142,ICU,2025-06-22,3,2025-06-25,7872.54,4,Home
A002291,P01349,58,0.142,Emergency,2026-03-29,4,2026-04-02,3836.88,4,Home
A002655,P01350,18,0.351,Neurology,2025-01-13,2,2025-01-15,2816.17,3,Skilled Nursing Facility
A004831,P01350,18,0.351,ICU,2025-01-29,9,2025-02-07,27990.18,7,Home Health Care
A005798,P01350,18,0.351,Emergency,2025-02-09,4,2025-02-13,3459.99,6,Skilled Nursing Facility
A006972,P01350,18,0.351,Emergency,2025-05-09,2,2025-05-11,1855.97,4,Home
A007151,P01350,18,0.351,ICU,2025-08-24,12,2025-09-05,29221.0,7,Home
A007570,P01350,18,0.351,Orthopedics,2025-11-22,1,2025-11-23,1546.24,5,Skilled Nursing Facility
A007904,P01350,18,0.351,Cardiology,2026-03-14,16,2026-03-30,32348.22,4,Home
A008648,P01350,18,0.351,Emergency,2026-06-22,8,2026-06-30,8853.41,4,Home
A008854,P01350,18,0.351,ICU,2026-08-26,17,2026-09-12,44974.12,4,Home
A000588,P01351,64,0.137,Cardiology,2024-09-28,2,2024-09-30,3073.8,2,Home
A001570,P01351,64,0.137,Orthopedics,2024-10-13,5,2024-10-18,8116.97,4,Home
A005205,P01351,64,0.137,Orthopedics,2024-12-02,2,2024-12-04,2409.76,2,Against Medical Advice
A006213,P01351,64,0.137,Emergency,2025-03-31,4,2025-04-04,3522.82,6,Skilled Nursing Facility
A007220,P01351,64,0.137,ICU,2025-04-06,4,2025-04-10,10597.82,3,Home
A007355,P01351,64,0.137,Emergency,2025-04-25,1,2025-04-26,1011.4,3,Home Health Care
A008270,P01351,64,0.137,Emergency,2025-05-29,3,2025-06-01,3107.15,7,Home
A008486,P01351,64,0.137,Emergency,2025-08-03,6,2025-08-09,5732.56,6,Against Medical Advice
A008623,P01351,64,0.137,Orthopedics,2025-08-17,1,2025-08-18,1326.88,1,Home
A008723,P01351,64,0.137,General Surgery,2026-01-17,1,2026-01-18,1332.24,5,Home
A008828,P01351,64,0.137,General Surgery,2026-07-31,14,2026-08-14,20827.37,6,Home
A009282,P01351,64,0.137,Cardiology,2026-08-30,3,2026-09-02,4697.6,2,Skilled Nursing Facility
A000726,P01352,63,0.354,Emergency,2025-01-19,3,2025-01-22,2846.72,4,Home
A002086,P01352,63,0.354,General Surgery,2025-02-28,1,2025-03-01,1853.55,4,Home
A005045,P01352,63,0.354,Emergency,2025-09-16,5,2025-09-21,5243.9,1,Home
A005065,P01352,63,0.354,Emergency,2026-03-31,9,2026-04-09,8289.36,5,Against Medical Advice
A005321,P01352,63,0.354,ICU,2026-06-22,3,2026-06-25,8685.91,7,Home
A000298,P01353,94,0.356,Neurology,2024-10-13,2,2024-10-15,3132.73,1,Home
A002355,P01353,94,0.356,Emergency,2025-03-16,24,2025-04-09,21707.16,4,Home
A003300,P01353,94,0.356,Neurology,2025-05-27,14,2025-06-10,19261.97,4,Home
A004582,P01353,94,0.356,Emergency,2025-12-10,3,2025-12-13,2736.61,0,Home
A006621,P01353,94,0.356,Cardiology,2026-01-24,2,2026-01-26,3255.58,4,Home
A000245,P01354,71,0.688,General Surgery,2024-12-13,13,2024-12-26,20321.08,9,Home Health Care
A001284,P01354,71,0.688,ICU,2024-12-31,3,2025-01-03,6524.54,4,Home Health Care
A002696,P01354,71,0.688,ICU,2025-01-18,7,2025-01-25,17834.11,8,Home
A002883,P01354,71,0.688,Cardiology,2025-02-22,4,2025-02-26,6536.29,9,Home
A003990,P01354,71,0.688,ICU,2025-05-12,3,2025-05-15,7770.37,5,Home Health Care
A005572,P01354,71,0.688,Cardiology,2025-05-21,8,2025-05-29,15595.43,2,Home
A005714,P01354,71,0.688,Neurology,2025-06-08,3,2025-06-11,4531.62,7,Home
A007565,P01354,71,0.688,Cardiology,2025-08-21,9,2025-08-30,16604.92,6,Home
A008542,P01354,71,0.688,Emergency,2025-10-05,13,2025-10-18,13098.03,7,Home
A000826,P01355,56,0.313,Cardiology,2025-01-11,7,2025-01-18,14948.78,4,Home
A001724,P01355,56,0.313,Orthopedics,2025-03-20,1,2025-03-21,1196.19,4,Home
A003427,P01355,56,0.313,Emergency,2025-03-26,2,2025-03-28,2060.09,5,Home
A003639,P01355,56,0.313,Orthopedics,2025-04-05,3,2025-04-08,3612.79,4,Home Health Care
A004726,P01355,56,0.313,ICU,2025-04-19,6,2025-04-25,17357.78,5,Skilled Nursing Facility
A005442,P01355,56,0.313,Emergency,2025-06-28,1,2025-06-29,995.63,5,Home
A006171,P01355,56,0.313,Orthopedics,2025-07-10,6,2025-07-16,7085.73,4,Skilled Nursing Facility
A006372,P01355,56,0.313,Cardiology,2025-10-15,4,2025-10-19,6520.64,5,Home
A007743,P01355,56,0.313,ICU,2026-05-06,3,2026-05-09,8808.55,4,Home
A000237,P01356,59,0.299,Emergency,2025-02-17,9,2025-02-26,8246.74,7,Home
A000332,P01356,59,0.299,General Surgery,2026-01-14,8,2026-01-22,10990.34,0,Home Health Care
A001186,P01356,59,0.299,Emergency,2026-01-27,3,2026-01-30,2453.62,3,Skilled Nursing Facility
A002828,P01356,59,0.299,General Surgery,2026-02-08,6,2026-02-14,7812.51,1,Home
A003374,P01356,59,0.299,Orthopedics,2026-06-14,8,2026-06-22,11973.67,5,Home Health Care
A002817,P01357,69,0.072,ICU,2025-01-05,2,2025-01-07,6047.38,1,Home Health Care
A003015,P01357,69,0.072,Emergency,2025-10-16,6,2025-10-22,5491.0,2,Home
A004764,P01357,69,0.072,Neurology,2025-11-15,8,2025-11-23,12163.36,3,Home
A005891,P01357,69,0.072,Emergency,2026-01-15,1,2026-01-16,992.75,4,Home Health Care
A005977,P01357,69,0.072,Orthopedics,2026-07-11,3,2026-07-14,4753.6,5,Skilled Nursing Facility
A002420,P01358,52,0.505,Emergency,2025-01-08,17,2025-01-25,13951.81,11,Home Health Care
A002761,P01358,52,0.505,Emergency,2025-02-16,5,2025-02-21,4900.27,0,Home
A002876,P01358,52,0.505,Neurology,2025-03-28,5,2025-04-02,7516.97,6,Skilled Nursing Facility
A003317,P01358,52,0.505,Emergency,2025-04-14,3,2025-04-17,3119.33,7,Home
A003407,P01358,52,0.505,Emergency,2025-08-30,4,2025-09-03,4203.83,7,Home
A005903,P01358,52,0.505,ICU,2025-11-08,2,2025-11-10,5197.86,4,Home
A007318,P01358,52,0.505,Emergency,2025-12-25,12,2026-01-06,12319.78,11,Skilled Nursing Facility
A008588,P01358,52,0.505,Neurology,2026-01-08,3,2026-01-11,3780.77,11,Home
A008607,P01358,52,0.505,ICU,2026-02-26,4,2026-03-02,9691.21,10,Home
A008635,P01358,52,0.505,Orthopedics,2026-04-09,6,2026-04-15,7348.93,10,Home
A009208,P01358,52,0.505,Neurology,2026-05-14,4,2026-05-18,6969.75,5,Skilled Nursing Facility
A002757,P01359,44,0.159,Emergency,2024-12-07,1,2024-12-08,1091.24,4,Home
A004824,P01359,44,0.159,Emergency,2025-01-25,8,2025-02-02,7817.41,4,Skilled Nursing Facility
A005451,P01359,44,0.159,Orthopedics,2025-12-26,6,2026-01-01,7198.78,2,Home
A005554,P01359,44,0.159,Orthopedics,2026-02-05,12,2026-02-17,17622.46,5,Home
A005649,P01359,44,0.159,General Surgery,2026-02-20,1,2026-02-21,1684.13,2,Home
A006848,P01359,44,0.159,Neurology,2026-04-24,10,2026-05-04,15035.29,6,Home
A001270,P01360,47,0.409,General Surgery,2024-10-23,17,2024-11-09,22863.78,3,Home
A002165,P01360,47,0.409,Emergency,2024-11-28,7,2024-12-05,6349.8,4,Home
A002607,P01360,47,0.409,Emergency,2024-12-09,4,2024-12-13,3930.54,6,Home Health Care
A008357,P01360,47,0.409,Orthopedics,2025-01-03,16,2025-01-19,22204.06,5,Skilled Nursing Facility
A008949,P01360,47,0.409,General Surgery,2025-03-14,2,2025-03-16,3727.4,4,Skilled Nursing Facility
A009226,P01360,47,0.409,General Surgery,2025-04-08,5,2025-04-13,7793.34,4,Against Medical Advice
A009453,P01360,47,0.409,General Surgery,2025-05-28,2,2025-05-30,3508.94,6,Home
A009638,P01360,47,0.409,ICU,2025-07-18,1,2025-07-19,2759.63,3,Home
A009656,P01360,47,0.409,Cardiology,2025-09-10,3,2025-09-13,6248.05,9,Home Health Care
A009674,P01360,47,0.409,ICU,2025-10-24,7,2025-10-31,21610.52,5,Home
A009685,P01360,47,0.409,Emergency,2025-11-06,6,2025-11-12,5375.2,7,Skilled Nursing Facility
A009695,P01360,47,0.409,Emergency,2025-11-22,1,2025-11-23,1069.8,4,Home Health Care
A009698,P01360,47,0.409,Emergency,2025-12-20,2,2025-12-22,1584.75,3,Home
A000640,P01361,46,0.564,Orthopedics,2025-01-05,3,2025-01-08,3939.23,10,Home
A000806,P01361,46,0.564,Emergency,2025-01-22,2,2025-01-24,1553.97,6,Home
A003884,P01361,46,0.564,Cardiology,2025-04-12,21,2025-05-03,43204.84,5,Skilled Nursing Facility
A006756,P01361,46,0.564,Orthopedics,2025-06-13,2,2025-06-15,2429.93,3,Home
A007056,P01361,46,0.564,Neurology,2025-09-30,4,2025-10-04,5640.43,6,Home
A008625,P01361,46,0.564,Emergency,2026-03-20,6,2026-03-26,5258.68,5,Home
A009047,P01361,46,0.564,Orthopedics,2026-05-11,9,2026-05-20,12575.99,6,Home
A009132,P01361,46,0.564,ICU,2026-06-09,1,2026-06-10,3008.51,4,Home
A009409,P01361,46,0.564,General Surgery,2026-08-26,14,2026-09-09,22887.47,11,Home Health Care
A000711,P01362,75,0.53,Emergency,2024-09-29,7,2024-10-06,5428.18,6,Skilled Nursing Facility
A000768,P01362,75,0.53,Neurology,2025-02-18,2,2025-02-20,2956.78,6,Home Health Care
A003137,P01362,75,0.53,Emergency,2025-03-09,8,2025-03-17,7770.75,6,Home
A005233,P01362,75,0.53,Neurology,2025-08-16,8,2025-08-24,11747.65,3,Home Health Care
A005503,P01362,75,0.53,Neurology,2025-12-13,2,2025-12-15,3156.43,2,Home Health Care
A005962,P01362,75,0.53,Orthopedics,2026-02-09,6,2026-02-15,7868.84,3,Home
A007331,P01362,75,0.53,Emergency,2026-04-01,13,2026-04-14,12685.35,3,Home
A007940,P01362,75,0.53,Neurology,2026-05-21,9,2026-05-30,13838.13,7,Skilled Nursing Facility
A008353,P01362,75,0.53,Cardiology,2026-06-23,2,2026-06-25,4342.42,5,Skilled Nursing Facility
A000957,P01363,95,0.101,Cardiology,2024-12-16,3,2024-12-19,5601.1,5,Against Medical Advice
A002172,P01363,95,0.101,Emergency,2025-02-23,4,2025-02-27,4064.2,6,Home
A003365,P01363,95,0.101,Orthopedics,2025-06-01,8,2025-06-09,12109.65,5,Home
A004537,P01363,95,0.101,Emergency,2025-09-20,1,2025-09-21,1027.76,1,Skilled Nursing Facility
A004739,P01363,95,0.101,General Surgery,2025-10-16,1,2025-10-17,1547.02,4,Home
A005775,P01363,95,0.101,Emergency,2025-11-28,1,2025-11-29,1073.67,4,Home
A006870,P01363,95,0.101,ICU,2026-01-05,2,2026-01-07,4564.75,2,Skilled Nursing Facility
A007597,P01363,95,0.101,Emergency,2026-01-16,1,2026-01-17,883.31,2,Skilled Nursing Facility
A008732,P01363,95,0.101,Neurology,2026-04-26,11,2026-05-07,14803.8,2,Home Health Care
A009327,P01363,95,0.101,General Surgery,2026-08-18,3,2026-08-21,5501.9,5,Home
A000451,P01364,70,0.068,Emergency,2024-11-06,3,2024-11-09,3157.93,2,Skilled Nursing Facility
A000888,P01364,70,0.068,General Surgery,2024-12-12,2,2024-12-14,3516.32,3,Home
A003481,P01364,70,0.068,Emergency,2025-01-16,1,2025-01-17,895.82,1,Home Health Care
A003992,P01364,70,0.068,ICU,2025-10-10,4,2025-10-14,11919.97,2,Home
A004021,P01364,70,0.068,Emergency,2026-04-01,5,2026-04-06,4458.73,3,Skilled Nursing Facility
A005049,P01364,70,0.068,General Surgery,2026-08-07,1,2026-08-08,1340.18,6,Home
A000807,P01365,65,0.387,Emergency,2025-01-19,14,2025-02-02,10898.25,7,Home
A002569,P01365,65,0.387,General Surgery,2025-02-12,5,2025-02-17,7907.85,1,Home Health Care
A002989,P01365,65,0.387,Emergency,2025-08-06,5,2025-08-11,5315.9,9,Home
A005106,P01365,65,0.387,Cardiology,2025-09-11,5,2025-09-16,8750.58,3,Against Medical Advice
A005273,P01365,65,0.387,Orthopedics,2025-10-10,5,2025-10-15,6186.72,6,Home
A006183,P01365,65,0.387,Cardiology,2025-12-11,8,2025-12-19,12613.56,4,Home Health Care
A007577,P01365,65,0.387,Emergency,2026-02-18,1,2026-02-19,993.83,6,Home
A007719,P01365,65,0.387,General Surgery,2026-05-19,5,2026-05-24,8777.31,6,Home
A008139,P01365,65,0.387,Emergency,2026-07-03,2,2026-07-05,2206.87,5,Home
A004910,P01366,32,0.474,General Surgery,2024-12-25,17,2025-01-11,22193.49,7,Home Health Care
A005490,P01366,32,0.474,Emergency,2025-01-12,4,2025-01-16,3595.56,5,Home
A005593,P01366,32,0.474,ICU,2025-02-08,10,2025-02-18,30478.42,6,Home
A005695,P01366,32,0.474,ICU,2026-08-15,6,2026-08-21,17759.77,4,Home
A001465,P01367,34,0.385,Cardiology,2024-10-16,23,2024-11-08,43014.35,6,Home
A001760,P01367,34,0.385,Neurology,2024-11-12,7,2024-11-19,9503.15,10,Home
A001812,P01367,34,0.385,Emergency,2025-06-04,20,2025-06-24,16057.97,1,Home
A003192,P01367,34,0.385,Neurology,2025-11-30,1,2025-12-01,1418.26,8,Home
A000297,P01368,59,0.147,Emergency,2025-01-13,1,2025-01-14,917.53,4,Skilled Nursing Facility
A002582,P01368,59,0.147,ICU,2025-03-24,8,2025-04-01,24303.23,4,Home Health Care
A004048,P01368,59,0.147,ICU,2025-05-26,2,2025-05-28,5554.52,4,Skilled Nursing Facility
A004125,P01368,59,0.147,Emergency,2026-04-01,6,2026-04-07,5981.05,7,Home Health Care
A000507,P01369,50,0.547,Emergency,2024-10-21,19,2024-11-09,20432.94,5,Home Health Care
A003635,P01369,50,0.547,Neurology,2025-01-16,6,2025-01-22,7648.13,2,Against Medical Advice
A007488,P01369,50,0.547,General Surgery,2025-02-19,5,2025-02-24,9161.84,5,Home Health Care
A007839,P01369,50,0.547,Emergency,2025-04-23,9,2025-05-02,9226.68,8,Skilled Nursing Facility
A008806,P01369,50,0.547,General Surgery,2025-05-26,12,2025-06-07,16525.2,12,Home
A009102,P01369,50,0.547,Orthopedics,2025-12-04,2,2025-12-06,2718.84,5,Home
A009230,P01369,50,0.547,ICU,2026-03-16,8,2026-03-24,18735.55,4,Home
A009419,P01369,50,0.547,ICU,2026-04-12,1,2026-04-13,2950.83,5,Home
A009456,P01369,50,0.547,Neurology,2026-04-23,19,2026-05-12,29012.13,6,Skilled Nursing Facility
A009471,P01369,50,0.547,Emergency,2026-07-12,3,2026-07-15,2877.69,5,Home
A001484,P01370,55,0.347,Emergency,2024-11-25,1,2024-11-26,801.64,4,Home
A005933,P01370,55,0.347,Neurology,2025-05-02,12,2025-05-14,15177.4,6,Home
A006458,P01370,55,0.347,Emergency,2025-11-11,8,2025-11-19,8822.56,9,Home Health Care
A007941,P01370,55,0.347,Neurology,2025-12-06,1,2025-12-07,1471.79,7,Home
A008339,P01370,55,0.347,General Surgery,2026-04-24,2,2026-04-26,3257.65,7,Home
A008480,P01370,55,0.347,Emergency,2026-05-28,2,2026-05-30,1859.51,5,Home
A000293,P01371,55,0.13,ICU,2025-01-13,2,2025-01-15,5765.72,6,Home
A004396,P01371,55,0.13,Neurology,2025-02-01,5,2025-02-06,6788.35,3,Home
A005239,P01371,55,0.13,Emergency,2025-03-19,5,2025-03-24,4286.21,3,Home
A006420,P01371,55,0.13,ICU,2025-11-11,8,2025-11-19,17939.04,3,Home
A000856,P01372,71,0.294,Emergency,2025-01-04,1,2025-01-05,945.83,9,Home Health Care
A001806,P01372,71,0.294,Neurology,2025-01-30,2,2025-02-01,2862.9,3,Home
A004438,P01372,71,0.294,Orthopedics,2025-05-20,10,2025-05-30,15031.96,5,Home Health Care
A005586,P01372,71,0.294,Emergency,2025-12-05,1,2025-12-06,964.92,4,Home Health Care
A006662,P01372,71,0.294,Neurology,2026-01-17,1,2026-01-18,1311.21,3,Skilled Nursing Facility
A007809,P01372,71,0.294,ICU,2026-03-07,1,2026-03-08,2949.64,7,Home
A008060,P01372,71,0.294,Neurology,2026-05-13,3,2026-05-16,4640.37,6,Home
A008242,P01372,71,0.294,ICU,2026-06-02,5,2026-06-07,15239.22,6,Home Health Care
A001548,P01373,26,0.445,General Surgery,2025-02-05,6,2025-02-11,11037.37,13,Home
A005678,P01373,26,0.445,ICU,2025-02-26,2,2025-02-28,5374.94,4,Home
A006657,P01373,26,0.445,Cardiology,2025-08-25,8,2025-09-02,16135.33,8,Home
A007132,P01373,26,0.445,ICU,2025-11-10,13,2025-11-23,32319.71,5,Home Health Care
A007203,P01373,26,0.445,Cardiology,2026-01-31,10,2026-02-10,18825.85,8,Home
A007305,P01373,26,0.445,Emergency,2026-07-27,2,2026-07-29,1963.34,6,Skilled Nursing Facility
A007357,P01373,26,0.445,Neurology,2026-09-05,12,2026-09-17,18302.31,6,Home
A005959,P01374,78,0.541,Cardiology,2024-10-14,6,2024-10-20,9540.18,4,Home
A006324,P01374,78,0.541,Emergency,2024-12-28,3,2024-12-31,3002.61,6,Home
A007082,P01374,78,0.541,Cardiology,2025-07-17,9,2025-07-26,15584.79,2,Home
A007659,P01374,78,0.541,General Surgery,2025-10-21,11,2025-11-01,18624.91,5,Home
A007810,P01374,78,0.541,ICU,2026-03-09,23,2026-04-01,60134.95,3,Home
A008049,P01374,78,0.541,Cardiology,2026-08-26,4,2026-08-30,6178.09,3,Skilled Nursing Facility
A003625,P01375,22,0.264,General Surgery,2025-01-03,1,2025-01-04,1479.97,5,Home
A004290,P01375,22,0.264,Cardiology,2026-01-20,9,2026-01-29,15116.68,2,Home
A000259,P01376,54,0.31,General Surgery,2024-12-12,1,2024-12-13,1708.48,7,Home
A001676,P01376,54,0.31,Emergency,2025-04-05,3,2025-04-08,3362.48,5,Skilled Nursing Facility
A002710,P01376,54,0.31,Emergency,2025-04-21,7,2025-04-28,7253.33,2,Home
A002850,P01376,54,0.31,Neurology,2025-12-24,11,2026-01-04,14078.67,6,Home Health Care
A003602,P01376,54,0.31,ICU,2026-04-30,1,2026-05-01,2697.78,5,Home
A000804,P01377,95,0.394,Emergency,2024-12-19,13,2025-01-01,14037.4,2,Home
A008066,P01377,95,0.394,General Surgery,2025-05-15,1,2025-05-16,1362.87,4,Home
A008301,P01377,95,0.394,Neurology,2025-05-19,3,2025-05-22,3827.41,9,Home
A008770,P01377,95,0.394,Emergency,2026-03-02,5,2026-03-07,4706.07,5,Skilled Nursing Facility
A009133,P01377,95,0.394,General Surgery,2026-03-19,3,2026-03-22,4521.34,5,Home
A009164,P01377,95,0.394,Cardiology,2026-03-27,6,2026-04-02,10107.32,6,Home Health Care
A009422,P01377,95,0.394,ICU,2026-05-02,1,2026-05-03,2564.67,3,Home
A009502,P01377,95,0.394,Emergency,2026-06-13,1,2026-06-14,848.79,4,Skilled Nursing Facility
A009525,P01377,95,0.394,ICU,2026-08-01,5,2026-08-06,15102.21,1,Home Health Care
A000227,P01378,95,0.146,Emergency,2024-11-19,3,2024-11-22,3338.72,7,Home Health Care
A004491,P01378,95,0.146,Cardiology,2024-12-09,1,2024-12-10,1616.79,3,Home
A005207,P01378,95,0.146,Emergency,2024-12-22,7,2024-12-29,6327.58,3,Skilled Nursing Facility
A006866,P01378,95,0.146,Neurology,2025-03-20,1,2025-03-21,1481.61,9,Home
A007844,P01378,95,0.146,Emergency,2026-06-05,2,2026-06-07,1610.57,6,Home Health Care
A008121,P01378,95,0.146,ICU,2026-07-23,2,2026-07-25,4988.61,4,Home
A000253,P01379,65,0.317,Emergency,2024-12-18,4,2024-12-22,3826.58,3,Home
A001960,P01379,65,0.317,Orthopedics,2025-02-09,1,2025-02-10,1501.38,4,Home
A002360,P01379,65,0.317,Cardiology,2025-07-19,3,2025-07-22,5499.41,10,Home
A002467,P01379,65,0.317,Emergency,2025-09-06,15,2025-09-21,11646.22,6,Home
A002794,P01379,65,0.317,Emergency,2026-04-16,5,2026-04-21,4695.64,8,Home
A001705,P01380,29,0.22,General Surgery,2024-11-06,1,2024-11-07,1601.83,4,Home
A004095,P01380,29,0.22,General Surgery,2025-01-20,3,2025-01-23,4429.82,4,Skilled Nursing Facility
A005576,P01380,29,0.22,Neurology,2025-01-29,7,2025-02-05,10904.39,7,Skilled Nursing Facility
A005991,P01380,29,0.22,Emergency,2025-06-07,2,2025-06-09,1733.13,4,Home
A006260,P01380,29,0.22,Neurology,2025-08-21,3,2025-08-24,4601.21,4,Home
A006635,P01380,29,0.22,Neurology,2025-09-25,13,2025-10-08,15876.43,3,Home Health Care
A006988,P01380,29,0.22,Emergency,2025-11-03,3,2025-11-06,2837.13,3,Home Health Care
A008929,P01380,29,0.22,Emergency,2026-03-21,7,2026-03-28,6238.86,6,Home
A008968,P01380,29,0.22,Neurology,2026-07-19,2,2026-07-21,3094.61,2,Against Medical Advice
A009071,P01380,29,0.22,ICU,2026-08-11,3,2026-08-14,8201.12,5,Home
A000777,P01381,48,0.583,ICU,2024-10-13,1,2024-10-14,2362.04,7,Home
A002278,P01381,48,0.583,Cardiology,2024-11-21,4,2024-11-25,7865.17,8,Home
A002848,P01381,48,0.583,ICU,2025-01-22,10,2025-02-01,29545.78,6,Home Health Care
A003610,P01381,48,0.583,Emergency,2025-05-13,5,2025-05-18,4242.95,6,Home
A003650,P01381,48,0.583,General Surgery,2025-12-07,9,2025-12-16,16789.42,5,Home
A005010,P01381,48,0.583,Emergency,2026-01-09,3,2026-01-12,2991.39,10,Home
A007135,P01381,48,0.583,Emergency,2026-03-13,10,2026-03-23,11155.0,5,Home
A000835,P01382,51,0.305,Orthopedics,2025-02-01,3,2025-02-04,3988.22,4,Home Health Care
A001796,P01382,51,0.305,Orthopedics,2025-10-07,1,2025-10-08,1540.71,5,Home
A002500,P01382,51,0.305,Emergency,2025-11-15,1,2025-11-16,1043.53,5,Home
A002507,P01382,51,0.305,Emergency,2025-12-24,3,2025-12-27,2640.91,12,Skilled Nursing Facility
A002583,P01382,51,0.305,Emergency,2026-07-29,1,2026-07-30,923.05,1,Home
A000527,P01383,59,0.187,Emergency,2024-10-23,4,2024-10-27,4346.41,3,Home
A000852,P01383,59,0.187,ICU,2024-11-14,20,2024-12-04,54951.82,1,Home Health Care
A001468,P01383,59,0.187,ICU,2025-01-20,6,2025-01-26,13129.52,5,Home
A001835,P01383,59,0.187,General Surgery,2026-08-21,2,2026-08-23,3016.34,6,Home Health Care
A001308,P01384,25,0.231,Emergency,2025-02-06,6,2025-02-12,4662.86,5,Home Health Care
A001424,P01384,25,0.231,Emergency,2025-10-09,4,2025-10-13,3980.33,5,Home
A003157,P01384,25,0.231,Emergency,2025-10-26,6,2025-11-01,6013.67,4,Home Health Care
A006371,P01384,25,0.231,Emergency,2025-11-13,15,2025-11-28,13905.9,3,Skilled Nursing Facility
A006636,P01384,25,0.231,Orthopedics,2025-12-01,2,2025-12-03,2966.95,5,Home
A000172,P01385,82,0.363,Neurology,2025-02-01,10,2025-02-11,12608.65,7,Skilled Nursing Facility
A002501,P01385,82,0.363,Cardiology,2025-03-23,1,2025-03-24,1577.72,1,Against Medical Advice
A002515,P01385,82,0.363,Emergency,2025-05-15,3,2025-05-18,2846.29,5,Home
A003468,P01385,82,0.363,Emergency,2025-05-29,2,2025-05-31,2204.44,5,Home
A003730,P01385,82,0.363,Orthopedics,2025-09-01,1,2025-09-02,1243.14,10,Home
A001055,P01386,81,0.235,Emergency,2024-11-12,2,2024-11-14,1923.87,3,Home
A001352,P01386,81,0.235,General Surgery,2024-11-17,3,2024-11-20,5536.92,5,Home Health Care
A004174,P01386,81,0.235,ICU,2024-11-25,2,2024-11-27,5566.15,2,Home
A004264,P01386,81,0.235,Emergency,2024-12-06,8,2024-12-14,7181.15,9,Home
A004640,P01386,81,0.235,Neurology,2025-04-09,4,2025-04-13,6478.8,5,Home
A005138,P01386,81,0.235,Cardiology,2025-04-28,4,2025-05-02,8466.58,3,Home Health Care
A005243,P01386,81,0.235,Cardiology,2025-05-20,7,2025-05-27,12396.77,5,Skilled Nursing Facility
A005335,P01386,81,0.235,ICU,2025-06-14,3,2025-06-17,7134.09,3,Home
A006113,P01387,42,0.523,General Surgery,2024-12-22,1,2024-12-23,1623.46,9,Home Health Care
A008052,P01387,42,0.523,ICU,2026-01-26,3,2026-01-29,7244.19,7,Home
A008244,P01387,42,0.523,Cardiology,2026-04-18,1,2026-04-19,1751.38,4,Home
A008517,P01387,42,0.523,Orthopedics,2026-06-02,6,2026-06-08,7591.95,11,Home
A009013,P01387,42,0.523,Emergency,2026-09-10,2,2026-09-12,1689.28,9,Home
A001521,P01388,46,0.015,Orthopedics,2024-12-22,1,2024-12-23,1584.65,3,Home
A002461,P01388,46,0.015,Emergency,2025-10-09,3,2025-10-12,3317.23,1,Home
A004800,P01388,46,0.015,Neurology,2025-10-26,2,2025-10-28,2586.2,1,Home Health Care
A004930,P01388,46,0.015,ICU,2026-06-07,1,2026-06-08,2218.54,1,Home Health Care
A008264,P01388,46,0.015,Neurology,2026-06-18,1,2026-06-19,1592.25,2,Against Medical Advice
A008326,P01388,46,0.015,General Surgery,2026-08-10,2,2026-08-12,2630.08,4,Home
A000010,P01389,55,0.102,Emergency,2024-10-31,4,2024-11-04,3168.13,9,Against Medical Advice
A003858,P01389,55,0.102,ICU,2025-07-01,7,2025-07-08,20916.94,4,Home
A003966,P01389,55,0.102,Orthopedics,2025-07-12,3,2025-07-15,3605.14,1,Skilled Nursing Facility
A005571,P01389,55,0.102,Emergency,2025-07-29,5,2025-08-03,5118.48,5,Home
A007153,P01389,55,0.102,Orthopedics,2025-12-05,2,2025-12-07,2364.01,4,Home Health Care
A008492,P01389,55,0.102,ICU,2026-03-21,1,2026-03-22,2673.0,4,Home
A008717,P01389,55,0.102,Neurology,2026-04-09,2,2026-04-11,2667.47,6,Home
A009176,P01389,55,0.102,Cardiology,2026-05-04,5,2026-05-09,8519.52,4,Home
A005058,P01390,23,0.345,Neurology,2024-11-23,2,2024-11-25,2697.07,5,Home
A007361,P01390,23,0.345,Emergency,2025-06-02,7,2025-06-09,7248.96,6,Home
A008055,P01390,23,0.345,Neurology,2025-06-10,4,2025-06-14,6951.97,3,Skilled Nursing Facility
A008174,P01390,23,0.345,Emergency,2025-10-10,1,2025-10-11,944.07,4,Home
A001663,P01391,43,0.187,Emergency,2024-10-20,2,2024-10-22,2190.31,2,Skilled Nursing Facility
A002348,P01391,43,0.187,Neurology,2025-10-31,13,2025-11-13,19657.23,8,Home Health Care
A004927,P01391,43,0.187,Neurology,2025-12-12,3,2025-12-15,4473.01,6,Home
A006854,P01391,43,0.187,Emergency,2026-05-11,1,2026-05-12,879.09,4,Against Medical Advice
A006913,P01391,43,0.187,Neurology,2026-05-19,3,2026-05-22,4638.6,9,Home Health Care
A000095,P01392,17,0.523,Neurology,2024-10-31,1,2024-11-01,1460.81,7,Home
A002423,P01392,17,0.523,Emergency,2024-11-27,3,2024-11-30,2502.15,13,Skilled Nursing Facility
A003206,P01392,17,0.523,ICU,2025-01-24,6,2025-01-30,18055.26,9,Home
A003298,P01392,17,0.523,ICU,2026-06-08,13,2026-06-21,31923.49,5,Home
A003741,P01392,17,0.523,Emergency,2026-06-30,12,2026-07-12,13395.93,5,Skilled Nursing Facility
A000136,P01393,39,0.119,Orthopedics,2024-11-28,9,2024-12-07,9983.48,6,Home
A000381,P01394,45,0.227,Orthopedics,2024-11-13,2,2024-11-15,3135.93,3,Home
A002918,P01394,45,0.227,Emergency,2025-05-10,8,2025-05-18,8228.24,5,Home
A004427,P01394,45,0.227,Emergency,2025-07-06,6,2025-07-12,4785.92,6,Home
A000802,P01395,55,0.076,Neurology,2024-11-07,8,2024-11-15,10553.24,3,Home Health Care
A001419,P01395,55,0.076,ICU,2025-02-12,4,2025-02-16,10504.28,2,Home
A001936,P01395,55,0.076,Emergency,2025-02-25,2,2025-02-27,1758.8,4,Home
A002257,P01395,55,0.076,Neurology,2025-12-16,5,2025-12-21,8134.12,0,Home Health Care
A003499,P01395,55,0.076,Emergency,2026-01-11,4,2026-01-15,4448.01,5,Skilled Nursing Facility
A004033,P01395,55,0.076,Neurology,2026-02-20,11,2026-03-03,16496.93,4,Home
A003291,P01396,42,0.432,General Surgery,2024-11-02,4,2024-11-06,5421.25,3,Skilled Nursing Facility
A004131,P01396,42,0.432,Emergency,2024-12-03,1,2024-12-04,1099.83,3,Home
A005222,P01396,42,0.432,Neurology,2025-08-31,2,2025-09-02,2381.47,12,Home
A007412,P01396,42,0.432,Emergency,2025-11-02,2,2025-11-04,1826.66,6,Home
A008335,P01396,42,0.432,Orthopedics,2026-05-10,2,2026-05-12,2508.29,3,Home
A001000,P01397,75,0.038,Orthopedics,2024-10-13,1,2024-10-14,1308.63,1,Home
A001402,P01397,75,0.038,Emergency,2025-01-13,9,2025-01-22,7891.12,4,Home
A002537,P01397,75,0.038,Emergency,2025-12-29,1,2025-12-30,952.24,3,Skilled Nursing Facility
A004116,P01397,75,0.038,General Surgery,2026-01-04,1,2026-01-05,1415.79,3,Home
A002136,P01398,53,0.337,Emergency,2024-11-08,3,2024-11-11,2746.5,4,Home Health Care
A002809,P01398,53,0.337,Orthopedics,2024-11-16,11,2024-11-27,15803.99,4,Home
A003268,P01398,53,0.337,Emergency,2025-09-11,3,2025-09-14,3200.42,4,Home Health Care
A003767,P01398,53,0.337,General Surgery,2025-11-24,12,2025-12-06,15358.83,5,Home
A004441,P01398,53,0.337,Orthopedics,2026-01-04,2,2026-01-06,2908.57,5,Home
A000362,P01399,71,0.161,Emergency,2025-01-28,7,2025-02-04,5794.86,2,Home
A001095,P01399,71,0.161,Emergency,2025-11-25,1,2025-11-26,1040.62,1,Home
A003149,P01399,71,0.161,Cardiology,2026-02-05,6,2026-02-11,12460.31,1,Home
A003844,P01399,71,0.161,ICU,2026-08-06,11,2026-08-17,27242.19,3,Home
A003030,P01400,53,0.123,Neurology,2025-01-20,2,2025-01-22,3132.16,1,Home
A004742,P01400,53,0.123,Neurology,2025-02-21,3,2025-02-24,3834.03,2,Against Medical Advice
A006290,P01400,53,0.123,Emergency,2025-04-14,2,2025-04-16,1542.25,3,Home
A007050,P01400,53,0.123,ICU,2025-09-26,2,2025-09-28,6108.8,2,Skilled Nursing Facility
A008045,P01400,53,0.123,ICU,2025-12-27,3,2025-12-30,8855.4,2,Against Medical Advice
A008068,P01400,53,0.123,Emergency,2026-02-21,4,2026-02-25,3071.2,1,Home
A008300,P01400,53,0.123,Neurology,2026-07-29,7,2026-08-05,10929.02,1,Home Health Care
A008566,P01400,53,0.123,Emergency,2026-09-01,1,2026-09-02,767.36,2,Home
A000456,P01401,61,0.341,Emergency,2025-02-15,13,2025-02-28,10860.87,3,Home
A000694,P01401,61,0.341,ICU,2025-04-27,3,2025-04-30,6757.77,4,Home
A000736,P01401,61,0.341,General Surgery,2025-05-10,7,2025-05-17,11848.81,10,Home
A001571,P01401,61,0.341,Emergency,2025-09-24,2,2025-09-26,1925.15,3,Home
A002039,P01401,61,0.341,Orthopedics,2025-11-03,4,2025-11-07,5040.8,6,Home
A004159,P01401,61,0.341,ICU,2026-04-01,5,2026-04-06,12870.4,4,Home
A000046,P01402,75,0.67,Neurology,2025-01-16,2,2025-01-18,3387.39,10,Home Health Care
A000113,P01402,75,0.67,General Surgery,2025-01-20,8,2025-01-28,12887.44,12,Home
A001581,P01402,75,0.67,General Surgery,2025-03-13,3,2025-03-16,3842.8,10,Home
A001788,P01402,75,0.67,ICU,2025-03-26,7,2025-04-02,18820.23,4,Home
A002192,P01402,75,0.67,Neurology,2025-06-26,15,2025-07-11,25435.03,7,Home
A003169,P01402,75,0.67,Cardiology,2025-09-12,4,2025-09-16,8394.59,5,Home Health Care
A004082,P01402,75,0.67,Cardiology,2025-10-22,4,2025-10-26,6637.6,7,Home Health Care
A006112,P01402,75,0.67,Neurology,2025-12-18,5,2025-12-23,7852.56,10,Skilled Nursing Facility
A006548,P01402,75,0.67,Emergency,2026-01-11,6,2026-01-17,4951.08,6,Home
A006810,P01402,75,0.67,Emergency,2026-01-25,6,2026-01-31,6732.69,5,Home
A007982,P01402,75,0.67,Emergency,2026-07-05,4,2026-07-09,4230.21,3,Home Health Care
A000308,P01403,41,0.501,Emergency,2025-02-15,4,2025-02-19,3793.26,11,Home
A001455,P01403,41,0.501,General Surgery,2025-09-24,2,2025-09-26,3730.77,4,Skilled Nursing Facility
A002373,P01403,41,0.501,Emergency,2025-11-23,7,2025-11-30,6598.66,9,Home
A000573,P01404,77,0.221,Neurology,2024-12-15,4,2024-12-19,6966.42,3,Home
A000703,P01404,77,0.221,ICU,2025-10-19,6,2025-10-25,16126.0,2,Skilled Nursing Facility
A003937,P01404,77,0.221,Cardiology,2025-11-14,2,2025-11-16,3646.75,7,Home Health Care
A004974,P01404,77,0.221,Emergency,2026-03-11,2,2026-03-13,2055.69,5,Home Health Care
A005177,P01404,77,0.221,Orthopedics,2026-07-15,4,2026-07-19,5732.34,5,Home Health Care
A000661,P01405,61,0.059,Neurology,2024-12-13,2,2024-12-15,2838.06,7,Against Medical Advice
A004181,P01405,61,0.059,Neurology,2025-04-16,1,2025-04-17,1422.97,0,Home
A005577,P01405,61,0.059,ICU,2025-05-29,2,2025-05-31,4881.59,5,Home
A008972,P01405,61,0.059,Emergency,2025-09-29,1,2025-09-30,1073.62,4,Home
A009519,P01405,61,0.059,Cardiology,2025-10-15,8,2025-10-23,17057.51,4,Home Health Care
A009552,P01405,61,0.059,ICU,2026-05-18,6,2026-05-24,14654.28,3,Skilled Nursing Facility
A000210,P01406,44,0.177,Neurology,2024-11-01,1,2024-11-02,1724.86,6,Skilled Nursing Facility
A004092,P01406,44,0.177,ICU,2024-11-16,3,2024-11-19,7590.81,4,Home
A004126,P01406,44,0.177,Emergency,2025-07-25,3,2025-07-28,3371.07,3,Home Health Care
A005082,P01406,44,0.177,Emergency,2025-08-20,5,2025-08-25,4338.02,6,Home
A005274,P01406,44,0.177,Neurology,2025-12-22,3,2025-12-25,4803.64,4,Home
A006362,P01406,44,0.177,Neurology,2026-07-13,8,2026-07-21,13274.02,4,Home
A002379,P01407,100,0.008,Emergency,2025-01-14,5,2025-01-19,5161.35,1,Home Health Care
A003734,P01407,100,0.008,General Surgery,2025-03-01,3,2025-03-04,4528.9,4,Skilled Nursing Facility
A005163,P01407,100,0.008,Neurology,2025-03-17,3,2025-03-20,4136.24,3,Home
A006670,P01407,100,0.008,ICU,2025-05-27,6,2025-06-02,15560.78,3,Home Health Care
A007724,P01407,100,0.008,ICU,2025-06-03,1,2025-06-04,2161.66,8,Home
A007939,P01407,100,0.008,Emergency,2025-06-15,2,2025-06-17,1689.99,1,Home
A008047,P01407,100,0.008,General Surgery,2025-08-13,5,2025-08-18,6693.56,0,Home
A008356,P01407,100,0.008,Emergency,2026-01-27,1,2026-01-28,886.07,6,Home
A008394,P01407,100,0.008,Emergency,2026-06-15,1,2026-06-16,1115.76,4,Home Health Care
A009219,P01407,100,0.008,ICU,2026-09-02,1,2026-09-03,3074.01,2,Skilled Nursing Facility
A000798,P01408,51,0.409,Emergency,2024-10-11,8,2024-10-19,7774.97,3,Home Health Care
A000995,P01408,51,0.409,General Surgery,2024-11-18,7,2024-11-25,12794.4,6,Home
A001926,P01408,51,0.409,Cardiology,2025-03-06,1,2025-03-07,1706.05,5,Home
A002519,P01408,51,0.409,ICU,2025-05-29,3,2025-06-01,8277.3,7,Home
A002568,P01408,51,0.409,Orthopedics,2026-08-11,17,2026-08-28,24317.74,8,Home Health Care
A003082,P01408,51,0.409,Emergency,2026-09-24,5,2026-09-29,5585.16,4,Skilled Nursing Facility
A000150,P01409,79,0.35,Orthopedics,2025-01-22,13,2025-02-04,17052.72,8,Home
A001022,P01409,79,0.35,Emergency,2025-02-12,2,2025-02-14,1610.54,6,Home
A002047,P01409,79,0.35,Cardiology,2025-12-27,2,2025-12-29,3791.64,3,Skilled Nursing Facility
A002164,P01409,79,0.35,ICU,2026-03-12,10,2026-03-22,24290.39,5,Home Health Care
A003297,P01409,79,0.35,Emergency,2026-06-27,1,2026-06-28,959.53,5,Home
A003418,P01409,79,0.35,Orthopedics,2026-08-18,1,2026-08-19,1580.69,2,Home
A004613,P01409,79,0.35,Emergency,2026-09-03,5,2026-09-08,4592.24,0,Home
A000114,P01410,68,0.357,ICU,2025-01-15,3,2025-01-18,8284.12,8,Home
A000869,P01410,68,0.357,General Surgery,2025-03-28,2,2025-03-30,2844.12,7,Home
A000903,P01410,68,0.357,Neurology,2025-09-11,5,2025-09-16,8085.07,3,Home
A001290,P01410,68,0.357,Emergency,2026-04-08,6,2026-04-14,6559.99,4,Skilled Nursing Facility
A003704,P01410,68,0.357,Cardiology,2026-06-26,2,2026-06-28,3118.67,5,Home
A005795,P01410,68,0.357,Emergency,2026-08-14,1,2026-08-15,996.43,4,Home
A001670,P01411,59,0.122,Neurology,2024-12-10,4,2024-12-14,4773.09,1,Home
A002241,P01411,59,0.122,Emergency,2025-02-19,3,2025-02-22,2483.61,5,Home
A002311,P01411,59,0.122,General Surgery,2025-03-10,3,2025-03-13,5549.73,3,Home
A002485,P01411,59,0.122,Emergency,2025-05-10,1,2025-05-11,773.36,2,Home
A002925,P01411,59,0.122,General Surgery,2025-12-02,6,2025-12-08,8065.45,2,Home
A004934,P01411,59,0.122,ICU,2026-01-12,1,2026-01-13,2206.62,6,Home
A007257,P01411,59,0.122,Neurology,2026-07-11,8,2026-07-19,10584.08,3,Home
A008416,P01411,59,0.122,Emergency,2026-08-14,1,2026-08-15,923.82,4,Home Health Care
A000063,P01412,48,0.536,Neurology,2024-12-03,1,2024-12-04,1328.15,4,Home
A000906,P01412,48,0.536,Cardiology,2025-01-13,1,2025-01-14,2102.16,7,Home
A004853,P01412,48,0.536,ICU,2025-09-26,3,2025-09-29,7066.4,5,Home
A000169,P01413,79,0.312,Emergency,2024-10-08,4,2024-10-12,3748.14,4,Home
A001169,P01413,79,0.312,Orthopedics,2025-12-09,12,2025-12-21,14265.33,5,Skilled Nursing Facility
A001427,P01413,79,0.312,Orthopedics,2026-08-22,1,2026-08-23,1432.81,3,Home Health Care
A000325,P01414,65,0.487,Emergency,2024-12-23,4,2024-12-27,3144.67,8,Home
A001582,P01414,65,0.487,Orthopedics,2025-03-10,4,2025-03-14,5387.11,6,Home
A002154,P01414,65,0.487,Cardiology,2025-06-27,7,2025-07-04,11360.31,6,Home Health Care
A002875,P01414,65,0.487,ICU,2025-07-20,10,2025-07-30,30889.38,5,Home
A003709,P01414,65,0.487,Cardiology,2025-10-17,7,2025-10-24,11708.41,8,Home
A004643,P01414,65,0.487,General Surgery,2026-06-02,7,2026-06-09,10594.27,6,Home
A005244,P01414,65,0.487,Emergency,2026-06-29,9,2026-07-08,8293.15,5,Home Health Care
A000432,P01415,57,0.372,General Surgery,2025-01-31,2,2025-02-02,3641.23,3,Home Health Care
A002891,P01415,57,0.372,Emergency,2025-05-16,2,2025-05-18,2000.06,5,Home
A003718,P01415,57,0.372,Emergency,2025-10-11,1,2025-10-12,1113.67,4,Home
A005887,P01415,57,0.372,Cardiology,2025-12-10,2,2025-12-12,3211.49,7,Against Medical Advice
A006454,P01415,57,0.372,Cardiology,2026-03-07,9,2026-03-16,17744.32,4,Home
A007261,P01415,57,0.372,General Surgery,2026-05-25,1,2026-05-26,1812.23,3,Home
A000698,P01416,56,0.312,ICU,2024-10-12,7,2024-10-19,21017.82,4,Home
A000805,P01416,56,0.312,Emergency,2024-12-30,4,2025-01-03,3721.46,2,Home
A001648,P01416,56,0.312,ICU,2025-01-14,4,2025-01-18,9452.86,7,Skilled Nursing Facility
A002275,P01416,56,0.312,ICU,2025-03-01,2,2025-03-03,5637.98,0,Home Health Care
A003793,P01416,56,0.312,Orthopedics,2025-05-29,2,2025-05-31,2704.66,5,Home
A004682,P01416,56,0.312,General Surgery,2026-04-30,5,2026-05-05,6944.9,3,Home
A005670,P01416,56,0.312,General Surgery,2026-05-10,1,2026-05-11,1304.78,3,Against Medical Advice
A006495,P01416,56,0.312,Emergency,2026-05-26,8,2026-06-03,7055.37,6,Home
A006570,P01416,56,0.312,Emergency,2026-06-26,5,2026-07-01,3994.34,9,Home
A001130,P01417,66,0.142,Emergency,2024-12-12,2,2024-12-14,1626.24,3,Skilled Nursing Facility
A001302,P01417,66,0.142,ICU,2025-02-14,2,2025-02-16,5091.02,6,Home
A003583,P01417,66,0.142,Emergency,2025-08-26,6,2025-09-01,5145.82,2,Skilled Nursing Facility
A003826,P01417,66,0.142,Emergency,2025-11-07,2,2025-11-09,1746.39,3,Home
A004993,P01417,66,0.142,Emergency,2025-12-01,6,2025-12-07,5115.14,3,Home Health Care
A005089,P01417,66,0.142,Emergency,2026-01-18,32,2026-02-19,27487.31,2,Home
A005720,P01417,66,0.142,Neurology,2026-07-01,6,2026-07-07,10416.34,2,Against Medical Advice
A005946,P01417,66,0.142,Orthopedics,2026-07-17,4,2026-07-21,6367.72,3,Home
A000484,P01418,84,0.374,ICU,2025-01-20,5,2025-01-25,14709.84,7,Skilled Nursing Facility
A001167,P01418,84,0.374,Orthopedics,2025-01-26,4,2025-01-30,6014.12,8,Home
A001882,P01418,84,0.374,Cardiology,2025-08-25,4,2025-08-29,7445.08,6,Home
A003364,P01418,84,0.374,Emergency,2025-12-04,12,2025-12-16,10948.55,3,Home Health Care
A004471,P01418,84,0.374,Emergency,2026-06-22,1,2026-06-23,951.57,4,Home
A000371,P01419,61,0.627,General Surgery,2025-01-17,6,2025-01-23,8321.44,11,Home
A000764,P01419,61,0.627,ICU,2025-03-21,15,2025-04-05,33273.67,8,Home
A001739,P01419,61,0.627,Emergency,2025-08-21,1,2025-08-22,961.15,12,Home
A002174,P01419,61,0.627,General Surgery,2026-03-09,15,2026-03-24,28115.4,4,Home
A005361,P01419,61,0.627,Neurology,2026-07-04,8,2026-07-12,11333.1,8,Home
A006263,P01419,61,0.627,Emergency,2026-08-30,8,2026-09-07,6396.54,9,Against Medical Advice
A000677,P01420,60,0.584,Cardiology,2024-10-03,12,2024-10-15,26100.01,10,Home Health Care
A002603,P01420,60,0.584,Neurology,2025-01-07,8,2025-01-15,12806.38,6,Home Health Care
A002999,P01420,60,0.584,ICU,2025-02-02,19,2025-02-21,53551.59,8,Skilled Nursing Facility
A003663,P01420,60,0.584,General Surgery,2025-03-08,2,2025-03-10,3189.23,7,Home
A003923,P01420,60,0.584,Emergency,2025-05-22,4,2025-05-26,3813.54,5,Home
A006294,P01420,60,0.584,ICU,2025-08-16,2,2025-08-18,5975.35,9,Home
A006891,P01420,60,0.584,Emergency,2025-11-02,14,2025-11-16,11563.34,9,Skilled Nursing Facility
A007067,P01420,60,0.584,Emergency,2026-01-04,10,2026-01-14,7755.54,3,Home
A007584,P01420,60,0.584,Emergency,2026-03-09,11,2026-03-20,11662.34,8,Home
A008064,P01420,60,0.584,Emergency,2026-03-23,2,2026-03-25,1586.5,7,Home
A008279,P01420,60,0.584,Emergency,2026-06-20,7,2026-06-27,6195.5,5,Home
A008288,P01420,60,0.584,Emergency,2026-08-14,1,2026-08-15,1097.13,12,Home
A002212,P01421,40,0.202,Neurology,2024-10-08,3,2024-10-11,5115.2,4,Home
A002641,P01421,40,0.202,Emergency,2024-12-09,1,2024-12-10,820.31,3,Home Health Care
A003790,P01421,40,0.202,Emergency,2025-04-09,2,2025-04-11,2013.67,2,Home Health Care
A004148,P01421,40,0.202,General Surgery,2025-09-18,1,2025-09-19,1558.25,4,Home Health Care
A001222,P01422,86,0.235,Emergency,2024-12-27,8,2025-01-04,8722.17,4,Skilled Nursing Facility
A001230,P01422,86,0.235,Emergency,2025-01-09,3,2025-01-12,2944.18,3,Skilled Nursing Facility
A001363,P01422,86,0.235,Orthopedics,2025-05-16,6,2025-05-22,7281.15,5,Home Health Care
A002504,P01422,86,0.235,Neurology,2026-01-19,4,2026-01-23,5641.3,7,Home Health Care
A003188,P01422,86,0.235,ICU,2026-02-08,9,2026-02-17,19547.12,3,Home
A004592,P01422,86,0.235,Neurology,2026-03-07,5,2026-03-12,6155.57,8,Skilled Nursing Facility
A004799,P01422,86,0.235,ICU,2026-03-27,4,2026-03-31,8778.54,6,Skilled Nursing Facility
A004952,P01422,86,0.235,ICU,2026-05-29,1,2026-05-30,2890.56,6,Skilled Nursing Facility
A004969,P01422,86,0.235,Emergency,2026-08-09,3,2026-08-12,3331.89,4,Home
A000841,P01423,80,0.354,Orthopedics,2024-12-06,2,2024-12-08,3155.92,7,Home Health Care
A001889,P01423,80,0.354,ICU,2025-04-17,11,2025-04-28,24592.65,6,Skilled Nursing Facility
A001992,P01423,80,0.354,Emergency,2025-05-21,5,2025-05-26,5292.03,6,Skilled Nursing Facility
A002622,P01423,80,0.354,Emergency,2025-11-30,2,2025-12-02,1852.01,10,Home
A004827,P01423,80,0.354,Emergency,2025-12-18,1,2025-12-19,1095.13,1,Home
A005297,P01423,80,0.354,Emergency,2026-03-07,1,2026-03-08,846.97,7,Against Medical Advice
A005479,P01423,80,0.354,Orthopedics,2026-05-12,1,2026-05-13,1401.98,8,Skilled Nursing Facility
A006107,P01423,80,0.354,General Surgery,2026-08-16,13,2026-08-29,22754.32,6,Home
A000411,P01424,24,0.419,Emergency,2024-10-13,5,2024-10-18,4278.78,6,Skilled Nursing Facility
A001553,P01424,24,0.419,Emergency,2025-03-04,2,2025-03-06,1858.26,10,Home
A002902,P01424,24,0.419,General Surgery,2025-10-01,2,2025-10-03,2820.15,2,Home
A005448,P01424,24,0.419,Cardiology,2025-10-05,1,2025-10-06,2093.32,5,Home
A000537,P01425,31,0.094,Emergency,2024-10-17,1,2024-10-18,1085.09,5,Against Medical Advice
A000845,P01425,31,0.094,Emergency,2024-11-11,1,2024-11-12,1090.08,2,Home
A001375,P01425,31,0.094,General Surgery,2024-11-19,3,2024-11-22,5492.54,6,Home Health Care
A001422,P01425,31,0.094,Emergency,2024-12-29,1,2024-12-30,1079.98,3,Home Health Care
A001908,P01425,31,0.094,General Surgery,2025-03-18,1,2025-03-19,1401.38,3,Skilled Nursing Facility
A002651,P01425,31,0.094,Cardiology,2025-04-02,2,2025-04-04,4241.35,1,Home
A002680,P01425,31,0.094,Emergency,2025-12-27,7,2026-01-03,7662.69,2,Home
A006948,P01425,31,0.094,Neurology,2026-03-13,1,2026-03-14,1678.14,3,Home Health Care
A008267,P01425,31,0.094,General Surgery,2026-05-18,3,2026-05-21,5237.38,4,Home
A002560,P01426,56,0.635,Emergency,2025-01-31,2,2025-02-02,1813.58,6,Skilled Nursing Facility
A005329,P01426,56,0.635,ICU,2025-02-03,10,2025-02-13,21886.9,7,Home
A006918,P01426,56,0.635,ICU,2025-03-07,3,2025-03-10,6691.97,10,Home Health Care
A007123,P01426,56,0.635,Orthopedics,2025-08-21,2,2025-08-23,2584.85,5,Home Health Care
A007854,P01426,56,0.635,Cardiology,2026-01-04,4,2026-01-08,7208.42,10,Home
A007980,P01426,56,0.635,Orthopedics,2026-01-23,2,2026-01-25,2480.65,6,Home
A008620,P01426,56,0.635,Neurology,2026-02-23,5,2026-02-28,7019.75,6,Skilled Nursing Facility
A009338,P01426,56,0.635,Orthopedics,2026-03-01,4,2026-03-05,6213.42,5,Home Health Care
A009362,P01426,56,0.635,Emergency,2026-09-01,3,2026-09-04,2829.58,2,Home
A001645,P01427,74,0.522,General Surgery,2024-12-31,10,2025-01-10,16150.8,2,Home
A003823,P01427,74,0.522,General Surgery,2025-04-27,5,2025-05-02,8170.31,8,Against Medical Advice
A003976,P01427,74,0.522,Emergency,2025-05-08,3,2025-05-11,2381.75,2,Skilled Nursing Facility
A006552,P01427,74,0.522,Emergency,2025-06-01,4,2025-06-05,4472.6,2,Home
A007475,P01427,74,0.522,General Surgery,2025-06-15,1,2025-06-16,1474.33,8,Home
A007607,P01427,74,0.522,Orthopedics,2025-09-23,7,2025-09-30,10938.61,5,Home
A008088,P01427,74,0.522,Cardiology,2025-11-04,5,2025-11-09,11028.58,8,Home
A008298,P01427,74,0.522,General Surgery,2025-12-26,1,2025-12-27,1296.87,8,Home Health Care
A009428,P01427,74,0.522,Emergency,2026-01-24,2,2026-01-26,1691.41,5,Home
A009570,P01427,74,0.522,Emergency,2026-02-02,3,2026-02-05,2903.89,9,Home Health Care
A009693,P01427,74,0.522,Neurology,2026-02-12,11,2026-02-23,16445.0,5,Home
A009694,P01427,74,0.522,Neurology,2026-09-02,5,2026-09-07,6841.4,7,Home Health Care
A000260,P01428,97,0.215,General Surgery,2025-01-20,1,2025-01-21,1460.96,7,Home
A002312,P01428,97,0.215,Emergency,2025-07-03,5,2025-07-08,4068.29,2,Home
A003799,P01428,97,0.215,Orthopedics,2025-08-12,4,2025-08-16,5029.43,4,Home Health Care
A004377,P01428,97,0.215,Emergency,2026-04-03,5,2026-04-08,4587.68,7,Home
A005338,P01428,97,0.215,General Surgery,2026-04-24,16,2026-05-10,25830.82,10,Skilled Nursing Facility
A005736,P01428,97,0.215,ICU,2026-05-19,1,2026-05-20,2871.23,5,Home
A007508,P01428,97,0.215,Neurology,2026-06-05,3,2026-06-08,3955.06,1,Home
A007621,P01429,17,0.822,ICU,2025-02-12,12,2025-02-24,33185.36,11,Skilled Nursing Facility
A007803,P01429,17,0.822,General Surgery,2025-03-03,3,2025-03-06,5059.55,3,Home
A008014,P01429,17,0.822,Neurology,2025-05-20,24,2025-06-13,36759.53,3,Home
A008252,P01429,17,0.822,Emergency,2025-08-29,6,2025-09-04,6027.09,11,Skilled Nursing Facility
A008690,P01429,17,0.822,Emergency,2025-09-06,11,2025-09-17,12366.76,14,Home
A009134,P01429,17,0.822,General Surgery,2025-09-28,16,2025-10-14,25141.35,9,Home
A009536,P01429,17,0.822,Neurology,2026-02-03,8,2026-02-11,10610.95,8,Skilled Nursing Facility
A009558,P01429,17,0.822,Cardiology,2026-02-18,6,2026-02-24,12062.81,9,Skilled Nursing Facility
A009676,P01429,17,0.822,Emergency,2026-05-21,4,2026-05-25,3851.6,8,Home
A009677,P01429,17,0.822,Emergency,2026-09-11,3,2026-09-14,2431.2,7,Home
A001593,P01430,61,0.124,ICU,2024-10-04,2,2024-10-06,5820.36,9,Home
A001620,P01430,61,0.124,Neurology,2024-12-02,3,2024-12-05,5069.59,6,Home
A002492,P01430,61,0.124,Emergency,2025-03-09,15,2025-03-24,13051.07,4,Against Medical Advice
A004031,P01430,61,0.124,Cardiology,2025-06-05,4,2025-06-09,6690.0,5,Home
A007608,P01430,61,0.124,Emergency,2025-10-27,2,2025-10-29,2070.47,2,Home
A000680,P01431,85,0.526,Emergency,2025-01-17,2,2025-01-19,2126.2,8,Against Medical Advice
A001757,P01431,85,0.526,Emergency,2025-02-06,5,2025-02-11,4239.05,3,Home
A003634,P01431,85,0.526,Emergency,2025-04-23,1,2025-04-24,973.78,7,Against Medical Advice
A003961,P01431,85,0.526,Emergency,2025-05-25,2,2025-05-27,1645.81,1,Home
A005349,P01431,85,0.526,Orthopedics,2025-07-31,15,2025-08-15,16598.51,7,Home
A006672,P01431,85,0.526,Neurology,2025-10-08,2,2025-10-10,3269.74,6,Home
A007580,P01431,85,0.526,Neurology,2025-12-12,3,2025-12-15,4651.27,7,Home
A008650,P01431,85,0.526,General Surgery,2026-07-28,4,2026-08-01,7227.88,3,Home
A000649,P01432,66,0.188,Orthopedics,2025-02-17,2,2025-02-19,3069.41,3,Home
A000867,P01432,66,0.188,General Surgery,2025-05-30,4,2025-06-03,7009.75,5,Home Health Care
A001637,P01432,66,0.188,Emergency,2025-08-24,12,2025-09-05,10988.2,7,Skilled Nursing Facility
A004280,P01432,66,0.188,Emergency,2025-09-25,4,2025-09-29,4326.83,4,Home
A005631,P01432,66,0.188,Cardiology,2026-04-10,2,2026-04-12,3071.1,3,Skilled Nursing Facility
A005888,P01432,66,0.188,Orthopedics,2026-06-18,2,2026-06-20,2459.09,3,Home
A007107,P01432,66,0.188,Cardiology,2026-08-10,5,2026-08-15,9094.32,3,Home
A001440,P01433,53,0.247,Orthopedics,2024-11-11,5,2024-11-16,7257.08,3,Home Health Care
A001442,P01433,53,0.247,Cardiology,2025-01-09,1,2025-01-10,2233.45,3,Home Health Care
A001592,P01433,53,0.247,Emergency,2025-04-26,12,2025-05-08,13367.14,5,Home Health Care
A002350,P01433,53,0.247,Neurology,2025-07-07,3,2025-07-10,4911.91,5,Home
A005091,P01433,53,0.247,General Surgery,2026-05-29,3,2026-06-01,3884.78,6,Home Health Care
A000593,P01434,57,0.09,General Surgery,2024-12-15,1,2024-12-16,1313.62,4,Home
A001004,P01434,57,0.09,Orthopedics,2025-05-02,3,2025-05-05,4598.34,3,Home
A002011,P01435,35,0.146,Emergency,2025-01-23,4,2025-01-27,4105.77,2,Skilled Nursing Facility
A004454,P01435,35,0.146,Emergency,2025-02-02,1,2025-02-03,911.54,2,Home
A004557,P01435,35,0.146,Neurology,2025-04-21,6,2025-04-27,9085.49,2,Home
A006707,P01435,35,0.146,Cardiology,2025-04-29,4,2025-05-03,6845.3,5,Home Health Care
A007340,P01435,35,0.146,Orthopedics,2025-11-22,2,2025-11-24,3241.58,3,Home Health Care
A008951,P01435,35,0.146,Orthopedics,2026-01-05,6,2026-01-11,7538.1,4,Home
A009470,P01435,35,0.146,Orthopedics,2026-07-30,7,2026-08-06,8552.47,6,Against Medical Advice
A001473,P01436,61,0.265,Orthopedics,2025-01-30,3,2025-02-02,4040.93,3,Home
A001733,P01436,61,0.265,ICU,2025-03-28,6,2025-04-03,13005.26,2,Home
A002053,P01436,61,0.265,Emergency,2025-05-13,10,2025-05-23,8366.93,7,Home Health Care
A004003,P01436,61,0.265,Orthopedics,2026-06-04,3,2026-06-07,4354.02,4,Home
A003470,P01437,69,0.391,Emergency,2024-11-01,1,2024-11-02,899.06,4,Home
A005061,P01437,69,0.391,Neurology,2025-03-17,15,2025-04-01,25298.17,5,Home Health Care
A005906,P01437,69,0.391,Emergency,2026-03-05,9,2026-03-14,8874.68,3,Home Health Care
A008080,P01437,69,0.391,Neurology,2026-04-18,6,2026-04-24,8005.61,7,Home
A001730,P01438,85,0.307,Emergency,2024-10-09,5,2024-10-14,4370.98,6,Home
A003510,P01438,85,0.307,Orthopedics,2025-01-28,1,2025-01-29,1448.54,8,Home
A003806,P01438,85,0.307,Cardiology,2025-03-05,4,2025-03-09,6609.18,10,Home
A004080,P01438,85,0.307,ICU,2025-07-26,7,2025-08-02,20528.03,7,Home
A004191,P01438,85,0.307,General Surgery,2025-12-11,4,2025-12-15,5247.4,4,Home
A006164,P01438,85,0.307,Orthopedics,2026-05-11,1,2026-05-12,1583.36,4,Home
A006251,P01438,85,0.307,Emergency,2026-06-11,2,2026-06-13,1719.29,4,Home
A006441,P01438,85,0.307,Emergency,2026-06-22,1,2026-06-23,901.27,4,Home
A006625,P01438,85,0.307,Neurology,2026-07-08,10,2026-07-18,15709.6,2,Home
A001239,P01439,50,0.094,Cardiology,2025-01-17,4,2025-01-21,7555.76,4,Home
A001635,P01439,50,0.094,Emergency,2025-05-21,6,2025-05-27,4875.46,1,Home
A003981,P01439,50,0.094,ICU,2026-01-01,2,2026-01-03,5887.04,4,Home
A006345,P01439,50,0.094,ICU,2026-03-13,2,2026-03-15,4808.7,4,Skilled Nursing Facility
A007484,P01439,50,0.094,Neurology,2026-05-02,2,2026-05-04,3176.74,0,Home
A000543,P01440,41,0.288,Emergency,2024-10-20,2,2024-10-22,1699.22,6,Home
A000667,P01440,41,0.288,Orthopedics,2024-10-30,1,2024-10-31,1304.14,3,Home
A002408,P01440,41,0.288,General Surgery,2025-02-16,4,2025-02-20,7024.66,3,Skilled Nursing Facility
A005711,P01440,41,0.288,ICU,2025-06-06,12,2025-06-18,25897.49,4,Skilled Nursing Facility
A006255,P01440,41,0.288,Emergency,2025-06-27,1,2025-06-28,909.17,3,Skilled Nursing Facility
A006774,P01440,41,0.288,ICU,2025-07-04,3,2025-07-07,6885.61,7,Home
A007702,P01440,41,0.288,Neurology,2025-08-21,4,2025-08-25,5402.47,5,Home
A008602,P01440,41,0.288,Emergency,2026-04-12,20,2026-05-02,16995.82,4,Home
A000211,P01441,81,0.36,Emergency,2024-12-20,3,2024-12-23,2474.01,6,Home Health Care
A002774,P01441,81,0.36,General Surgery,2025-03-18,5,2025-03-23,8774.98,2,Skilled Nursing Facility
A002870,P01441,81,0.36,ICU,2025-04-13,8,2025-04-21,23792.45,6,Against Medical Advice
A003649,P01441,81,0.36,Emergency,2025-07-08,2,2025-07-10,1885.79,6,Against Medical Advice
A004705,P01441,81,0.36,Emergency,2025-08-27,2,2025-08-29,2105.24,6,Home Health Care
A006041,P01441,81,0.36,Neurology,2026-02-07,2,2026-02-09,3297.42,5,Home Health Care
A006564,P01441,81,0.36,General Surgery,2026-04-25,3,2026-04-28,5303.39,8,Against Medical Advice
A007778,P01441,81,0.36,General Surgery,2026-06-09,11,2026-06-20,14499.98,8,Against Medical Advice
A007914,P01441,81,0.36,Neurology,2026-07-19,5,2026-07-24,6267.05,3,Home
A008057,P01441,81,0.36,Orthopedics,2026-09-09,1,2026-09-10,1595.63,3,Home
A000248,P01442,71,0.067,Emergency,2024-10-15,3,2024-10-18,2456.34,2,Home
A000769,P01442,71,0.067,ICU,2024-12-09,3,2024-12-12,7764.99,5,Skilled Nursing Facility
A001426,P01442,71,0.067,Neurology,2025-02-09,1,2025-02-10,1606.36,2,Home
A002454,P01442,71,0.067,General Surgery,2025-11-28,9,2025-12-07,14419.98,2,Home
A004967,P01442,71,0.067,Emergency,2026-03-22,5,2026-03-27,4368.2,6,Home
A005708,P01442,71,0.067,Emergency,2026-07-12,2,2026-07-14,2018.1,4,Home
A006838,P01442,71,0.067,ICU,2026-08-08,4,2026-08-12,9438.02,2,Home
A000613,P01443,56,0.114,Emergency,2025-01-31,2,2025-02-02,1881.73,6,Home
A002566,P01443,56,0.114,Orthopedics,2025-02-04,2,2025-02-06,2251.5,7,Home
A002596,P01443,56,0.114,ICU,2025-04-08,2,2025-04-10,6040.03,0,Skilled Nursing Facility
A003099,P01443,56,0.114,Cardiology,2025-07-25,6,2025-07-31,10332.75,5,Against Medical Advice
A004336,P01443,56,0.114,General Surgery,2025-08-05,3,2025-08-08,4682.82,3,Home
A004360,P01443,56,0.114,ICU,2026-02-04,4,2026-02-08,11121.12,6,Skilled Nursing Facility
A005907,P01443,56,0.114,General Surgery,2026-05-27,1,2026-05-28,1362.23,5,Home
A007707,P01443,56,0.114,ICU,2026-06-10,2,2026-06-12,4952.53,0,Home Health Care
A000026,P01444,60,0.333,Neurology,2024-11-07,1,2024-11-08,1367.12,3,Home Health Care
A000398,P01444,60,0.333,Emergency,2025-01-01,8,2025-01-09,6444.31,7,Home
A001052,P01444,60,0.333,Cardiology,2025-02-06,3,2025-02-09,4767.71,13,Home
A001110,P01444,60,0.333,Emergency,2025-10-17,10,2025-10-27,10348.64,5,Home
A001353,P01444,60,0.333,Orthopedics,2026-04-17,2,2026-04-19,2431.65,8,Home Health Care
A002887,P01444,60,0.333,Neurology,2026-06-26,2,2026-06-28,2400.8,3,Home
A002385,P01445,71,0.245,General Surgery,2024-10-04,2,2024-10-06,3021.98,2,Home
A002539,P01445,71,0.245,ICU,2024-10-17,10,2024-10-27,23494.27,3,Against Medical Advice
A006132,P01445,71,0.245,General Surgery,2025-03-15,7,2025-03-22,9977.26,3,Home
A007515,P01445,71,0.245,Emergency,2026-01-28,1,2026-01-29,802.21,3,Home
A000397,P01446,38,0.073,Cardiology,2024-11-26,1,2024-11-27,1535.98,5,Home
A000594,P01446,38,0.073,Emergency,2025-08-07,5,2025-08-12,4344.89,2,Skilled Nursing Facility
A001740,P01446,38,0.073,Emergency,2025-08-14,3,2025-08-17,2472.03,3,Home
A002211,P01446,38,0.073,Emergency,2025-09-23,4,2025-09-27,3499.5,1,Home Health Care
A002755,P01446,38,0.073,Orthopedics,2026-01-28,1,2026-01-29,1589.96,3,Home
A007708,P01446,38,0.073,Emergency,2026-02-25,4,2026-03-01,3458.07,5,Skilled Nursing Facility
A008840,P01446,38,0.073,Emergency,2026-03-16,7,2026-03-23,7773.78,8,Home
A009007,P01446,38,0.073,Neurology,2026-04-27,2,2026-04-29,2948.13,3,Home
A002233,P01447,56,0.688,ICU,2025-01-14,5,2025-01-19,13971.47,6,Home
A003571,P01447,56,0.688,Emergency,2025-03-31,10,2025-04-10,11235.2,8,Home
A003830,P01447,56,0.688,General Surgery,2025-06-19,10,2025-06-29,15595.33,5,Home Health Care
A003850,P01447,56,0.688,ICU,2026-05-01,7,2026-05-08,16331.85,5,Home
A003853,P01447,56,0.688,General Surgery,2026-06-10,22,2026-07-02,38471.69,3,Home Health Care
A006196,P01447,56,0.688,Emergency,2026-07-24,9,2026-08-02,7717.7,5,Home
A006699,P01447,56,0.688,Cardiology,2026-08-13,1,2026-08-14,1777.88,4,Skilled Nursing Facility
A006926,P01447,56,0.688,Neurology,2026-09-06,5,2026-09-11,8316.09,7,Home
A008069,P01447,56,0.688,Emergency,2026-09-24,6,2026-09-30,5866.66,10,Home
A001209,P01448,32,0.764,Orthopedics,2025-01-14,2,2025-01-16,2305.26,10,Skilled Nursing Facility
A001501,P01448,32,0.764,Cardiology,2025-06-08,4,2025-06-12,7810.52,10,Home
A002466,P01448,32,0.764,General Surgery,2025-11-28,10,2025-12-08,17446.96,6,Against Medical Advice
A004565,P01448,32,0.764,Cardiology,2025-12-25,16,2026-01-10,29293.61,8,Home
A005102,P01448,32,0.764,Neurology,2026-05-08,2,2026-05-10,3193.43,11,Home
A005375,P01448,32,0.764,General Surgery,2026-05-16,26,2026-06-11,38489.44,11,Home Health Care
A006159,P01448,32,0.764,Neurology,2026-07-26,2,2026-07-28,3009.55,6,Skilled Nursing Facility
A006609,P01448,32,0.764,ICU,2026-08-04,21,2026-08-25,60371.2,4,Home
A000405,P01449,70,0.29,Emergency,2025-02-05,11,2025-02-16,9654.26,6,Skilled Nursing Facility
A000602,P01449,70,0.29,Emergency,2025-09-02,2,2025-09-04,1762.9,3,Home Health Care
A003259,P01449,70,0.29,General Surgery,2026-01-02,3,2026-01-05,5219.28,5,Against Medical Advice
A006187,P01449,70,0.29,Emergency,2026-03-15,2,2026-03-17,1991.52,5,Home
A000872,P01450,63,0.173,Emergency,2025-02-04,1,2025-02-05,1120.87,4,Home
A005486,P01450,63,0.173,Emergency,2025-11-07,4,2025-11-11,3179.49,8,Skilled Nursing Facility
A006284,P01450,63,0.173,Orthopedics,2026-02-16,6,2026-02-22,8970.22,6,Home
A006475,P01450,63,0.173,General Surgery,2026-04-19,2,2026-04-21,2636.26,7,Home
A006537,P01450,63,0.173,General Surgery,2026-08-04,1,2026-08-05,1685.83,2,Home
A000263,P01451,62,0.354,ICU,2024-11-03,1,2024-11-04,2333.75,8,Home
A000295,P01451,62,0.354,Cardiology,2026-03-13,4,2026-03-17,6764.82,5,Home
A000100,P01452,77,0.469,Cardiology,2024-12-26,10,2025-01-05,19288.38,7,Skilled Nursing Facility
A002407,P01452,77,0.469,ICU,2025-04-15,8,2025-04-23,21656.25,7,Home
A005897,P01452,77,0.469,Cardiology,2025-04-30,4,2025-05-04,7990.14,7,Skilled Nursing Facility
A006105,P01452,77,0.469,General Surgery,2025-05-05,1,2025-05-06,1828.19,5,Home
A006904,P01452,77,0.469,Orthopedics,2025-08-06,2,2025-08-08,2565.11,5,Against Medical Advice
A007766,P01452,77,0.469,ICU,2025-09-12,8,2025-09-20,20542.9,6,Home
A008812,P01452,77,0.469,Neurology,2026-01-22,3,2026-01-25,4151.65,5,Home
A009182,P01452,77,0.469,Neurology,2026-02-04,10,2026-02-14,14185.45,3,Home
A001315,P01453,62,0.089,Emergency,2024-12-28,7,2025-01-04,5447.26,2,Home
A003220,P01453,62,0.089,Emergency,2025-10-24,8,2025-11-01,7802.68,4,Home
A005118,P01453,62,0.089,General Surgery,2026-04-12,6,2026-04-18,9053.08,2,Home Health Care
A005683,P01453,62,0.089,ICU,2026-06-20,10,2026-06-30,22208.61,4,Home
A003447,P01454,42,0.421,General Surgery,2024-12-05,1,2024-12-06,1542.02,7,Home
A006663,P01454,42,0.421,Emergency,2025-01-03,5,2025-01-08,5405.14,1,Home
A008485,P01454,42,0.421,Emergency,2025-01-17,3,2025-01-20,3305.02,7,Home
A008567,P01454,42,0.421,Emergency,2026-01-06,4,2026-01-10,3630.45,5,Home
A008626,P01454,42,0.421,ICU,2026-02-08,1,2026-02-09,2881.94,5,Home
A008662,P01454,42,0.421,Emergency,2026-04-05,10,2026-04-15,10803.2,9,Skilled Nursing Facility
A008703,P01454,42,0.421,Cardiology,2026-06-03,1,2026-06-04,2184.85,3,Skilled Nursing Facility
A001748,P01455,63,0.503,Emergency,2025-01-01,6,2025-01-07,5682.08,9,Home
A003706,P01455,63,0.503,Emergency,2025-04-04,4,2025-04-08,3119.64,3,Home
A006146,P01455,63,0.503,Emergency,2025-09-19,1,2025-09-20,992.01,6,Home Health Care
A006461,P01455,63,0.503,General Surgery,2026-02-03,2,2026-02-05,3565.52,4,Home Health Care
A007651,P01455,63,0.503,Orthopedics,2026-03-12,3,2026-03-15,4076.38,4,Home
A007861,P01455,63,0.503,Emergency,2026-07-15,7,2026-07-22,7347.6,5,Home
A008030,P01455,63,0.503,Emergency,2026-08-09,10,2026-08-19,9048.21,7,Home
A000884,P01456,27,0.365,General Surgery,2025-01-06,4,2025-01-10,7057.41,1,Home
A003288,P01456,27,0.365,General Surgery,2025-07-16,3,2025-07-19,4618.33,4,Home Health Care
A004029,P01456,27,0.365,General Surgery,2025-11-10,3,2025-11-13,4010.07,6,Home
A004689,P01456,27,0.365,General Surgery,2025-11-19,2,2025-11-21,3745.95,2,Home
A007444,P01456,27,0.365,Emergency,2025-12-03,2,2025-12-05,2010.58,8,Skilled Nursing Facility
A008303,P01456,27,0.365,Orthopedics,2026-02-07,2,2026-02-09,2559.42,5,Home
A008802,P01456,27,0.365,Neurology,2026-02-27,14,2026-03-13,21816.92,7,Home
A008808,P01456,27,0.365,Emergency,2026-05-27,3,2026-05-30,2707.13,6,Skilled Nursing Facility
A008887,P01456,27,0.365,ICU,2026-06-28,2,2026-06-30,4409.72,5,Skilled Nursing Facility
A000619,P01457,43,0.108,Emergency,2024-12-19,1,2024-12-20,941.05,8,Home Health Care
A001917,P01457,43,0.108,Emergency,2025-08-26,1,2025-08-27,906.2,5,Home
A002178,P01457,43,0.108,ICU,2025-11-02,1,2025-11-03,2835.67,2,Home
A002424,P01457,43,0.108,Emergency,2025-12-14,7,2025-12-21,5793.99,5,Home Health Care
A003067,P01457,43,0.108,Cardiology,2025-12-27,4,2025-12-31,8451.78,2,Home
A000389,P01458,74,0.168,ICU,2024-10-07,8,2024-10-15,24418.12,1,Skilled Nursing Facility
A000418,P01458,74,0.168,Emergency,2024-10-18,1,2024-10-19,1050.44,3,Home
A002474,P01458,74,0.168,General Surgery,2024-10-31,4,2024-11-04,7256.65,2,Home
A002722,P01458,74,0.168,Cardiology,2024-12-27,1,2024-12-28,1804.56,3,Skilled Nursing Facility
A003569,P01458,74,0.168,Emergency,2025-01-13,2,2025-01-15,1714.19,2,Home
A004115,P01458,74,0.168,Neurology,2025-04-05,2,2025-04-07,3320.7,3,Skilled Nursing Facility
A004263,P01458,74,0.168,General Surgery,2025-04-21,2,2025-04-23,2597.84,2,Home
A004311,P01458,74,0.168,Cardiology,2025-07-30,3,2025-08-02,4643.26,2,Home
A005700,P01458,74,0.168,Emergency,2025-10-03,16,2025-10-19,17678.41,2,Against Medical Advice
A005822,P01458,74,0.168,General Surgery,2025-11-19,1,2025-11-20,1305.71,5,Skilled Nursing Facility
A006974,P01458,74,0.168,Emergency,2025-12-12,5,2025-12-17,5578.91,4,Home
A007154,P01458,74,0.168,Emergency,2026-03-04,4,2026-03-08,4301.12,3,Home
A007923,P01458,74,0.168,ICU,2026-06-13,1,2026-06-14,2509.86,2,Home
A001364,P01459,30,0.27,General Surgery,2024-12-18,2,2024-12-20,3746.49,6,Home Health Care
A002594,P01459,30,0.27,General Surgery,2025-04-05,1,2025-04-06,1772.82,2,Skilled Nursing Facility
A003264,P01459,30,0.27,Emergency,2025-04-13,2,2025-04-15,1964.03,4,Home
A001693,P01460,72,0.131,General Surgery,2024-10-10,4,2024-10-14,5898.3,3,Skilled Nursing Facility
A002080,P01460,72,0.131,Neurology,2024-11-01,5,2024-11-06,7358.96,0,Home
A002458,P01460,72,0.131,Orthopedics,2025-04-03,2,2025-04-05,3213.54,1,Home
A003633,P01460,72,0.131,General Surgery,2026-08-09,4,2026-08-13,7088.74,3,Home
A000141,P01461,100,0.54,General Surgery,2024-12-17,16,2025-01-02,28150.76,6,Home
A003599,P01461,100,0.54,General Surgery,2026-03-02,6,2026-03-08,7908.83,5,Skilled Nursing Facility
A005945,P01461,100,0.54,Neurology,2026-05-05,4,2026-05-09,5145.98,5,Home
A007075,P01461,100,0.54,Emergency,2026-05-17,8,2026-05-25,7373.17,8,Home
A008367,P01461,100,0.54,Neurology,2026-07-12,5,2026-07-17,8383.53,4,Home
A009666,P01461,100,0.54,Emergency,2026-08-04,3,2026-08-07,3189.86,8,Home
A002827,P01462,57,0.155,Neurology,2024-10-18,5,2024-10-23,7561.77,3,Home
A006057,P01462,57,0.155,General Surgery,2024-12-23,1,2024-12-24,1699.89,7,Skilled Nursing Facility
A006198,P01462,57,0.155,Orthopedics,2025-04-05,3,2025-04-08,3848.63,7,Home
A006328,P01462,57,0.155,Neurology,2025-06-27,3,2025-06-30,4808.8,6,Home
A007446,P01462,57,0.155,General Surgery,2026-08-12,6,2026-08-18,9074.41,1,Home
A007614,P01462,57,0.155,ICU,2026-09-20,3,2026-09-23,7181.61,5,Home
A001273,P01463,43,0.362,ICU,2025-02-13,1,2025-02-14,2910.45,3,Home
A003280,P01463,43,0.362,Neurology,2025-09-20,3,2025-09-23,4549.14,10,Home
A001683,P01464,79,0.446,Emergency,2024-12-31,1,2025-01-01,843.68,9,Home Health Care
A001813,P01464,79,0.446,Cardiology,2025-04-11,2,2025-04-13,3246.6,4,Home
A002001,P01464,79,0.446,General Surgery,2026-06-05,2,2026-06-07,3353.38,6,Home
A001028,P01465,70,0.555,Emergency,2024-12-05,9,2024-12-14,9202.51,5,Home
A002356,P01465,70,0.555,Emergency,2025-02-22,3,2025-02-25,3338.8,6,Home Health Care
A005409,P01465,70,0.555,Orthopedics,2025-03-11,7,2025-03-18,8350.99,6,Home
A000048,P01466,56,0.162,Emergency,2024-11-27,1,2024-11-28,875.76,2,Home
A000581,P01466,56,0.162,General Surgery,2025-01-23,1,2025-01-24,1609.77,1,Home
A003062,P01466,56,0.162,Cardiology,2025-01-30,4,2025-02-03,7660.71,3,Home
A003833,P01466,56,0.162,Cardiology,2025-09-16,5,2025-09-21,9802.53,3,Skilled Nursing Facility
A006200,P01466,56,0.162,Neurology,2025-10-28,1,2025-10-29,1195.76,5,Home Health Care
A006319,P01466,56,0.162,ICU,2026-01-27,2,2026-01-29,6000.45,1,Home
A006651,P01466,56,0.162,Emergency,2026-06-01,14,2026-06-15,12271.13,7,Home Health Care
A007386,P01466,56,0.162,Neurology,2026-07-13,5,2026-07-18,6098.75,5,Home
A007845,P01466,56,0.162,Emergency,2026-08-06,18,2026-08-24,14954.5,1,Home
A000368,P01467,67,0.337,Neurology,2024-11-01,3,2024-11-04,3820.48,5,Home
A000723,P01467,67,0.337,Cardiology,2025-05-15,2,2025-05-17,3898.0,4,Home
A001661,P01467,67,0.337,Neurology,2026-06-23,5,2026-06-28,6621.77,6,Skilled Nursing Facility
A002189,P01467,67,0.337,Neurology,2026-08-06,1,2026-08-07,1596.21,4,Home
A004428,P01467,67,0.337,Emergency,2026-09-19,15,2026-10-04,11497.48,4,Home Health Care
A001330,P01468,40,0.338,Emergency,2024-12-18,1,2024-12-19,1040.61,7,Home Health Care
A002202,P01468,40,0.338,Emergency,2025-02-15,2,2025-02-17,2074.97,6,Home
A003953,P01468,40,0.338,General Surgery,2025-07-19,7,2025-07-26,9576.35,3,Home
A004027,P01468,40,0.338,Emergency,2026-01-29,4,2026-02-02,4346.02,4,Skilled Nursing Facility
A005535,P01468,40,0.338,Neurology,2026-06-11,2,2026-06-13,3171.4,5,Home
A001276,P01469,26,0.105,ICU,2024-10-14,1,2024-10-15,2890.8,5,Home
A001338,P01469,26,0.105,ICU,2025-11-06,2,2025-11-08,5239.68,8,Home
A003854,P01469,26,0.105,Orthopedics,2025-12-04,1,2025-12-05,1216.1,2,Home
A005974,P01469,26,0.105,Cardiology,2026-01-26,1,2026-01-27,2040.21,3,Home
A006912,P01469,26,0.105,Emergency,2026-08-08,2,2026-08-10,2059.26,3,Home
A000851,P01470,65,0.043,General Surgery,2024-10-30,1,2024-10-31,1656.0,4,Home
A001328,P01470,65,0.043,Emergency,2025-04-22,5,2025-04-27,4987.2,1,Skilled Nursing Facility
A004455,P01470,65,0.043,Emergency,2025-05-19,2,2025-05-21,1997.35,1,Home
A004975,P01470,65,0.043,Neurology,2026-06-10,1,2026-06-11,1376.7,3,Home Health Care
A001717,P01471,16,0.085,Neurology,2024-12-22,2,2024-12-24,3358.99,4,Skilled Nursing Facility
A005112,P01471,16,0.085,General Surgery,2025-01-10,9,2025-01-19,15887.92,5,Home
A005166,P01471,16,0.085,Emergency,2025-04-03,2,2025-04-05,2223.17,3,Against Medical Advice
A005918,P01471,16,0.085,Emergency,2025-10-26,3,2025-10-29,3014.63,4,Home
A007487,P01471,16,0.085,Emergency,2026-09-08,3,2026-09-11,2451.38,1,Against Medical Advice
A000092,P01472,93,0.599,Neurology,2024-12-12,1,2024-12-13,1740.31,7,Home
A002896,P01472,93,0.599,Neurology,2025-05-03,7,2025-05-10,8334.9,10,Skilled Nursing Facility
A003916,P01472,93,0.599,Emergency,2025-06-09,9,2025-06-18,9896.35,1,Against Medical Advice
A005569,P01472,93,0.599,Cardiology,2025-08-20,2,2025-08-22,4096.88,7,Home Health Care
A007007,P01472,93,0.599,Neurology,2025-11-15,1,2025-11-16,1426.91,9,Home
A007204,P01472,93,0.599,General Surgery,2026-01-19,2,2026-01-21,3019.22,7,Skilled Nursing Facility
A007544,P01472,93,0.599,Orthopedics,2026-02-10,7,2026-02-17,8649.29,4,Home
A008146,P01472,93,0.599,General Surgery,2026-02-24,25,2026-03-21,35043.39,7,Home
A008570,P01472,93,0.599,Orthopedics,2026-09-19,11,2026-09-30,16464.57,7,Skilled Nursing Facility
A000006,P01473,45,0.077,Cardiology,2025-01-02,1,2025-01-03,2195.75,1,Home
A001135,P01473,45,0.077,Emergency,2025-03-10,6,2025-03-16,5929.7,2,Home
A002139,P01473,45,0.077,General Surgery,2025-07-04,5,2025-07-09,8017.16,0,Home Health Care
A002688,P01473,45,0.077,Emergency,2025-11-21,1,2025-11-22,1076.75,1,Home Health Care
A004157,P01473,45,0.077,Neurology,2026-05-26,9,2026-06-04,13648.83,4,Home
A001435,P01474,65,0.191,Emergency,2024-10-27,6,2024-11-02,5512.66,1,Home
A001955,P01474,65,0.191,Neurology,2025-04-07,4,2025-04-11,6354.16,5,Home
A003014,P01474,65,0.191,Emergency,2025-05-01,4,2025-05-05,4177.57,5,Home
A004293,P01474,65,0.191,Emergency,2025-06-05,13,2025-06-18,12577.96,4,Home Health Care
A004706,P01474,65,0.191,General Surgery,2026-04-14,2,2026-04-16,3293.83,3,Home
A002814,P01475,66,0.639,Emergency,2024-10-15,6,2024-10-21,4896.29,10,Home
A003361,P01475,66,0.639,General Surgery,2024-12-25,4,2024-12-29,6835.38,5,Skilled Nursing Facility
A003922,P01475,66,0.639,General Surgery,2025-05-27,8,2025-06-04,10675.15,5,Home Health Care
A007960,P01475,66,0.639,ICU,2025-06-19,2,2025-06-21,5375.38,7,Home
A008442,P01475,66,0.639,Orthopedics,2025-07-05,3,2025-07-08,3631.16,7,Home
A008510,P01475,66,0.639,Emergency,2025-10-21,13,2025-11-03,12491.32,5,Home
A009184,P01475,66,0.639,Neurology,2025-11-18,2,2025-11-20,2612.13,7,Home
A009249,P01475,66,0.639,Neurology,2026-04-06,5,2026-04-11,6073.29,8,Against Medical Advice
A009505,P01475,66,0.639,Neurology,2026-05-05,2,2026-05-07,3407.05,9,Home
A000123,P01476,46,0.297,General Surgery,2024-12-12,3,2024-12-15,4092.82,4,Home Health Care
A000154,P01476,46,0.297,Orthopedics,2025-01-05,5,2025-01-10,6811.47,5,Skilled Nursing Facility
A000165,P01476,46,0.297,Emergency,2025-01-12,8,2025-01-20,7158.13,5,Skilled Nursing Facility
A000426,P01476,46,0.297,Neurology,2025-01-28,2,2025-01-30,3121.92,10,Home
A003798,P01476,46,0.297,Emergency,2025-08-26,2,2025-08-28,1613.04,2,Home
A004111,P01476,46,0.297,Emergency,2026-06-19,12,2026-07-01,9797.7,2,Home
A004664,P01476,46,0.297,Emergency,2026-08-10,10,2026-08-20,10582.38,4,Home Health Care
A000171,P01477,73,0.155,General Surgery,2025-02-14,1,2025-02-15,1691.4,3,Home
A006017,P01477,73,0.155,Orthopedics,2025-04-22,8,2025-04-30,10869.97,5,Home
A006128,P01477,73,0.155,ICU,2025-06-22,2,2025-06-24,5110.81,4,Home
A007494,P01478,40,0.134,Cardiology,2024-12-29,1,2024-12-30,1982.18,2,Home
A008361,P01478,40,0.134,ICU,2025-01-07,2,2025-01-09,4380.11,6,Skilled Nursing Facility
A008572,P01478,40,0.134,Emergency,2025-02-01,2,2025-02-03,1613.45,4,Home Health Care
A008600,P01478,40,0.134,Emergency,2025-03-01,3,2025-03-04,3000.65,4,Home
A000349,P01479,88,0.254,Orthopedics,2024-12-17,7,2024-12-24,9474.47,1,Home
A001196,P01479,88,0.254,ICU,2025-12-30,1,2025-12-31,2708.32,3,Skilled Nursing Facility
A002038,P01479,88,0.254,General Surgery,2026-01-06,11,2026-01-17,14315.39,4,Home
A002198,P01479,88,0.254,General Surgery,2026-01-28,7,2026-02-04,9319.69,5,Home
A003562,P01479,88,0.254,Neurology,2026-04-12,7,2026-04-19,11948.28,1,Home Health Care
A005594,P01480,52,0.571,General Surgery,2024-10-26,1,2024-10-27,1387.73,9,Home
A005674,P01480,52,0.571,Cardiology,2024-12-25,13,2025-01-07,22363.91,3,Home Health Care
A005785,P01480,52,0.571,General Surgery,2025-03-02,3,2025-03-05,5260.4,7,Home Health Care
A007321,P01480,52,0.571,ICU,2025-03-17,8,2025-03-25,18857.3,11,Home
A007742,P01480,52,0.571,ICU,2025-05-19,6,2025-05-25,15452.02,10,Home
A008116,P01480,52,0.571,General Surgery,2025-07-06,5,2025-07-11,8140.96,3,Home Health Care
A008781,P01480,52,0.571,Neurology,2025-08-16,12,2025-08-28,14331.97,3,Skilled Nursing Facility
A009035,P01480,52,0.571,Emergency,2025-10-15,2,2025-10-17,1910.7,6,Against Medical Advice
A009189,P01480,52,0.571,Emergency,2025-11-06,1,2025-11-07,1101.51,7,Home
A009200,P01480,52,0.571,Orthopedics,2025-12-26,3,2025-12-29,3547.67,10,Home Health Care
A009556,P01480,52,0.571,ICU,2026-01-30,3,2026-02-02,8040.76,6,Home Health Care
A009644,P01480,52,0.571,Emergency,2026-03-16,2,2026-03-18,1852.39,5,Home
A000188,P01481,59,0.448,Emergency,2025-02-05,1,2025-02-06,1102.36,3,Home
A000207,P01481,59,0.448,Orthopedics,2025-03-11,2,2025-03-13,2942.77,4,Home
A000280,P01481,59,0.448,Neurology,2025-03-15,1,2025-03-16,1250.57,11,Skilled Nursing Facility
A002115,P01481,59,0.448,Neurology,2025-03-19,9,2025-03-28,12785.36,7,Against Medical Advice
A003434,P01481,59,0.448,Neurology,2025-04-18,14,2025-05-02,17403.08,1,Home
A005547,P01481,59,0.448,Emergency,2025-05-16,12,2025-05-28,11937.2,6,Home
A005926,P01481,59,0.448,Cardiology,2025-08-29,7,2025-09-05,14604.5,7,Home Health Care
A007435,P01481,59,0.448,Neurology,2025-09-18,3,2025-09-21,3891.97,4,Home
A008027,P01481,59,0.448,Cardiology,2025-12-13,8,2025-12-21,16148.59,9,Home Health Care
A000300,P01482,76,0.117,General Surgery,2024-10-17,3,2024-10-20,5090.34,4,Against Medical Advice
A003222,P01482,76,0.117,ICU,2024-12-10,2,2024-12-12,5857.3,1,Home Health Care
A004075,P01482,76,0.117,Emergency,2025-03-05,3,2025-03-08,2736.45,2,Home Health Care
A007552,P01482,76,0.117,General Surgery,2025-04-02,3,2025-04-05,4530.62,1,Skilled Nursing Facility
A007807,P01482,76,0.117,Cardiology,2025-06-23,4,2025-06-27,6987.62,5,Skilled Nursing Facility
A008313,P01482,76,0.117,Neurology,2025-07-09,2,2025-07-11,2928.84,4,Home Health Care
A008597,P01482,76,0.117,General Surgery,2025-09-10,3,2025-09-13,3989.42,2,Home
A008799,P01482,76,0.117,Emergency,2025-09-15,2,2025-09-17,1870.83,0,Home
A001295,P01483,45,0.664,ICU,2025-01-10,7,2025-01-17,20596.06,7,Home
A001988,P01483,45,0.664,Cardiology,2025-07-06,5,2025-07-11,9946.24,12,Home
A000288,P01484,41,0.104,Orthopedics,2025-02-01,5,2025-02-06,7098.19,3,Home
A000830,P01484,41,0.104,General Surgery,2025-11-03,8,2025-11-11,13298.35,7,Home
A004385,P01484,41,0.104,Emergency,2026-01-29,2,2026-01-31,1912.94,7,Home
A006065,P01484,41,0.104,Neurology,2026-02-16,1,2026-02-17,1542.98,1,Home
A006349,P01484,41,0.104,Emergency,2026-07-18,11,2026-07-29,10970.56,5,Home Health Care
A000268,P01485,57,0.278,Emergency,2024-12-25,1,2024-12-26,1020.74,3,Home
A000271,P01485,57,0.278,Emergency,2025-03-15,5,2025-03-20,4161.14,5,Home
A002078,P01485,57,0.278,Emergency,2026-01-03,1,2026-01-04,959.41,7,Skilled Nursing Facility
A004391,P01485,57,0.278,Emergency,2026-02-28,10,2026-03-10,10593.22,7,Home Health Care
A000244,P01486,43,0.17,Emergency,2024-09-28,1,2024-09-29,778.6,3,Home
A003513,P01486,43,0.17,Neurology,2025-02-21,3,2025-02-24,4148.33,5,Home
A004604,P01486,43,0.17,Cardiology,2025-03-16,1,2025-03-17,1874.52,8,Home
A005109,P01486,43,0.17,Emergency,2025-09-07,1,2025-09-08,795.01,4,Home
A005679,P01486,43,0.17,Emergency,2025-09-20,2,2025-09-22,2034.44,6,Home Health Care
A007996,P01486,43,0.17,Emergency,2026-06-06,2,2026-06-08,2116.36,1,Home
A008592,P01486,43,0.17,Orthopedics,2026-06-25,8,2026-07-03,10557.8,5,Home
A009481,P01486,43,0.17,Emergency,2026-07-23,4,2026-07-27,4059.45,2,Home
A001841,P01487,36,0.407,Emergency,2024-12-25,4,2024-12-29,3602.91,9,Home
A006399,P01487,36,0.407,Emergency,2025-03-21,1,2025-03-22,791.45,9,Home
A006449,P01487,36,0.407,Emergency,2025-07-12,5,2025-07-17,5209.04,4,Home Health Care
A007222,P01487,36,0.407,Neurology,2025-08-29,1,2025-08-30,1592.9,9,Home
A007679,P01487,36,0.407,Emergency,2025-10-30,1,2025-10-31,919.11,7,Home
A007762,P01487,36,0.407,Cardiology,2025-12-05,5,2025-12-10,8196.8,3,Home
A008026,P01487,36,0.407,Neurology,2026-04-27,9,2026-05-06,14221.34,6,Home
A008108,P01487,36,0.407,Emergency,2026-06-27,14,2026-07-11,14870.02,9,Skilled Nursing Facility
A000064,P01488,66,0.167,Emergency,2024-12-12,4,2024-12-16,3601.35,8,Home
A000572,P01488,66,0.167,General Surgery,2025-07-01,1,2025-07-02,1530.77,4,Home
A000780,P01488,66,0.167,ICU,2025-07-25,1,2025-07-26,2128.65,5,Home
A002930,P01488,66,0.167,Emergency,2026-07-16,10,2026-07-26,10109.78,3,Home
A000160,P01489,50,0.191,ICU,2024-11-09,3,2024-11-12,8773.74,6,Home
A000803,P01489,50,0.191,Neurology,2025-02-17,1,2025-02-18,1741.79,3,Against Medical Advice
A002103,P01489,50,0.191,Orthopedics,2025-05-13,1,2025-05-14,1463.23,7,Home
A004353,P01489,50,0.191,Emergency,2025-07-26,3,2025-07-29,2991.25,4,Home
A000465,P01490,58,0.293,Emergency,2024-11-17,25,2024-12-12,20173.9,4,Home
A002731,P01490,58,0.293,Cardiology,2025-03-20,4,2025-03-24,8143.04,4,Home
A005022,P01490,58,0.293,Neurology,2025-05-13,7,2025-05-20,11794.36,4,Skilled Nursing Facility
A005059,P01490,58,0.293,Cardiology,2025-06-28,14,2025-07-12,29037.13,6,Home
A005768,P01490,58,0.293,ICU,2025-09-08,3,2025-09-11,7728.9,2,Home
A006361,P01490,58,0.293,Emergency,2026-03-21,3,2026-03-24,3205.82,2,Home
A006709,P01490,58,0.293,Emergency,2026-05-22,1,2026-05-23,1023.43,1,Home
A006724,P01490,58,0.293,Emergency,2026-09-09,5,2026-09-14,3894.66,1,Skilled Nursing Facility
A000874,P01491,48,0.388,Emergency,2024-12-20,2,2024-12-22,1776.58,5,Home
A002554,P01491,48,0.388,General Surgery,2025-02-11,6,2025-02-17,11087.74,7,Home Health Care
A002669,P01491,48,0.388,Cardiology,2025-10-23,2,2025-10-25,3791.02,5,Home
A002765,P01491,48,0.388,ICU,2025-11-15,5,2025-11-20,13219.47,2,Home
A004849,P01491,48,0.388,Orthopedics,2026-05-05,9,2026-05-14,13628.75,5,Home
A005392,P01491,48,0.388,General Surgery,2026-06-02,9,2026-06-11,16403.87,8,Home
A000363,P01492,82,0.462,Neurology,2025-01-26,20,2025-02-15,28722.32,5,Home Health Care
A000728,P01492,82,0.462,Emergency,2025-03-27,3,2025-03-30,3154.21,6,Home Health Care
A002375,P01492,82,0.462,Emergency,2025-06-10,15,2025-06-25,13937.56,8,Home
A005101,P01492,82,0.462,Orthopedics,2025-07-05,3,2025-07-08,3968.29,10,Home
A007792,P01492,82,0.462,General Surgery,2025-09-09,4,2025-09-13,6560.88,5,Home
A008239,P01492,82,0.462,Cardiology,2025-12-08,7,2025-12-15,14813.58,6,Home Health Care
A008307,P01492,82,0.462,Neurology,2026-02-04,5,2026-02-09,8203.3,6,Skilled Nursing Facility
A008785,P01492,82,0.462,Emergency,2026-07-21,18,2026-08-08,16349.15,6,Home
A003457,P01493,50,0.522,ICU,2024-11-12,15,2024-11-27,45877.37,7,Home
A004054,P01493,50,0.522,Cardiology,2024-12-14,2,2024-12-16,3588.27,6,Skilled Nursing Facility
A004176,P01493,50,0.522,ICU,2025-05-25,5,2025-05-30,13290.95,6,Home
A004212,P01493,50,0.522,Emergency,2025-10-23,11,2025-11-03,10109.29,9,Home
A005739,P01493,50,0.522,Emergency,2026-01-16,2,2026-01-18,2143.19,4,Home
A006365,P01493,50,0.522,Emergency,2026-08-26,3,2026-08-29,2919.42,12,Home
A000539,P01494,100,0.187,General Surgery,2024-11-20,1,2024-11-21,1488.85,4,Home
A002073,P01494,100,0.187,Emergency,2025-02-20,2,2025-02-22,1930.1,3,Skilled Nursing Facility
A008537,P01494,100,0.187,ICU,2025-05-01,6,2025-05-07,14178.07,4,Home Health Care
A008997,P01494,100,0.187,Cardiology,2025-08-01,1,2025-08-02,1608.42,5,Home Health Care
A009104,P01494,100,0.187,Orthopedics,2025-08-18,1,2025-08-19,1563.15,2,Home
A009342,P01494,100,0.187,Emergency,2025-08-22,6,2025-08-28,5105.7,3,Home
A009572,P01494,100,0.187,Neurology,2025-12-13,1,2025-12-14,1195.44,1,Home
A001039,P01495,49,0.515,Emergency,2024-10-29,11,2024-11-09,11404.51,10,Skilled Nursing Facility
A002314,P01495,49,0.515,Emergency,2024-12-28,1,2024-12-29,924.52,7,Skilled Nursing Facility
A002381,P01495,49,0.515,ICU,2025-02-03,2,2025-02-05,5014.59,6,Home Health Care
A005963,P01495,49,0.515,Emergency,2025-03-16,1,2025-03-17,1005.56,8,Home Health Care
A007167,P01495,49,0.515,Neurology,2025-12-08,5,2025-12-13,6517.23,8,Home
A008606,P01495,49,0.515,General Surgery,2026-02-17,10,2026-02-27,14683.23,7,Against Medical Advice
A009166,P01495,49,0.515,Neurology,2026-05-01,12,2026-05-13,18027.54,6,Skilled Nursing Facility
A009441,P01495,49,0.515,Emergency,2026-09-07,2,2026-09-09,1682.98,8,Home
A001215,P01496,37,0.517,General Surgery,2024-11-02,7,2024-11-09,12684.61,10,Home
A004168,P01496,37,0.517,Emergency,2024-12-27,4,2024-12-31,4379.11,7,Skilled Nursing Facility
A005360,P01496,37,0.517,Orthopedics,2025-06-30,1,2025-07-01,1110.31,3,Home
A007430,P01496,37,0.517,Emergency,2026-02-09,2,2026-02-11,2177.9,10,Home
A007686,P01496,37,0.517,Orthopedics,2026-06-12,8,2026-06-20,10114.53,6,Home
A007970,P01496,37,0.517,Neurology,2026-07-02,8,2026-07-10,13208.36,10,Home
A008115,P01496,37,0.517,General Surgery,2026-07-19,9,2026-07-28,16147.18,5,Home
A000753,P01497,52,0.489,Neurology,2024-10-13,1,2024-10-14,1672.89,6,Home
A000986,P01497,52,0.489,Orthopedics,2024-12-20,6,2024-12-26,6840.36,3,Home
A003201,P01497,52,0.489,General Surgery,2026-05-02,5,2026-05-07,8157.95,6,Skilled Nursing Facility
A000198,P01498,34,0.622,Neurology,2024-12-08,15,2024-12-23,26052.46,9,Home
A000683,P01498,34,0.622,General Surgery,2025-08-09,5,2025-08-14,8806.21,7,Home Health Care
A001526,P01498,34,0.622,General Surgery,2025-09-20,1,2025-09-21,1780.47,3,Home
A003883,P01498,34,0.622,Cardiology,2026-02-09,8,2026-02-17,14393.63,7,Home Health Care
A005464,P01498,34,0.622,General Surgery,2026-09-11,3,2026-09-14,4842.88,3,Skilled Nursing Facility
A007513,P01498,34,0.622,ICU,2026-09-22,3,2026-09-25,6848.08,10,Skilled Nursing Facility
A000504,P01499,76,0.056,Emergency,2024-10-19,3,2024-10-22,3082.14,3,Home
A001109,P01499,76,0.056,Cardiology,2024-12-12,9,2024-12-21,18825.72,2,Home
A002130,P01499,76,0.056,Emergency,2025-01-15,1,2025-01-16,810.94,4,Home
A002384,P01499,76,0.056,Orthopedics,2025-03-03,2,2025-03-05,2725.41,1,Home
A006975,P01499,76,0.056,ICU,2025-04-25,3,2025-04-28,8391.25,3,Home
A007390,P01499,76,0.056,Cardiology,2025-08-16,2,2025-08-18,3940.02,5,Against Medical Advice
A008159,P01499,76,0.056,Emergency,2025-08-28,1,2025-08-29,987.58,4,Home
A009371,P01499,76,0.056,Cardiology,2025-11-25,3,2025-11-28,4908.17,1,Home
A009462,P01499,76,0.056,Neurology,2026-01-17,18,2026-02-04,23617.11,2,Home
A009524,P01499,76,0.056,Neurology,2026-08-08,3,2026-08-11,4362.59,2,Home Health Care
